producto,categoria,proveedor,cantidad,precio_unitario,descuento,impuesto,fecha,canal_venta,pais,moneda
Tablet Plus,Oficina,FashionCorp,1,726.35,88.82,152.53,2024-07-27,Online,Alemania,EUR
Casco Bicicleta,Video,MegaStore,1,721.34,96.2,151.48,2024-08-01,Online,Italia,EUR
Refrigerador Mini,Audio,ProGear,3,1870.64,170.42,392.83,2024-01-28,Online,Italia,EUR
TV 55,Oficina,ProGear,4,940.31,130.13,197.47,2024-10-28,Tienda,Alemania,EUR
Gafas Sol,Video,HomePlus,4,844.78,96.01,177.4,2024-05-28,Distribuidor,Portugal,EUR
Smartwatch,Oficina,LogiTech,5,409.66,41.89,86.03,2024-03-24,Online,Francia,EUR
Auriculares Bluetooth,Video,MegaStore,4,388.51,22.65,81.59,2024-11-28,Online,Alemania,EUR
Pelota Fitness,Accesorios,HomePlus,4,1246.98,38.97,261.87,2024-11-18,Tienda,Portugal,EUR
Monitor 27,Hogar,SportWorld,4,288.81,38.02,60.65,2024-08-21,Tienda,España,EUR
Pelota Fitness,Accesorios,LogiTech,1,206.33,21.9,43.33,2024-11-10,Distribuidor,España,EUR
Pantalón Trekking,Moda,MegaStore,5,1388.81,47.05,291.65,2024-09-21,Distribuidor,Alemania,EUR
Ventilador Turbo,Accesorios,FashionCorp,3,487.56,27.25,102.39,2024-05-20,Distribuidor,Alemania,EUR
Teclado Mecánico,Video,Distribuciones Europa,5,357.98,50.84,75.18,2024-09-08,Online,España,EUR
Smartphone Mini,Deportes,MegaStore,1,950.0,10.76,199.5,2024-05-30,Distribuidor,Italia,EUR
Smartwatch,Electrónica,GlobalTech,1,1353.61,41.52,284.26,2024-10-04,Online,Portugal,EUR
TV 65,Accesorios,MegaStore,1,1847.35,20.23,387.94,2024-01-09,Distribuidor,Francia,EUR
Lámpara LED,Oficina,MegaStore,2,673.61,62.04,141.46,2024-11-06,Tienda,España,EUR
Gafas Sol,Deportes,HomePlus,3,230.59,8.64,48.42,2024-01-02,Distribuidor,Portugal,EUR
Impresora Laser,Electrónica,LogiTech,1,1741.68,146.99,365.75,2024-12-01,Online,Portugal,EUR
Teclado Mecánico,Deportes,MegaStore,1,1033.31,12.59,217.0,2024-01-02,Online,Francia,EUR
Laptop Pro,Video,Distribuciones Europa,2,753.0,30.79,158.13,2024-04-14,Tienda,Portugal,EUR
Webcam FullHD,Hogar,MegaStore,5,228.22,14.65,47.93,2024-08-22,Tienda,Francia,EUR
Barra de Sonido,Moda,ProGear,5,1019.86,99.5,214.17,2024-12-05,Tienda,España,EUR
Monitor 32,Moda,HomePlus,3,1099.89,45.99,230.98,2024-10-10,Online,Alemania,EUR
Laptop Air,Moda,ElectroMax,2,1254.44,100.09,263.43,2024-09-04,Tienda,Alemania,EUR
Webcam FullHD,Accesorios,TechCorp,5,361.5,11.62,75.91,2024-02-03,Online,Francia,EUR
Impresora Laser,Deportes,TechCorp,5,1496.16,17.34,314.19,2024-01-04,Tienda,Francia,EUR
TV 65,Hogar,MegaStore,5,206.35,28.11,43.33,2024-07-09,Tienda,Portugal,EUR
Refrigerador Mini,Audio,ProGear,1,1214.54,57.1,255.05,2024-09-14,Distribuidor,Francia,EUR
Webcam FullHD,Accesorios,Distribuciones Europa,5,340.12,20.31,71.43,2024-02-02,Tienda,Portugal,EUR
Escritorio Oficina,Video,Distribuciones Europa,4,401.31,40.16,84.28,2024-05-21,Distribuidor,Italia,EUR
Laptop Air,Oficina,MegaStore,5,828.81,20.48,174.05,2024-01-30,Tienda,España,EUR
Proyector HD,Hogar,Distribuciones Europa,2,60.36,5.38,12.68,2024-10-23,Online,Portugal,EUR
Lámpara LED,Electrónica,ProGear,2,499.8,37.73,104.96,2024-10-27,Online,Italia,EUR
Mochila Travel,Deportes,FashionCorp,3,519.21,70.62,109.03,2024-08-31,Distribuidor,España,EUR
Pelota Fitness,Video,Distribuciones Europa,5,129.07,13.39,27.1,2024-12-16,Online,Portugal,EUR
Zapatillas Running,Video,GlobalTech,2,1928.1,144.92,404.9,2024-11-04,Distribuidor,Alemania,EUR
Plancha Vapor,Video,ProGear,4,285.03,14.83,59.86,2024-10-10,Distribuidor,Italia,EUR
Tostadora,Oficina,HomePlus,3,1256.36,22.52,263.84,2024-02-14,Tienda,Alemania,EUR
Smartphone Mini,Video,GlobalTech,5,1264.98,68.42,265.65,2024-06-23,Online,Francia,EUR
SSD 1TB,Audio,FashionCorp,3,991.76,82.39,208.27,2024-04-09,Tienda,España,EUR
TV 55,Moda,HomePlus,3,406.57,20.32,85.38,2024-10-17,Tienda,Portugal,EUR
Monitor 27,Video,LogiTech,5,2119.08,4.98,445.01,2024-11-15,Online,Portugal,EUR
Cámara HD,Hogar,GlobalTech,2,767.91,50.28,161.26,2024-11-09,Tienda,Portugal,EUR
Zapatillas Running,Audio,MegaStore,2,230.67,27.48,48.44,2024-03-14,Tienda,Portugal,EUR
Router WiFi,Video,Distribuciones Europa,1,68.24,9.36,14.33,2024-04-20,Online,Italia,EUR
HDD 2TB,Oficina,LogiTech,4,1350.34,88.67,283.57,2024-12-11,Distribuidor,Alemania,EUR
SSD 1TB,Video,HomePlus,5,49.3,2.08,10.35,2024-10-12,Distribuidor,Portugal,EUR
Smartphone X,Accesorios,ElectroMax,1,437.55,59.51,91.89,2024-09-06,Distribuidor,España,EUR
Gafas Sol,Moda,SportWorld,1,877.33,54.01,184.24,2024-03-19,Distribuidor,Portugal,EUR
Mochila Travel,Accesorios,GlobalTech,5,616.39,1.92,129.44,2024-04-13,Tienda,Alemania,EUR
Cámara HD,Hogar,HomePlus,2,1583.46,133.49,332.53,2024-04-22,Distribuidor,Italia,EUR
Monitor 32,Moda,GlobalTech,3,1307.8,195.84,274.64,2024-05-28,Tienda,Francia,EUR
Teclado Mecánico,Oficina,Distribuciones Europa,4,866.88,96.64,182.04,2024-06-19,Tienda,Portugal,EUR
TV 55,Hogar,Distribuciones Europa,4,1279.05,37.27,268.6,2024-10-12,Tienda,España,EUR
Cámara HD,Accesorios,SportWorld,4,1774.72,185.48,372.69,2024-12-19,Distribuidor,Portugal,EUR
Casco Bicicleta,Deportes,FashionCorp,1,1462.27,208.55,307.08,2024-01-08,Online,Portugal,EUR
Gafas Sol,Accesorios,TechCorp,1,1786.73,217.54,375.21,2024-11-03,Distribuidor,Portugal,EUR
Guantes Gym,Moda,GlobalTech,3,1501.75,41.9,315.37,2024-09-22,Distribuidor,Francia,EUR
Zapatillas Running,Oficina,FashionCorp,3,843.89,19.99,177.22,2024-05-05,Tienda,Francia,EUR
Impresora Laser,Deportes,MegaStore,2,1718.2,5.31,360.82,2024-11-16,Tienda,Italia,EUR
Mouse Gamer,Accesorios,LogiTech,2,34.11,3.25,7.16,2024-05-11,Tienda,Portugal,EUR
Laptop Pro,Electrónica,HomePlus,4,781.34,34.06,164.08,2024-08-02,Online,España,EUR
Guantes Gym,Accesorios,ProGear,5,1622.74,137.4,340.78,2024-11-13,Distribuidor,Alemania,EUR
Laptop Air,Deportes,TechCorp,4,1244.78,23.29,261.4,2024-03-08,Distribuidor,Portugal,EUR
Gafas Sol,Audio,FashionCorp,2,361.02,8.97,75.81,2024-02-15,Online,Francia,EUR
Laptop Pro,Electrónica,FashionCorp,5,277.83,32.95,58.34,2024-12-27,Distribuidor,España,EUR
Microfono Pro,Hogar,ProGear,4,1289.34,153.33,270.76,2024-04-29,Online,Italia,EUR
Proyector HD,Moda,FashionCorp,3,469.75,61.98,98.65,2024-08-16,Tienda,Francia,EUR
Mouse Gamer,Hogar,GlobalTech,5,99.14,11.87,20.82,2024-08-16,Distribuidor,Italia,EUR
Laptop Pro,Video,FashionCorp,3,103.62,0.64,21.76,2024-05-21,Online,España,EUR
Guantes Gym,Video,HomePlus,1,713.04,81.75,149.74,2024-04-25,Tienda,España,EUR
Pantalón Trekking,Electrónica,FashionCorp,2,1072.3,0.06,225.18,2024-08-12,Distribuidor,Francia,EUR
SSD 1TB,Audio,LogiTech,1,428.52,47.82,89.99,2024-04-24,Distribuidor,Portugal,EUR
Plancha Vapor,Moda,TechCorp,2,123.33,4.54,25.9,2024-05-01,Online,España,EUR
Memoria RAM 16GB,Deportes,Distribuciones Europa,5,20.42,2.64,4.29,2024-02-04,Online,España,EUR
SSD 1TB,Accesorios,Distribuciones Europa,1,921.96,108.05,193.61,2024-10-12,Online,Portugal,EUR
HDD 2TB,Oficina,FashionCorp,1,344.41,44.48,72.33,2024-03-11,Tienda,Francia,EUR
PowerBank 20k,Video,Distribuciones Europa,4,1067.48,72.19,224.17,2024-08-14,Tienda,Alemania,EUR
Laptop Air,Accesorios,TechCorp,2,260.44,1.95,54.69,2024-09-11,Distribuidor,Francia,EUR
Impresora Laser,Hogar,ProGear,4,1270.78,95.78,266.86,2024-12-22,Distribuidor,Francia,EUR
TV 65,Moda,Distribuciones Europa,5,291.09,25.54,61.13,2024-05-20,Online,Alemania,EUR
Auriculares Bluetooth,Accesorios,Distribuciones Europa,4,223.51,22.63,46.94,2024-08-21,Tienda,Portugal,EUR
Mouse Gamer,Oficina,Distribuciones Europa,2,1476.36,183.88,310.04,2024-10-31,Online,España,EUR
Smartphone Mini,Accesorios,SportWorld,5,1440.64,51.09,302.53,2024-10-20,Tienda,Italia,EUR
TV 55,Hogar,MegaStore,5,390.79,55.5,82.07,2024-06-12,Online,Portugal,EUR
TV 55,Deportes,ElectroMax,5,45.84,0.6,9.63,2024-12-22,Tienda,Alemania,EUR
Gafas Sol,Oficina,GlobalTech,1,1396.72,168.38,293.31,2024-02-17,Distribuidor,Alemania,EUR
Colchoneta Yoga,Accesorios,FashionCorp,4,1340.69,54.35,281.54,2024-03-30,Online,Alemania,EUR
Escritorio Oficina,Electrónica,GlobalTech,2,1595.76,56.01,335.11,2024-01-03,Tienda,España,EUR
Casco Bicicleta,Accesorios,LogiTech,5,58.55,1.17,12.3,2024-03-26,Distribuidor,Italia,EUR
Smartphone X,Oficina,ElectroMax,5,629.94,52.25,132.29,2024-08-09,Tienda,Francia,EUR
Teclado Mecánico,Moda,ProGear,1,430.29,59.89,90.36,2024-06-12,Tienda,España,EUR
Router WiFi,Electrónica,TechCorp,4,697.16,43.36,146.4,2024-10-07,Tienda,España,EUR
Plancha Vapor,Moda,FashionCorp,1,419.6,34.87,88.12,2024-04-26,Distribuidor,Italia,EUR
Pelota Fitness,Hogar,TechCorp,2,1017.86,112.77,213.75,2024-10-06,Online,España,EUR
Aspiradora Robot,Electrónica,Distribuciones Europa,4,1135.91,82.65,238.54,2024-08-09,Distribuidor,Portugal,EUR
Set Mancuernas,Oficina,LogiTech,2,1607.76,232.37,337.63,2024-11-07,Distribuidor,España,EUR
Webcam FullHD,Moda,MegaStore,2,154.76,18.02,32.5,2024-08-13,Online,Italia,EUR
Plancha Vapor,Hogar,HomePlus,2,153.7,5.25,32.28,2024-01-12,Distribuidor,Alemania,EUR
Smartphone X,Audio,GlobalTech,3,15.87,0.9,3.33,2024-11-23,Tienda,España,EUR
Router WiFi,Moda,LogiTech,5,1255.33,103.95,263.62,2024-08-03,Online,Portugal,EUR
Plancha Vapor,Accesorios,ProGear,1,885.29,87.17,185.91,2024-07-07,Online,Italia,EUR
Cargador USB-C,Electrónica,ElectroMax,3,1600.61,127.71,336.13,2024-04-11,Online,Italia,EUR
Ventilador Turbo,Deportes,LogiTech,4,1259.61,2.75,264.52,2024-01-27,Distribuidor,Italia,EUR
Pantalón Trekking,Accesorios,FashionCorp,1,699.89,4.56,146.98,2024-10-15,Distribuidor,Francia,EUR
Casco Bicicleta,Moda,GlobalTech,2,1292.57,9.32,271.44,2024-04-30,Distribuidor,España,EUR
Plancha Vapor,Oficina,SportWorld,3,813.92,85.21,170.92,2024-05-04,Tienda,Francia,EUR
Pantalón Trekking,Accesorios,FashionCorp,2,1463.08,31.38,307.25,2024-03-29,Online,Portugal,EUR
Cafetera Automática,Electrónica,SportWorld,5,858.08,29.09,180.2,2024-02-01,Tienda,Italia,EUR
Webcam FullHD,Audio,MegaStore,1,580.1,83.08,121.82,2024-05-14,Tienda,Alemania,EUR
Reloj Deportivo,Electrónica,GlobalTech,3,490.41,12.34,102.99,2024-07-11,Online,Portugal,EUR
Router WiFi,Video,ProGear,3,1760.84,212.56,369.78,2024-12-22,Distribuidor,Alemania,EUR
Escritorio Oficina,Moda,TechCorp,2,733.31,55.73,154.0,2024-07-10,Distribuidor,España,EUR
Reloj Deportivo,Electrónica,FashionCorp,2,915.25,33.4,192.2,2024-08-04,Tienda,Italia,EUR
Refrigerador Mini,Oficina,FashionCorp,5,769.08,9.58,161.51,2024-02-19,Distribuidor,Portugal,EUR
Impresora Laser,Oficina,FashionCorp,2,1622.25,224.88,340.67,2024-09-26,Online,España,EUR
Smartwatch,Video,MegaStore,4,1955.11,31.66,410.57,2024-12-16,Distribuidor,Francia,EUR
Cafetera Automática,Hogar,FashionCorp,1,285.79,10.4,60.02,2024-05-12,Online,Portugal,EUR
Altavoz Bluetooth,Video,Distribuciones Europa,5,543.61,27.31,114.16,2024-05-12,Distribuidor,Portugal,EUR
Monitor 32,Oficina,MegaStore,3,452.32,9.38,94.99,2024-08-08,Online,España,EUR
Teclado Mecánico,Video,ProGear,1,61.67,3.52,12.95,2024-04-02,Online,Italia,EUR
Mouse Gamer,Oficina,GlobalTech,3,1516.4,86.31,318.44,2024-03-30,Tienda,Alemania,EUR
Smartphone X,Oficina,FashionCorp,1,116.63,3.11,24.49,2024-07-30,Online,Portugal,EUR
Mochila Travel,Deportes,MegaStore,4,1023.85,16.34,215.01,2024-02-21,Online,Portugal,EUR
Aspiradora Robot,Oficina,SportWorld,3,306.49,2.37,64.36,2024-10-08,Online,Francia,EUR
Batidora Pro,Hogar,SportWorld,3,29.35,1.35,6.16,2024-09-20,Distribuidor,Alemania,EUR
Batidora Pro,Electrónica,FashionCorp,5,1032.66,52.03,216.86,2024-03-09,Distribuidor,Francia,EUR
SSD 1TB,Moda,TechCorp,1,851.13,64.03,178.74,2024-11-23,Distribuidor,Francia,EUR
Teclado Mecánico,Oficina,ProGear,5,1354.14,0.03,284.37,2024-05-16,Tienda,Portugal,EUR
Webcam FullHD,Video,Distribuciones Europa,1,320.18,44.05,67.24,2024-06-14,Online,Italia,EUR
Refrigerador Mini,Oficina,ElectroMax,3,440.9,48.0,92.59,2024-07-04,Online,Portugal,EUR
Teclado Mecánico,Oficina,TechCorp,4,1254.62,69.34,263.47,2024-06-29,Online,Portugal,EUR
Tablet Plus,Accesorios,SportWorld,1,857.4,17.62,180.05,2024-04-09,Online,Portugal,EUR
Silla Gamer,Moda,Distribuciones Europa,3,157.51,6.84,33.08,2024-01-31,Tienda,Francia,EUR
Lámpara LED,Moda,Distribuciones Europa,3,399.49,33.67,83.89,2024-03-10,Distribuidor,Italia,EUR
Batidora Pro,Oficina,FashionCorp,4,24.22,0.35,5.09,2024-04-01,Distribuidor,España,EUR
Auriculares Bluetooth,Accesorios,SportWorld,4,752.56,75.57,158.04,2024-12-02,Online,España,EUR
Auriculares Bluetooth,Moda,ProGear,2,177.31,8.95,37.24,2024-02-18,Tienda,España,EUR
PowerBank 20k,Deportes,ElectroMax,2,583.92,37.99,122.62,2024-06-03,Distribuidor,Portugal,EUR
Monitor 32,Deportes,ElectroMax,2,157.43,16.05,33.06,2024-01-06,Tienda,España,EUR
Cargador USB-C,Audio,LogiTech,1,637.66,60.47,133.91,2024-09-27,Online,Alemania,EUR
Mouse Gamer,Video,HomePlus,2,116.68,4.08,24.5,2024-03-30,Tienda,Alemania,EUR
Monitor 32,Electrónica,TechCorp,1,1158.8,48.93,243.35,2024-09-17,Online,Portugal,EUR
Memoria RAM 16GB,Deportes,FashionCorp,5,473.84,1.33,99.51,2024-04-14,Distribuidor,Portugal,EUR
Webcam FullHD,Electrónica,ProGear,4,1627.92,37.33,341.86,2024-12-29,Online,Portugal,EUR
Casco Bicicleta,Audio,SportWorld,2,548.45,20.67,115.17,2024-06-04,Distribuidor,España,EUR
TV 55,Accesorios,FashionCorp,1,1609.77,12.55,338.05,2024-11-19,Tienda,Portugal,EUR
PowerBank 20k,Deportes,TechCorp,5,1397.84,0.15,293.55,2024-05-21,Distribuidor,España,EUR
Drone Mini,Deportes,HomePlus,5,814.74,68.97,171.1,2024-11-21,Online,Francia,EUR
Guantes Gym,Audio,SportWorld,3,703.71,12.19,147.78,2024-12-12,Online,Francia,EUR
Teclado Mecánico,Electrónica,TechCorp,3,524.25,60.99,110.09,2024-01-20,Distribuidor,España,EUR
Tablet Plus,Oficina,MegaStore,4,1058.39,109.88,222.26,2024-12-20,Distribuidor,Alemania,EUR
HDD 2TB,Video,Distribuciones Europa,2,762.25,42.07,160.07,2024-02-16,Tienda,Alemania,EUR
Router WiFi,Video,ElectroMax,5,970.75,96.95,203.86,2024-08-13,Online,España,EUR
Mouse Gamer,Video,LogiTech,2,965.16,1.82,202.68,2024-03-09,Online,Italia,EUR
Aspiradora Robot,Video,LogiTech,1,152.17,1.48,31.96,2024-05-04,Tienda,Italia,EUR
Smartwatch,Moda,HomePlus,5,1305.66,54.05,274.19,2024-02-19,Tienda,Francia,EUR
Ventilador Turbo,Moda,GlobalTech,5,898.2,11.17,188.62,2024-07-24,Tienda,Alemania,EUR
Lámpara LED,Oficina,LogiTech,2,1125.08,115.32,236.27,2024-08-14,Online,Francia,EUR
Plancha Vapor,Accesorios,ProGear,2,1207.68,164.13,253.61,2024-09-28,Distribuidor,España,EUR
Cargador USB-C,Moda,TechCorp,3,205.67,3.02,43.19,2024-07-14,Distribuidor,Italia,EUR
Tablet Plus,Accesorios,TechCorp,2,493.44,4.44,103.62,2024-11-06,Online,Portugal,EUR
PowerBank 20k,Electrónica,ProGear,4,797.97,1.43,167.57,2024-10-19,Online,Francia,EUR
Smartphone Mini,Video,ElectroMax,3,168.57,17.24,35.4,2024-06-16,Distribuidor,Italia,EUR
Auriculares Bluetooth,Oficina,Distribuciones Europa,1,829.14,50.18,174.12,2024-07-04,Distribuidor,Alemania,EUR
Aspiradora Robot,Accesorios,ElectroMax,3,1010.09,49.73,212.12,2024-08-24,Distribuidor,Alemania,EUR
Tablet Plus,Accesorios,ProGear,1,345.21,46.05,72.49,2024-10-02,Distribuidor,Portugal,EUR
Pelota Fitness,Audio,ProGear,5,1648.91,195.26,346.27,2024-04-29,Online,Francia,EUR
Auriculares Bluetooth,Hogar,GlobalTech,2,983.03,37.49,206.44,2024-06-06,Distribuidor,Alemania,EUR
Set Mancuernas,Hogar,LogiTech,3,207.73,23.0,43.62,2024-02-04,Tienda,Italia,EUR
Impresora Laser,Hogar,ProGear,4,1193.28,106.44,250.59,2024-12-09,Online,Portugal,EUR
SSD 1TB,Electrónica,ProGear,2,477.24,32.31,100.22,2024-06-15,Tienda,Francia,EUR
Impresora Laser,Deportes,HomePlus,4,651.99,55.02,136.92,2024-12-27,Tienda,Portugal,EUR
Cafetera Automática,Audio,ElectroMax,3,566.76,84.48,119.02,2024-06-26,Tienda,Italia,EUR
Webcam FullHD,Oficina,Distribuciones Europa,2,130.06,14.4,27.31,2024-01-29,Tienda,Alemania,EUR
Silla Gamer,Electrónica,TechCorp,5,658.38,4.12,138.26,2024-01-14,Online,Francia,EUR
Set Mancuernas,Oficina,SportWorld,3,422.82,60.94,88.79,2024-06-04,Tienda,Alemania,EUR
Batidora Pro,Moda,FashionCorp,5,732.03,92.79,153.73,2024-12-15,Online,Alemania,EUR
TV 65,Moda,SportWorld,1,1293.94,165.47,271.73,2024-05-19,Distribuidor,Portugal,EUR
Cámara HD,Moda,GlobalTech,1,1082.06,71.92,227.23,2024-06-01,Distribuidor,Portugal,EUR
Set Mancuernas,Accesorios,ProGear,2,258.36,18.65,54.26,2024-03-24,Distribuidor,Italia,EUR
Cámara HD,Moda,ProGear,4,136.05,13.25,28.57,2024-10-03,Online,Portugal,EUR
Microfono Pro,Hogar,TechCorp,5,369.63,46.91,77.62,2024-11-15,Tienda,Portugal,EUR
Barra de Sonido,Electrónica,FashionCorp,5,1343.09,34.6,282.05,2024-11-10,Tienda,España,EUR
Batidora Pro,Oficina,TechCorp,5,673.43,24.16,141.42,2024-10-11,Distribuidor,Italia,EUR
Pantalón Trekking,Electrónica,ElectroMax,2,221.27,28.29,46.47,2024-10-20,Distribuidor,Alemania,EUR
TV 55,Accesorios,FashionCorp,4,334.75,39.63,70.3,2024-07-27,Distribuidor,Portugal,EUR
Cafetera Automática,Moda,MegaStore,3,113.18,11.36,23.77,2024-03-07,Online,Alemania,EUR
Monitor 32,Accesorios,MegaStore,4,1220.54,44.72,256.31,2024-05-18,Tienda,España,EUR
Mochila Travel,Hogar,SportWorld,5,736.12,50.65,154.59,2024-10-25,Online,Alemania,EUR
Smartwatch,Electrónica,Distribuciones Europa,4,861.98,106.12,181.02,2024-12-26,Distribuidor,Francia,EUR
Escritorio Oficina,Oficina,LogiTech,2,1744.76,130.47,366.4,2024-01-25,Tienda,Francia,EUR
Laptop Air,Video,FashionCorp,1,796.13,37.1,167.19,2024-09-08,Distribuidor,Alemania,EUR
Webcam FullHD,Oficina,ElectroMax,5,252.78,31.74,53.08,2024-06-18,Distribuidor,Francia,EUR
Escritorio Oficina,Oficina,LogiTech,1,1630.76,23.71,342.46,2024-04-21,Online,Alemania,EUR
Casco Bicicleta,Video,ElectroMax,2,1259.62,83.27,264.52,2024-07-30,Tienda,Francia,EUR
Smartphone X,Deportes,HomePlus,3,161.8,10.59,33.98,2024-08-26,Tienda,Francia,EUR
Aspiradora Robot,Hogar,TechCorp,5,666.82,70.94,140.03,2024-05-24,Tienda,Alemania,EUR
Pelota Fitness,Video,GlobalTech,3,665.68,33.69,139.79,2024-09-08,Distribuidor,Portugal,EUR
Barra de Sonido,Moda,MegaStore,2,998.5,127.08,209.69,2024-08-12,Distribuidor,España,EUR
Cámara HD,Oficina,MegaStore,1,523.37,23.87,109.91,2024-03-03,Online,España,EUR
Chaqueta Invierno,Video,TechCorp,4,1206.32,177.05,253.33,2024-12-11,Tienda,Portugal,EUR
HDD 2TB,Electrónica,GlobalTech,1,263.27,32.76,55.29,2024-10-28,Online,Italia,EUR
Microfono Pro,Electrónica,Distribuciones Europa,3,1295.53,106.35,272.06,2024-02-19,Distribuidor,Italia,EUR
Escritorio Oficina,Deportes,LogiTech,5,1235.78,41.48,259.51,2024-09-20,Online,Portugal,EUR
Gafas Sol,Audio,ProGear,4,526.0,11.18,110.46,2024-07-20,Online,Portugal,EUR
SSD 1TB,Hogar,ProGear,3,396.58,54.48,83.28,2024-05-03,Online,Francia,EUR
SSD 1TB,Audio,HomePlus,1,953.39,38.02,200.21,2024-04-17,Online,España,EUR
Colchoneta Yoga,Electrónica,ElectroMax,2,1077.0,13.52,226.17,2024-02-18,Distribuidor,España,EUR
Microfono Pro,Electrónica,MegaStore,3,125.32,10.86,26.32,2024-01-31,Distribuidor,Italia,EUR
Smartwatch,Accesorios,GlobalTech,1,697.3,32.13,146.43,2024-05-20,Tienda,Francia,EUR
Monitor 32,Video,ProGear,1,698.18,10.9,146.62,2024-10-01,Distribuidor,Francia,EUR
Smartphone X,Hogar,ProGear,2,874.68,7.99,183.68,2024-10-19,Online,España,EUR
Zapatillas Running,Audio,ProGear,3,1638.54,32.44,344.09,2024-09-19,Online,Portugal,EUR
TV 55,Oficina,SportWorld,3,786.34,2.02,165.13,2024-05-26,Online,Italia,EUR
TV 55,Moda,GlobalTech,4,1081.25,135.38,227.06,2024-06-10,Online,España,EUR
HDD 2TB,Accesorios,GlobalTech,3,613.31,87.82,128.8,2024-08-08,Tienda,Portugal,EUR
Barra de Sonido,Electrónica,FashionCorp,1,238.63,18.34,50.11,2024-02-16,Online,España,EUR
Smartphone X,Moda,GlobalTech,3,110.68,8.74,23.24,2024-05-01,Tienda,España,EUR
Mochila Travel,Hogar,SportWorld,3,1125.57,128.12,236.37,2024-11-18,Distribuidor,Italia,EUR
PowerBank 20k,Accesorios,TechCorp,2,1016.26,75.1,213.41,2024-03-18,Distribuidor,Italia,EUR
Tostadora,Moda,SportWorld,1,521.28,70.55,109.47,2024-03-30,Online,Francia,EUR
Pantalón Trekking,Audio,LogiTech,3,1065.3,41.0,223.71,2024-01-09,Tienda,Francia,EUR
Monitor 32,Deportes,ProGear,4,1345.56,82.36,282.57,2024-05-05,Tienda,Italia,EUR
Laptop Pro,Audio,GlobalTech,5,207.19,28.77,43.51,2024-07-24,Online,Francia,EUR
Cafetera Automática,Hogar,Distribuciones Europa,1,1483.77,20.03,311.59,2024-05-23,Distribuidor,Portugal,EUR
Laptop Air,Hogar,FashionCorp,5,1317.03,140.01,276.58,2024-02-26,Tienda,Portugal,EUR
Mouse Gamer,Deportes,FashionCorp,4,485.35,32.09,101.92,2024-07-18,Tienda,Portugal,EUR
Laptop Pro,Accesorios,GlobalTech,3,1984.14,130.95,416.67,2024-11-02,Distribuidor,España,EUR
Monitor 32,Accesorios,MegaStore,2,342.58,4.64,71.94,2024-08-13,Online,Alemania,EUR
Memoria RAM 16GB,Moda,Distribuciones Europa,5,90.05,7.64,18.91,2024-01-21,Online,Portugal,EUR
Gafas Sol,Moda,Distribuciones Europa,4,531.85,19.86,111.69,2024-06-03,Online,Italia,EUR
Cámara HD,Electrónica,HomePlus,5,269.12,26.21,56.52,2024-03-25,Distribuidor,España,EUR
Gafas Sol,Audio,Distribuciones Europa,1,439.74,57.79,92.35,2024-12-29,Distribuidor,Francia,EUR
Proyector HD,Electrónica,SportWorld,3,182.84,8.81,38.4,2024-11-30,Distribuidor,Alemania,EUR
Escritorio Oficina,Hogar,TechCorp,1,848.49,0.49,178.18,2024-09-14,Online,Italia,EUR
Guantes Gym,Accesorios,GlobalTech,2,1606.72,127.63,337.41,2024-04-20,Online,Italia,EUR
Monitor 32,Video,MegaStore,4,1648.45,51.59,346.17,2024-03-14,Tienda,Portugal,EUR
Teclado Mecánico,Audio,GlobalTech,3,2116.26,3.72,444.41,2024-11-16,Distribuidor,Italia,EUR
Tostadora,Oficina,SportWorld,5,1250.05,151.29,262.51,2024-07-13,Online,Alemania,EUR
Microfono Pro,Accesorios,MegaStore,1,310.32,42.59,65.17,2024-08-24,Online,Alemania,EUR
Lámpara LED,Moda,MegaStore,3,1202.8,116.08,252.59,2024-09-05,Distribuidor,Portugal,EUR
Casco Bicicleta,Moda,ElectroMax,1,120.5,14.74,25.3,2024-06-23,Distribuidor,Francia,EUR
Altavoz Bluetooth,Accesorios,GlobalTech,1,572.81,11.13,120.29,2024-11-12,Distribuidor,España,EUR
Smartphone Mini,Deportes,TechCorp,2,733.37,87.32,154.01,2024-04-09,Online,Francia,EUR
Drone Mini,Accesorios,LogiTech,5,1618.2,206.57,339.82,2024-01-18,Distribuidor,Alemania,EUR
Monitor 32,Deportes,MegaStore,3,962.01,131.67,202.02,2024-06-02,Online,Italia,EUR
Cafetera Automática,Accesorios,GlobalTech,2,1145.06,135.82,240.46,2024-08-10,Tienda,España,EUR
Memoria RAM 16GB,Deportes,FashionCorp,3,1467.29,38.8,308.13,2024-04-29,Distribuidor,Alemania,EUR
Impresora Laser,Moda,SportWorld,1,2186.02,103.31,459.06,2024-11-14,Online,Alemania,EUR
Tostadora,Hogar,SportWorld,2,729.29,32.12,153.15,2024-01-12,Online,Italia,EUR
Monitor 32,Audio,ProGear,2,1641.74,179.29,344.77,2024-11-24,Tienda,España,EUR
PowerBank 20k,Electrónica,SportWorld,2,1132.91,131.29,237.91,2024-04-30,Tienda,Italia,EUR
TV 55,Oficina,TechCorp,2,151.99,7.12,31.92,2024-06-27,Distribuidor,Alemania,EUR
Webcam FullHD,Electrónica,ProGear,2,1647.98,144.04,346.08,2024-11-03,Online,Alemania,EUR
Smartphone X,Hogar,FashionCorp,5,1279.89,161.31,268.78,2024-04-02,Tienda,Portugal,EUR
Refrigerador Mini,Electrónica,MegaStore,4,103.79,1.28,21.8,2024-01-10,Distribuidor,Alemania,EUR
Monitor 27,Deportes,GlobalTech,3,1385.36,158.81,290.93,2024-01-03,Distribuidor,Portugal,EUR
Tablet Plus,Deportes,FashionCorp,2,1138.52,157.53,239.09,2024-05-22,Distribuidor,Italia,EUR
SSD 1TB,Audio,Distribuciones Europa,4,928.82,110.58,195.05,2024-06-04,Tienda,España,EUR
Laptop Air,Electrónica,FashionCorp,2,1166.0,18.48,244.86,2024-02-13,Distribuidor,España,EUR
Drone Mini,Electrónica,TechCorp,5,1054.91,111.55,221.53,2024-09-05,Online,Portugal,EUR
Tablet Plus,Hogar,ElectroMax,2,397.64,3.66,83.5,2024-09-16,Tienda,Portugal,EUR
TV 65,Audio,LogiTech,2,475.37,41.81,99.83,2024-12-19,Online,España,EUR
Pantalón Trekking,Oficina,LogiTech,4,1589.5,84.32,333.8,2024-03-26,Online,Italia,EUR
Set Mancuernas,Oficina,ProGear,5,168.5,7.96,35.38,2024-04-06,Online,Alemania,EUR
Plancha Vapor,Video,TechCorp,5,1151.3,123.66,241.77,2024-03-05,Distribuidor,Francia,EUR
Guantes Gym,Audio,GlobalTech,1,617.57,4.9,129.69,2024-01-25,Distribuidor,Italia,EUR
Tablet Plus,Video,GlobalTech,1,438.44,31.24,92.07,2024-01-21,Tienda,Portugal,EUR
Laptop Pro,Audio,FashionCorp,3,319.22,22.98,67.04,2024-11-02,Tienda,Francia,EUR
Ventilador Turbo,Moda,Distribuciones Europa,2,491.19,48.75,103.15,2024-11-27,Online,Alemania,EUR
Refrigerador Mini,Hogar,LogiTech,5,1301.86,141.21,273.39,2024-02-27,Online,Italia,EUR
Cargador USB-C,Deportes,Distribuciones Europa,4,1146.22,115.67,240.71,2024-07-25,Tienda,España,EUR
Tablet Plus,Electrónica,HomePlus,1,1747.86,130.64,367.05,2024-01-01,Tienda,Alemania,EUR
Zapatillas Running,Accesorios,GlobalTech,2,518.14,25.97,108.81,2024-09-10,Online,Italia,EUR
Casco Bicicleta,Accesorios,LogiTech,4,236.37,16.58,49.64,2024-02-13,Tienda,Portugal,EUR
Altavoz Bluetooth,Audio,GlobalTech,1,938.76,13.58,197.14,2024-12-13,Tienda,Portugal,EUR
Aspiradora Robot,Hogar,SportWorld,2,1435.18,192.02,301.39,2024-02-21,Distribuidor,Portugal,EUR
Silla Gamer,Deportes,HomePlus,3,102.19,13.71,21.46,2024-07-31,Tienda,Portugal,EUR
Impresora Laser,Video,GlobalTech,2,1167.41,59.4,245.16,2024-10-01,Tienda,España,EUR
HDD 2TB,Moda,HomePlus,2,324.97,37.48,68.24,2024-07-18,Distribuidor,España,EUR
Silla Gamer,Accesorios,HomePlus,4,134.72,19.18,28.29,2024-12-10,Distribuidor,Portugal,EUR
Pelota Fitness,Accesorios,SportWorld,3,1537.55,186.71,322.89,2024-04-02,Distribuidor,España,EUR
Cargador USB-C,Hogar,Distribuciones Europa,1,273.61,32.58,57.46,2024-08-28,Online,Alemania,EUR
Pantalón Trekking,Video,LogiTech,1,288.57,9.33,60.6,2024-07-21,Online,Italia,EUR
Lámpara LED,Hogar,LogiTech,4,29.73,0.35,6.24,2024-08-31,Tienda,Portugal,EUR
Laptop Pro,Electrónica,HomePlus,4,509.98,12.31,107.1,2024-04-12,Distribuidor,Italia,EUR
Microfono Pro,Electrónica,MegaStore,3,707.34,103.22,148.54,2024-08-23,Distribuidor,Portugal,EUR
Smartwatch,Audio,HomePlus,1,437.65,12.43,91.91,2024-07-10,Online,Alemania,EUR
SSD 1TB,Electrónica,ElectroMax,5,1059.14,33.08,222.42,2024-01-15,Online,España,EUR
Altavoz Bluetooth,Accesorios,HomePlus,2,612.39,71.03,128.6,2024-11-23,Online,España,EUR
Microfono Pro,Deportes,Distribuciones Europa,3,906.97,36.37,190.46,2024-10-22,Online,Francia,EUR
Laptop Pro,Electrónica,TechCorp,4,1036.18,24.67,217.6,2024-04-01,Tienda,Alemania,EUR
Auriculares Bluetooth,Oficina,FashionCorp,2,1198.39,50.43,251.66,2024-10-04,Online,Portugal,EUR
Router WiFi,Video,GlobalTech,1,1020.26,115.37,214.25,2024-05-13,Tienda,Francia,EUR
Mouse Gamer,Moda,LogiTech,4,402.9,24.51,84.61,2024-05-15,Online,Francia,EUR
Monitor 27,Deportes,LogiTech,3,519.87,59.18,109.17,2024-08-24,Tienda,Alemania,EUR
PowerBank 20k,Hogar,GlobalTech,1,1435.66,140.49,301.49,2024-02-28,Tienda,Francia,EUR
Proyector HD,Moda,GlobalTech,2,1179.54,114.92,247.7,2024-10-04,Online,Italia,EUR
SSD 1TB,Video,GlobalTech,4,909.75,31.72,191.05,2024-10-02,Tienda,Francia,EUR
Zapatillas Running,Accesorios,HomePlus,4,1248.5,105.03,262.19,2024-09-26,Distribuidor,Alemania,EUR
Colchoneta Yoga,Moda,Distribuciones Europa,4,902.95,81.79,189.62,2024-03-23,Online,Alemania,EUR
Webcam FullHD,Hogar,ProGear,1,904.85,91.84,190.02,2024-02-21,Online,Portugal,EUR
Monitor 32,Audio,TechCorp,4,1076.74,90.45,226.12,2024-02-28,Tienda,Francia,EUR
TV 65,Deportes,ProGear,1,1720.49,184.75,361.3,2024-12-21,Distribuidor,Alemania,EUR
Guantes Gym,Electrónica,ProGear,2,741.63,93.89,155.74,2024-09-10,Online,Francia,EUR
Drone Mini,Audio,SportWorld,3,210.8,22.37,44.27,2024-08-14,Tienda,España,EUR
Laptop Air,Video,TechCorp,1,981.26,103.65,206.06,2024-05-17,Tienda,Francia,EUR
Reloj Deportivo,Moda,HomePlus,4,696.41,35.18,146.25,2024-06-01,Distribuidor,Portugal,EUR
Impresora Laser,Video,MegaStore,2,593.35,76.42,124.6,2024-10-13,Tienda,España,EUR
Router WiFi,Audio,FashionCorp,3,512.39,29.31,107.6,2024-09-09,Tienda,Alemania,EUR
Teclado Mecánico,Audio,ElectroMax,1,1468.67,59.55,308.42,2024-01-23,Tienda,España,EUR
SSD 1TB,Audio,HomePlus,3,246.95,15.48,51.86,2024-05-01,Tienda,Francia,EUR
Smartphone X,Electrónica,TechCorp,3,909.73,56.51,191.04,2024-01-10,Distribuidor,España,EUR
Proyector HD,Electrónica,TechCorp,2,1163.34,121.44,244.3,2024-09-21,Online,Alemania,EUR
Lámpara LED,Hogar,GlobalTech,2,1127.24,106.76,236.72,2024-08-16,Distribuidor,España,EUR
Refrigerador Mini,Deportes,ElectroMax,1,123.33,3.13,25.9,2024-07-07,Distribuidor,España,EUR
PowerBank 20k,Hogar,MegaStore,5,1221.31,24.85,256.48,2024-04-20,Online,Francia,EUR
Zapatillas Running,Audio,GlobalTech,1,1916.99,139.32,402.57,2024-12-25,Distribuidor,Italia,EUR
Cámara HD,Audio,ElectroMax,4,355.57,35.66,74.67,2024-09-06,Distribuidor,España,EUR
TV 65,Moda,HomePlus,1,1747.65,182.06,367.01,2024-12-06,Tienda,Portugal,EUR
Microfono Pro,Oficina,ProGear,1,1609.0,127.73,337.89,2024-03-07,Tienda,España,EUR
Microfono Pro,Deportes,ProGear,5,1270.13,81.68,266.73,2024-09-11,Online,Alemania,EUR
Teclado Mecánico,Moda,SportWorld,5,194.38,0.92,40.82,2024-10-30,Tienda,Portugal,EUR
Smartwatch,Video,ProGear,5,997.15,16.58,209.4,2024-07-19,Tienda,Alemania,EUR
Guantes Gym,Audio,MegaStore,1,1308.42,110.33,274.77,2024-05-02,Distribuidor,España,EUR
HDD 2TB,Electrónica,FashionCorp,1,672.39,63.7,141.2,2024-04-18,Tienda,Portugal,EUR
Microfono Pro,Deportes,Distribuciones Europa,1,1191.65,109.28,250.25,2024-04-11,Online,España,EUR
Guantes Gym,Electrónica,GlobalTech,4,972.14,2.4,204.15,2024-09-27,Tienda,España,EUR
Lámpara LED,Hogar,MegaStore,5,1132.29,63.3,237.78,2024-09-15,Tienda,Portugal,EUR
Chaqueta Invierno,Hogar,SportWorld,1,1091.63,88.1,229.24,2024-04-23,Distribuidor,Francia,EUR
Tablet Plus,Audio,SportWorld,3,551.32,2.83,115.78,2024-04-26,Distribuidor,Portugal,EUR
TV 55,Hogar,ProGear,5,1714.02,102.43,359.94,2024-09-06,Distribuidor,Portugal,EUR
Reloj Deportivo,Moda,MegaStore,2,952.05,2.53,199.93,2024-05-24,Tienda,Italia,EUR
Cafetera Automática,Accesorios,SportWorld,2,539.88,60.42,113.37,2024-02-11,Online,España,EUR
Aspiradora Robot,Accesorios,ElectroMax,2,1265.04,44.13,265.66,2024-01-10,Tienda,Portugal,EUR
Laptop Pro,Audio,Distribuciones Europa,2,76.59,4.06,16.08,2024-12-23,Distribuidor,Francia,EUR
Refrigerador Mini,Oficina,ProGear,3,1176.53,89.36,247.07,2024-08-29,Distribuidor,Francia,EUR
TV 55,Electrónica,SportWorld,2,66.94,0.49,14.06,2024-02-11,Distribuidor,Francia,EUR
Lámpara LED,Oficina,SportWorld,2,46.55,2.5,9.78,2024-11-14,Online,Portugal,EUR
TV 55,Hogar,FashionCorp,3,1709.49,11.93,358.99,2024-01-26,Distribuidor,Portugal,EUR
Smartphone X,Hogar,GlobalTech,5,252.98,33.27,53.13,2024-07-01,Online,España,EUR
Mouse Gamer,Deportes,GlobalTech,3,877.69,71.63,184.31,2024-09-02,Distribuidor,Alemania,EUR
Mochila Travel,Audio,FashionCorp,1,1272.02,188.95,267.12,2024-03-20,Tienda,Francia,EUR
Altavoz Bluetooth,Deportes,SportWorld,3,180.72,8.66,37.95,2024-11-12,Online,Italia,EUR
Pelota Fitness,Oficina,ElectroMax,1,1530.98,96.02,321.51,2024-09-23,Online,Italia,EUR
Set Mancuernas,Video,HomePlus,2,157.07,18.31,32.98,2024-09-04,Online,Italia,EUR
Altavoz Bluetooth,Accesorios,LogiTech,1,709.92,80.6,149.08,2024-10-25,Distribuidor,Italia,EUR
Gafas Sol,Deportes,Distribuciones Europa,5,824.14,90.31,173.07,2024-08-29,Online,España,EUR
Lámpara LED,Audio,LogiTech,4,145.54,5.76,30.56,2024-08-21,Tienda,Alemania,EUR
TV 55,Audio,SportWorld,5,583.41,25.38,122.52,2024-02-21,Tienda,Portugal,EUR
Impresora Laser,Accesorios,MegaStore,4,594.62,63.93,124.87,2024-01-17,Distribuidor,Francia,EUR
Mouse Gamer,Moda,GlobalTech,4,947.89,101.59,199.06,2024-09-13,Online,Alemania,EUR
Cámara HD,Oficina,TechCorp,3,1206.26,50.92,253.31,2024-01-12,Distribuidor,Italia,EUR
Pelota Fitness,Oficina,FashionCorp,1,85.8,12.62,18.02,2024-06-15,Online,Portugal,EUR
Teclado Mecánico,Moda,HomePlus,2,806.6,26.69,169.39,2024-09-22,Tienda,España,EUR
Mouse Gamer,Moda,MegaStore,1,351.31,20.77,73.78,2024-03-02,Tienda,España,EUR
Laptop Pro,Electrónica,LogiTech,4,242.34,32.96,50.89,2024-08-28,Distribuidor,España,EUR
Ventilador Turbo,Hogar,HomePlus,3,1175.67,32.22,246.89,2024-05-21,Distribuidor,Italia,EUR
PowerBank 20k,Deportes,GlobalTech,2,313.45,39.78,65.82,2024-11-20,Tienda,Francia,EUR
Aspiradora Robot,Electrónica,MegaStore,4,661.3,73.37,138.87,2024-06-05,Tienda,Portugal,EUR
Microfono Pro,Moda,MegaStore,2,657.27,42.96,138.03,2024-06-25,Distribuidor,Alemania,EUR
Webcam FullHD,Moda,MegaStore,3,931.67,94.29,195.65,2024-04-21,Tienda,Italia,EUR
Monitor 32,Hogar,MegaStore,1,1324.34,36.28,278.11,2024-10-08,Online,Italia,EUR
Monitor 32,Moda,GlobalTech,1,718.47,26.72,150.88,2024-06-17,Distribuidor,Francia,EUR
Memoria RAM 16GB,Deportes,TechCorp,5,730.96,66.05,153.5,2024-10-12,Distribuidor,Francia,EUR
Silla Gamer,Hogar,TechCorp,2,379.79,15.56,79.76,2024-12-31,Online,España,EUR
Tablet Plus,Audio,LogiTech,1,937.05,48.73,196.78,2024-05-19,Distribuidor,España,EUR
Tablet Plus,Hogar,GlobalTech,1,311.59,27.58,65.43,2024-03-18,Tienda,Alemania,EUR
Laptop Air,Accesorios,LogiTech,5,1951.43,54.37,409.8,2024-12-21,Distribuidor,Francia,EUR
Zapatillas Running,Accesorios,SportWorld,4,1077.71,81.06,226.32,2024-07-13,Distribuidor,Francia,EUR
Zapatillas Running,Deportes,LogiTech,2,134.42,11.34,28.23,2024-10-14,Distribuidor,Italia,EUR
Batidora Pro,Audio,LogiTech,5,1464.98,52.13,307.65,2024-01-01,Distribuidor,España,EUR
Plancha Vapor,Deportes,ProGear,3,796.77,46.05,167.32,2024-03-23,Online,Italia,EUR
Pantalón Trekking,Deportes,GlobalTech,1,1332.11,198.29,279.74,2024-01-05,Online,España,EUR
Plancha Vapor,Hogar,ProGear,3,646.97,34.29,135.86,2024-12-08,Online,Portugal,EUR
Smartphone X,Deportes,FashionCorp,2,564.32,17.52,118.51,2024-04-25,Online,Italia,EUR
Laptop Air,Video,HomePlus,2,1491.35,4.39,313.18,2024-02-19,Distribuidor,España,EUR
Refrigerador Mini,Deportes,FashionCorp,5,1194.46,64.72,250.84,2024-08-22,Tienda,Francia,EUR
Altavoz Bluetooth,Electrónica,LogiTech,1,806.22,51.47,169.31,2024-11-23,Distribuidor,Alemania,EUR
Zapatillas Running,Moda,ProGear,5,77.24,1.61,16.22,2024-12-18,Distribuidor,Alemania,EUR
Silla Gamer,Video,LogiTech,5,1155.45,13.24,242.64,2024-12-22,Online,Alemania,EUR
Pelota Fitness,Video,ElectroMax,5,1515.11,100.78,318.17,2024-01-24,Online,Francia,EUR
Memoria RAM 16GB,Electrónica,LogiTech,1,39.5,0.73,8.29,2024-10-06,Distribuidor,España,EUR
SSD 1TB,Electrónica,ElectroMax,4,1597.85,5.77,335.55,2024-12-11,Online,España,EUR
Drone Mini,Moda,GlobalTech,5,672.12,35.62,141.15,2024-06-25,Distribuidor,Alemania,EUR
Guantes Gym,Audio,SportWorld,2,452.67,67.19,95.06,2024-05-01,Online,Italia,EUR
TV 65,Hogar,GlobalTech,5,193.49,13.49,40.63,2024-07-09,Online,Alemania,EUR
Colchoneta Yoga,Accesorios,MegaStore,4,449.92,10.9,94.48,2024-11-28,Distribuidor,Portugal,EUR
Aspiradora Robot,Oficina,FashionCorp,1,490.18,11.19,102.94,2024-03-26,Tienda,Francia,EUR
Batidora Pro,Moda,ProGear,3,808.16,59.74,169.71,2024-01-30,Distribuidor,Francia,EUR
Teclado Mecánico,Accesorios,SportWorld,2,1096.98,42.53,230.37,2024-01-23,Distribuidor,Portugal,EUR
Smartwatch,Oficina,SportWorld,5,975.53,3.39,204.86,2024-02-08,Online,Portugal,EUR
Impresora Laser,Deportes,ProGear,3,395.53,41.03,83.06,2024-12-30,Tienda,Alemania,EUR
Monitor 27,Accesorios,LogiTech,1,669.57,0.46,140.61,2024-08-09,Online,Alemania,EUR
Tostadora,Audio,ProGear,3,560.27,35.08,117.66,2024-09-29,Distribuidor,Alemania,EUR
Escritorio Oficina,Audio,Distribuciones Europa,5,1517.62,194.3,318.7,2024-09-12,Online,Italia,EUR
Reloj Deportivo,Accesorios,LogiTech,4,478.46,29.51,100.48,2024-07-28,Tienda,Portugal,EUR
Zapatillas Running,Hogar,HomePlus,1,1233.3,162.51,258.99,2024-04-28,Distribuidor,Francia,EUR
Monitor 27,Deportes,HomePlus,4,79.46,10.01,16.69,2024-07-12,Online,Francia,EUR
Barra de Sonido,Video,HomePlus,5,1326.0,103.25,278.46,2024-04-02,Online,Alemania,EUR
Smartphone Mini,Electrónica,HomePlus,2,775.85,18.44,162.93,2024-07-23,Tienda,Alemania,EUR
Auriculares Bluetooth,Deportes,GlobalTech,2,244.08,7.66,51.26,2024-06-19,Distribuidor,Alemania,EUR
Guantes Gym,Electrónica,FashionCorp,4,788.42,91.86,165.57,2024-09-19,Online,Italia,EUR
Refrigerador Mini,Electrónica,Distribuciones Europa,2,535.31,57.2,112.42,2024-09-06,Online,Italia,EUR
Tostadora,Deportes,FashionCorp,5,1269.63,88.38,266.62,2024-10-22,Online,Italia,EUR
Casco Bicicleta,Deportes,TechCorp,2,313.53,33.06,65.84,2024-04-30,Distribuidor,Francia,EUR
Zapatillas Running,Oficina,FashionCorp,1,720.93,50.6,151.4,2024-02-07,Online,Alemania,EUR
Laptop Pro,Accesorios,LogiTech,2,1104.63,92.78,231.97,2024-09-02,Online,Francia,EUR
Memoria RAM 16GB,Hogar,FashionCorp,4,850.2,57.91,178.54,2024-06-22,Online,Portugal,EUR
Teclado Mecánico,Moda,Distribuciones Europa,4,1676.88,205.73,352.14,2024-09-26,Distribuidor,Italia,EUR
Cafetera Automática,Video,ElectroMax,1,402.12,25.94,84.45,2024-08-04,Tienda,Alemania,EUR
Zapatillas Running,Hogar,ElectroMax,4,1052.61,99.97,221.05,2024-06-24,Distribuidor,Alemania,EUR
Chaqueta Invierno,Audio,ElectroMax,3,1228.91,109.92,258.07,2024-09-23,Online,Francia,EUR
Pantalón Trekking,Moda,SportWorld,3,513.68,0.03,107.87,2024-08-23,Online,España,EUR
Teclado Mecánico,Deportes,TechCorp,1,1932.36,260.69,405.8,2024-01-18,Distribuidor,Italia,EUR
Pelota Fitness,Hogar,Distribuciones Europa,4,1108.05,38.54,232.69,2024-03-20,Distribuidor,España,EUR
Chaqueta Invierno,Accesorios,Distribuciones Europa,1,2022.78,188.42,424.78,2024-11-10,Distribuidor,Francia,EUR
Refrigerador Mini,Hogar,ElectroMax,5,250.32,12.25,52.57,2024-01-04,Distribuidor,España,EUR
Casco Bicicleta,Video,MegaStore,3,528.79,75.82,111.05,2024-08-14,Distribuidor,España,EUR
Zapatillas Running,Audio,SportWorld,2,2034.52,254.48,427.25,2024-12-09,Tienda,Italia,EUR
Mouse Gamer,Deportes,HomePlus,2,599.1,16.88,125.81,2024-04-26,Tienda,Alemania,EUR
Tablet Plus,Hogar,MegaStore,2,1490.52,193.12,313.01,2024-04-19,Distribuidor,Francia,EUR
Microfono Pro,Moda,LogiTech,5,475.54,53.35,99.86,2024-07-04,Online,España,EUR
Laptop Pro,Electrónica,FashionCorp,4,319.9,40.84,67.18,2024-05-15,Online,Alemania,EUR
Reloj Deportivo,Deportes,SportWorld,1,1138.61,80.63,239.11,2024-10-17,Tienda,Italia,EUR
Ventilador Turbo,Accesorios,HomePlus,4,963.02,35.22,202.23,2024-08-22,Online,Francia,EUR
Mochila Travel,Electrónica,TechCorp,1,803.26,61.31,168.68,2024-06-18,Tienda,Alemania,EUR
Pelota Fitness,Oficina,Distribuciones Europa,4,68.94,4.71,14.48,2024-07-06,Distribuidor,Portugal,EUR
Ventilador Turbo,Accesorios,Distribuciones Europa,3,1018.62,135.01,213.91,2024-10-24,Online,Francia,EUR
Set Mancuernas,Accesorios,ElectroMax,2,1037.91,60.89,217.96,2024-02-27,Distribuidor,Alemania,EUR
Teclado Mecánico,Moda,MegaStore,4,1408.56,36.37,295.8,2024-01-07,Tienda,Italia,EUR
Ventilador Turbo,Moda,TechCorp,5,916.06,91.63,192.37,2024-02-05,Distribuidor,Francia,EUR
Auriculares Bluetooth,Video,LogiTech,2,482.64,67.71,101.35,2024-04-18,Distribuidor,Francia,EUR
Gafas Sol,Video,GlobalTech,4,325.35,1.04,68.32,2024-07-25,Online,Italia,EUR
Mouse Gamer,Electrónica,TechCorp,4,899.17,91.5,188.83,2024-05-13,Online,Alemania,EUR
Proyector HD,Moda,TechCorp,1,736.27,109.95,154.62,2024-07-21,Online,Francia,EUR
Proyector HD,Deportes,MegaStore,3,931.46,112.03,195.61,2024-07-21,Tienda,Italia,EUR
Laptop Air,Electrónica,ProGear,1,709.8,12.05,149.06,2024-08-03,Distribuidor,Francia,EUR
Microfono Pro,Oficina,LogiTech,5,1072.67,30.2,225.26,2024-08-07,Online,España,EUR
Reloj Deportivo,Video,MegaStore,3,559.49,71.67,117.49,2024-09-29,Tienda,Francia,EUR
TV 55,Oficina,LogiTech,1,945.13,45.11,198.48,2024-06-19,Online,Portugal,EUR
SSD 1TB,Moda,SportWorld,1,809.94,30.46,170.09,2024-01-02,Distribuidor,Portugal,EUR
Pantalón Trekking,Deportes,MegaStore,3,1132.49,2.19,237.82,2024-07-31,Online,Alemania,EUR
Escritorio Oficina,Oficina,HomePlus,1,1087.88,52.56,228.45,2024-06-02,Online,Francia,EUR
Tostadora,Oficina,LogiTech,3,592.43,51.65,124.41,2024-09-15,Distribuidor,Portugal,EUR
Proyector HD,Deportes,FashionCorp,1,536.32,6.17,112.63,2024-01-24,Distribuidor,Francia,EUR
Laptop Pro,Moda,ProGear,4,1349.41,37.74,283.38,2024-04-15,Distribuidor,España,EUR
Pelota Fitness,Electrónica,GlobalTech,5,893.11,108.89,187.55,2024-10-15,Distribuidor,Italia,EUR
Microfono Pro,Deportes,Distribuciones Europa,2,1090.51,7.69,229.01,2024-02-16,Distribuidor,Italia,EUR
Mochila Travel,Deportes,TechCorp,5,803.62,105.05,168.76,2024-11-09,Tienda,Portugal,EUR
Monitor 32,Deportes,MegaStore,4,1814.76,213.2,381.1,2024-12-09,Online,Alemania,EUR
Mochila Travel,Video,HomePlus,1,734.74,22.03,154.3,2024-07-25,Online,Francia,EUR
Batidora Pro,Deportes,FashionCorp,3,1476.87,69.37,310.14,2024-10-15,Tienda,Francia,EUR
Chaqueta Invierno,Electrónica,HomePlus,5,194.87,28.74,40.92,2024-04-01,Online,Italia,EUR
Reloj Deportivo,Electrónica,Distribuciones Europa,5,752.22,10.18,157.97,2024-07-21,Distribuidor,Francia,EUR
Teclado Mecánico,Electrónica,ProGear,5,937.52,14.07,196.88,2024-07-14,Online,Italia,EUR
Webcam FullHD,Moda,GlobalTech,2,1308.74,44.08,274.84,2024-02-07,Tienda,Francia,EUR
Monitor 27,Video,Distribuciones Europa,1,1119.8,61.33,235.16,2024-10-03,Distribuidor,Italia,EUR
Gafas Sol,Accesorios,FashionCorp,1,609.58,4.46,128.01,2024-08-28,Distribuidor,España,EUR
Microfono Pro,Electrónica,HomePlus,2,271.07,4.05,56.92,2024-04-20,Online,Italia,EUR
Teclado Mecánico,Deportes,HomePlus,1,1307.07,7.83,274.48,2024-01-04,Distribuidor,Alemania,EUR
TV 65,Audio,ProGear,2,1476.67,133.74,310.1,2024-03-31,Online,Francia,EUR
Altavoz Bluetooth,Oficina,HomePlus,5,140.62,13.0,29.53,2024-05-07,Tienda,Italia,EUR
Memoria RAM 16GB,Accesorios,ElectroMax,2,1377.33,84.79,289.24,2024-02-26,Distribuidor,Francia,EUR
Impresora Laser,Deportes,FashionCorp,5,1187.78,98.93,249.43,2024-03-22,Tienda,España,EUR
Pelota Fitness,Audio,SportWorld,2,517.1,60.35,108.59,2024-01-01,Online,Italia,EUR
Proyector HD,Accesorios,SportWorld,3,854.26,12.71,179.39,2024-04-25,Tienda,Portugal,EUR
Pantalón Trekking,Moda,ProGear,3,379.66,51.84,79.73,2024-07-19,Tienda,Francia,EUR
Aspiradora Robot,Moda,SportWorld,2,381.47,4.03,80.11,2024-01-21,Online,Portugal,EUR
Tostadora,Hogar,FashionCorp,2,1151.5,116.87,241.81,2024-05-17,Tienda,Francia,EUR
Tostadora,Deportes,LogiTech,1,659.1,73.06,138.41,2024-10-30,Online,Italia,EUR
Auriculares Bluetooth,Oficina,TechCorp,1,43.34,4.14,9.1,2024-02-10,Online,España,EUR
Altavoz Bluetooth,Moda,TechCorp,1,1301.72,53.31,273.36,2024-10-24,Distribuidor,Portugal,EUR
HDD 2TB,Electrónica,SportWorld,4,734.26,56.56,154.19,2024-09-06,Tienda,Portugal,EUR
Tostadora,Video,ProGear,4,688.89,12.83,144.67,2024-10-26,Online,Francia,EUR
Refrigerador Mini,Accesorios,MegaStore,5,767.31,102.58,161.14,2024-11-08,Distribuidor,Italia,EUR
Smartphone Mini,Hogar,HomePlus,1,96.14,0.45,20.19,2024-09-18,Distribuidor,Francia,EUR
Impresora Laser,Hogar,TechCorp,4,25.62,1.74,5.38,2024-01-09,Distribuidor,Francia,EUR
Pantalón Trekking,Audio,ElectroMax,5,196.1,29.18,41.18,2024-03-13,Online,Alemania,EUR
TV 65,Oficina,Distribuciones Europa,5,747.21,8.26,156.91,2024-06-10,Distribuidor,Portugal,EUR
Colchoneta Yoga,Electrónica,ElectroMax,5,302.28,43.25,63.48,2024-05-04,Online,Francia,EUR
Tablet Plus,Audio,MegaStore,1,239.54,5.75,50.3,2024-07-06,Online,Italia,EUR
Chaqueta Invierno,Accesorios,MegaStore,3,991.52,15.09,208.22,2024-08-27,Distribuidor,España,EUR
HDD 2TB,Video,ElectroMax,4,694.19,99.81,145.78,2024-08-20,Online,Alemania,EUR
Auriculares Bluetooth,Electrónica,MegaStore,4,22.13,0.01,4.65,2024-08-21,Online,Portugal,EUR
Pantalón Trekking,Accesorios,GlobalTech,3,568.13,78.64,119.31,2024-03-12,Tienda,Italia,EUR
Teclado Mecánico,Video,ElectroMax,2,744.53,7.83,156.35,2024-06-07,Online,Francia,EUR
Monitor 27,Electrónica,Distribuciones Europa,5,1346.75,58.82,282.82,2024-02-09,Online,Italia,EUR
Plancha Vapor,Electrónica,HomePlus,4,485.78,69.55,102.01,2024-05-19,Online,España,EUR
Batidora Pro,Electrónica,LogiTech,4,1570.66,49.11,329.84,2024-04-19,Distribuidor,Italia,EUR
Cargador USB-C,Accesorios,SportWorld,1,651.79,59.93,136.88,2024-08-22,Tienda,Alemania,EUR
Batidora Pro,Accesorios,HomePlus,1,114.87,14.0,24.12,2024-09-12,Online,Portugal,EUR
Batidora Pro,Electrónica,Distribuciones Europa,4,712.2,12.1,149.56,2024-08-14,Distribuidor,Portugal,EUR
Auriculares Bluetooth,Accesorios,Distribuciones Europa,1,255.89,8.55,53.74,2024-12-24,Tienda,Francia,EUR
Mouse Gamer,Electrónica,FashionCorp,4,177.05,13.75,37.18,2024-06-14,Distribuidor,Portugal,EUR
Auriculares Bluetooth,Accesorios,TechCorp,5,760.33,77.68,159.67,2024-08-28,Distribuidor,España,EUR
Laptop Air,Audio,SportWorld,2,111.76,14.24,23.47,2024-05-31,Tienda,Francia,EUR
Router WiFi,Oficina,ProGear,5,467.92,27.63,98.26,2024-12-31,Online,Alemania,EUR
Batidora Pro,Video,HomePlus,1,2027.66,56.89,425.81,2024-12-23,Distribuidor,Italia,EUR
TV 55,Moda,FashionCorp,4,1424.03,199.06,299.05,2024-10-02,Distribuidor,Portugal,EUR
Barra de Sonido,Deportes,LogiTech,5,403.34,30.66,84.7,2024-03-11,Online,Francia,EUR
Plancha Vapor,Video,ProGear,3,143.53,19.98,30.14,2024-07-14,Online,Alemania,EUR
Refrigerador Mini,Moda,MegaStore,5,595.76,15.64,125.11,2024-07-06,Online,Italia,EUR
HDD 2TB,Hogar,ProGear,2,737.15,60.43,154.8,2024-03-09,Tienda,Alemania,EUR
Colchoneta Yoga,Video,ProGear,2,1021.4,100.57,214.49,2024-10-03,Distribuidor,Italia,EUR
HDD 2TB,Oficina,GlobalTech,2,691.77,1.99,145.27,2024-05-30,Online,España,EUR
Pelota Fitness,Audio,TechCorp,3,1230.01,149.13,258.3,2024-03-19,Tienda,Francia,EUR
Smartphone Mini,Hogar,SportWorld,5,515.51,40.11,108.26,2024-05-18,Online,Italia,EUR
Lámpara LED,Video,LogiTech,2,563.17,47.72,118.27,2024-01-19,Tienda,España,EUR
Ventilador Turbo,Deportes,ProGear,3,75.97,1.77,15.95,2024-04-19,Distribuidor,Portugal,EUR
Teclado Mecánico,Accesorios,TechCorp,5,1185.07,29.77,248.86,2024-10-04,Distribuidor,Francia,EUR
Router WiFi,Video,FashionCorp,3,72.39,3.39,15.2,2024-02-27,Online,Portugal,EUR
HDD 2TB,Electrónica,FashionCorp,1,1375.41,162.26,288.84,2024-03-07,Online,Portugal,EUR
Smartphone X,Audio,ElectroMax,4,715.85,19.53,150.33,2024-12-09,Online,Alemania,EUR
Altavoz Bluetooth,Deportes,ElectroMax,5,1377.15,194.2,289.2,2024-11-21,Online,Francia,EUR
Plancha Vapor,Accesorios,HomePlus,4,923.99,93.12,194.04,2024-07-10,Online,Alemania,EUR
Gafas Sol,Video,ElectroMax,3,763.25,50.83,160.28,2024-08-06,Tienda,Portugal,EUR
Auriculares Bluetooth,Moda,GlobalTech,5,863.02,73.5,181.23,2024-06-27,Tienda,Alemania,EUR
Cargador USB-C,Accesorios,LogiTech,2,1401.98,147.62,294.42,2024-09-08,Distribuidor,España,EUR
Cámara HD,Oficina,ElectroMax,2,318.58,34.1,66.9,2024-06-28,Online,España,EUR
Ventilador Turbo,Oficina,HomePlus,1,562.37,31.01,118.1,2024-08-28,Online,Portugal,EUR
TV 55,Video,LogiTech,4,439.36,49.78,92.27,2024-03-14,Distribuidor,Alemania,EUR
TV 55,Moda,MegaStore,4,474.54,49.58,99.65,2024-05-24,Tienda,España,EUR
Mouse Gamer,Video,SportWorld,3,1423.28,96.82,298.89,2024-11-29,Distribuidor,Italia,EUR
Gafas Sol,Accesorios,ElectroMax,5,205.76,29.97,43.21,2024-01-05,Online,España,EUR
Smartphone Mini,Moda,SportWorld,4,1042.46,49.87,218.92,2024-06-12,Tienda,Portugal,EUR
Monitor 27,Moda,Distribuciones Europa,1,127.5,3.68,26.77,2024-09-06,Distribuidor,Italia,EUR
Colchoneta Yoga,Accesorios,ProGear,2,1220.34,152.52,256.27,2024-08-25,Distribuidor,España,EUR
Refrigerador Mini,Accesorios,ProGear,3,2214.74,198.99,465.1,2024-11-24,Distribuidor,Alemania,EUR
Pelota Fitness,Hogar,FashionCorp,2,1038.76,122.16,218.14,2024-03-15,Distribuidor,Italia,EUR
HDD 2TB,Oficina,LogiTech,4,548.96,59.81,115.28,2024-05-20,Distribuidor,Alemania,EUR
Aspiradora Robot,Audio,HomePlus,3,572.92,65.5,120.31,2024-10-28,Online,Portugal,EUR
SSD 1TB,Accesorios,FashionCorp,4,73.01,7.21,15.33,2024-03-26,Distribuidor,Italia,EUR
Plancha Vapor,Video,MegaStore,1,1856.54,58.09,389.87,2024-01-01,Online,Alemania,EUR
Monitor 32,Electrónica,TechCorp,3,876.76,118.65,184.12,2024-08-20,Online,Portugal,EUR
Pantalón Trekking,Accesorios,FashionCorp,4,685.43,19.31,143.94,2024-05-22,Online,Alemania,EUR
Cafetera Automática,Oficina,GlobalTech,1,406.83,32.47,85.43,2024-05-01,Tienda,Francia,EUR
Smartwatch,Deportes,TechCorp,1,567.6,13.87,119.2,2024-03-20,Tienda,Francia,EUR
PowerBank 20k,Accesorios,LogiTech,4,120.07,15.24,25.21,2024-03-30,Online,España,EUR
Reloj Deportivo,Deportes,GlobalTech,4,455.41,49.81,95.64,2024-10-12,Tienda,Francia,EUR
Lámpara LED,Audio,SportWorld,5,1482.56,166.45,311.34,2024-05-02,Tienda,Portugal,EUR
Webcam FullHD,Electrónica,ElectroMax,2,2149.47,160.07,451.39,2024-11-19,Distribuidor,Italia,EUR
Colchoneta Yoga,Oficina,LogiTech,2,165.94,2.3,34.85,2024-11-29,Tienda,Alemania,EUR
HDD 2TB,Audio,ElectroMax,5,1229.42,183.6,258.18,2024-05-27,Distribuidor,Portugal,EUR
TV 65,Accesorios,LogiTech,3,954.62,51.23,200.47,2024-02-08,Tienda,España,EUR
Pelota Fitness,Video,TechCorp,4,1120.86,69.06,235.38,2024-04-24,Online,Alemania,EUR
Microfono Pro,Hogar,Distribuciones Europa,3,1969.8,243.15,413.66,2024-11-12,Tienda,Portugal,EUR
Casco Bicicleta,Moda,SportWorld,5,1529.31,2.78,321.16,2024-01-06,Distribuidor,Portugal,EUR
Escritorio Oficina,Oficina,MegaStore,4,607.41,51.08,127.56,2024-07-12,Online,Italia,EUR
Proyector HD,Oficina,GlobalTech,2,598.94,87.14,125.78,2024-07-14,Distribuidor,Italia,EUR
Chaqueta Invierno,Video,ProGear,2,1296.44,125.76,272.25,2024-01-15,Tienda,Francia,EUR
Impresora Laser,Oficina,SportWorld,3,1329.08,21.21,279.11,2024-09-27,Tienda,Italia,EUR
Smartwatch,Video,HomePlus,2,49.44,2.12,10.38,2024-09-28,Online,Italia,EUR
Colchoneta Yoga,Electrónica,SportWorld,2,1091.87,41.89,229.29,2024-03-19,Distribuidor,Portugal,EUR
Cafetera Automática,Audio,FashionCorp,3,1920.69,265.67,403.34,2024-01-30,Distribuidor,Francia,EUR
Refrigerador Mini,Accesorios,HomePlus,2,384.34,5.95,80.71,2024-02-17,Tienda,Italia,EUR
Smartphone X,Electrónica,HomePlus,2,1307.3,129.64,274.53,2024-11-25,Tienda,Francia,EUR
Zapatillas Running,Moda,ElectroMax,2,754.2,24.02,158.38,2024-07-04,Tienda,Francia,EUR
Mochila Travel,Audio,ProGear,2,209.24,2.6,43.94,2024-05-01,Distribuidor,Francia,EUR
Guantes Gym,Video,LogiTech,5,1567.57,188.99,329.19,2024-12-08,Online,Francia,EUR
Cafetera Automática,Moda,HomePlus,2,1080.56,136.95,226.92,2024-08-08,Distribuidor,Alemania,EUR
Tostadora,Oficina,TechCorp,1,470.99,53.23,98.91,2024-04-08,Distribuidor,España,EUR
Pantalón Trekking,Audio,SportWorld,3,661.59,83.29,138.93,2024-08-29,Online,Italia,EUR
Altavoz Bluetooth,Hogar,GlobalTech,1,119.64,12.17,25.12,2024-12-15,Online,Italia,EUR
Pelota Fitness,Electrónica,HomePlus,4,1018.3,5.44,213.84,2024-07-12,Tienda,Francia,EUR
Smartphone X,Audio,MegaStore,2,490.35,39.71,102.97,2024-09-20,Online,Italia,EUR
Drone Mini,Oficina,GlobalTech,3,1627.98,133.18,341.88,2024-11-02,Tienda,Italia,EUR
Monitor 32,Accesorios,FashionCorp,5,243.6,20.86,51.16,2024-11-30,Tienda,España,EUR
PowerBank 20k,Electrónica,GlobalTech,5,1142.77,44.08,239.98,2024-07-03,Tienda,Alemania,EUR
Chaqueta Invierno,Moda,ProGear,4,27.85,2.94,5.85,2024-08-08,Distribuidor,Portugal,EUR
Monitor 27,Accesorios,SportWorld,3,570.43,27.69,119.79,2024-05-03,Distribuidor,Italia,EUR
Microfono Pro,Deportes,ProGear,4,1259.02,151.37,264.39,2024-05-02,Tienda,Alemania,EUR
Ventilador Turbo,Electrónica,FashionCorp,3,614.91,67.91,129.13,2024-12-18,Tienda,Italia,EUR
Tablet Plus,Video,GlobalTech,3,1064.17,26.22,223.48,2024-10-20,Distribuidor,Alemania,EUR
Colchoneta Yoga,Moda,HomePlus,3,956.29,1.63,200.82,2024-10-08,Tienda,Francia,EUR
Monitor 27,Oficina,Distribuciones Europa,4,381.8,17.64,80.18,2024-11-03,Online,Portugal,EUR
Smartwatch,Moda,SportWorld,4,287.3,41.79,60.33,2024-06-22,Tienda,Francia,EUR
Drone Mini,Electrónica,ElectroMax,5,533.96,66.14,112.13,2024-01-05,Distribuidor,Italia,EUR
Reloj Deportivo,Oficina,LogiTech,1,1161.37,8.58,243.89,2024-05-10,Online,Alemania,EUR
Set Mancuernas,Video,GlobalTech,4,693.97,24.35,145.73,2024-08-06,Distribuidor,España,EUR
Auriculares Bluetooth,Accesorios,ElectroMax,5,1708.81,60.02,358.85,2024-12-13,Tienda,Francia,EUR
Lámpara LED,Oficina,LogiTech,2,367.08,39.59,77.09,2024-07-08,Distribuidor,Francia,EUR
Laptop Pro,Electrónica,HomePlus,1,575.42,3.56,120.84,2024-06-22,Distribuidor,Portugal,EUR
Drone Mini,Accesorios,Distribuciones Europa,1,667.92,7.32,140.26,2024-04-13,Distribuidor,Italia,EUR
Monitor 32,Electrónica,FashionCorp,3,612.31,58.43,128.59,2024-05-28,Online,Italia,EUR
Tostadora,Electrónica,TechCorp,5,1490.54,148.85,313.01,2024-12-19,Distribuidor,España,EUR
Smartphone X,Video,FashionCorp,5,247.99,9.5,52.08,2024-05-15,Distribuidor,Portugal,EUR
Monitor 32,Video,TechCorp,5,1447.61,113.7,304.0,2024-11-25,Online,España,EUR
Microfono Pro,Deportes,GlobalTech,5,1166.96,115.07,245.06,2024-02-10,Online,España,EUR
Proyector HD,Electrónica,ElectroMax,4,1007.23,64.85,211.52,2024-12-15,Distribuidor,Italia,EUR
Escritorio Oficina,Audio,SportWorld,5,358.46,45.08,75.28,2024-04-11,Tienda,Francia,EUR
Colchoneta Yoga,Accesorios,FashionCorp,3,454.07,18.58,95.35,2024-06-18,Online,Portugal,EUR
Tablet Plus,Oficina,ElectroMax,2,848.1,9.41,178.1,2024-06-07,Tienda,Portugal,EUR
Altavoz Bluetooth,Accesorios,ElectroMax,3,1807.73,269.15,379.62,2024-01-04,Distribuidor,Portugal,EUR
SSD 1TB,Electrónica,GlobalTech,5,1955.9,134.98,410.74,2024-12-27,Tienda,España,EUR
TV 65,Video,GlobalTech,5,770.85,104.64,161.88,2024-10-02,Online,Italia,EUR
Guantes Gym,Electrónica,LogiTech,5,213.71,9.24,44.88,2024-01-15,Online,Alemania,EUR
Microfono Pro,Deportes,GlobalTech,5,777.38,5.61,163.25,2024-09-01,Online,Alemania,EUR
Smartphone Mini,Hogar,HomePlus,5,936.66,98.28,196.7,2024-12-19,Tienda,Portugal,EUR
Mouse Gamer,Electrónica,HomePlus,4,1016.85,39.36,213.54,2024-06-19,Online,Italia,EUR
Smartphone Mini,Hogar,TechCorp,2,410.59,27.9,86.22,2024-06-26,Tienda,Alemania,EUR
TV 55,Deportes,Distribuciones Europa,2,1297.35,184.91,272.44,2024-05-11,Online,Italia,EUR
Silla Gamer,Audio,TechCorp,4,1930.64,203.94,405.43,2024-12-17,Distribuidor,España,EUR
Batidora Pro,Accesorios,Distribuciones Europa,2,463.2,7.75,97.27,2024-02-04,Online,Portugal,EUR
Casco Bicicleta,Accesorios,GlobalTech,1,693.83,53.35,145.7,2024-09-18,Distribuidor,Francia,EUR
Pelota Fitness,Video,ProGear,5,2229.74,330.19,468.25,2024-11-21,Online,Alemania,EUR
Cargador USB-C,Hogar,LogiTech,2,470.63,24.54,98.83,2024-01-06,Online,España,EUR
Zapatillas Running,Oficina,GlobalTech,2,942.92,97.86,198.01,2024-06-05,Tienda,España,EUR
Teclado Mecánico,Hogar,LogiTech,1,753.25,81.52,158.18,2024-05-15,Tienda,Alemania,EUR
Mouse Gamer,Deportes,FashionCorp,1,269.36,7.17,56.57,2024-08-27,Online,España,EUR
Mochila Travel,Video,HomePlus,2,1846.12,249.57,387.69,2024-01-06,Distribuidor,España,EUR
SSD 1TB,Video,HomePlus,5,80.53,10.17,16.91,2024-04-12,Distribuidor,Portugal,EUR
Tostadora,Accesorios,Distribuciones Europa,5,628.85,47.81,132.06,2024-02-16,Distribuidor,Francia,EUR
Plancha Vapor,Hogar,FashionCorp,1,869.86,98.77,182.67,2024-07-22,Distribuidor,Portugal,EUR
Barra de Sonido,Accesorios,SportWorld,3,684.05,38.87,143.65,2024-03-28,Online,España,EUR
Monitor 32,Deportes,LogiTech,2,1135.2,143.74,238.39,2024-04-27,Distribuidor,Francia,EUR
Smartphone Mini,Deportes,ProGear,2,434.58,32.88,91.26,2024-03-19,Tienda,Francia,EUR
Aspiradora Robot,Hogar,SportWorld,4,933.99,114.45,196.14,2024-02-27,Distribuidor,Portugal,EUR
Plancha Vapor,Hogar,MegaStore,3,565.97,63.2,118.85,2024-02-29,Tienda,Italia,EUR
Smartwatch,Oficina,ProGear,5,262.89,4.84,55.21,2024-03-08,Tienda,Portugal,EUR
Mouse Gamer,Video,FashionCorp,4,831.61,23.59,174.64,2024-06-19,Online,Alemania,EUR
Aspiradora Robot,Oficina,ElectroMax,3,1292.21,147.71,271.36,2024-09-18,Tienda,Alemania,EUR
Silla Gamer,Accesorios,LogiTech,3,850.1,101.81,178.52,2024-05-08,Distribuidor,Alemania,EUR
Cargador USB-C,Audio,GlobalTech,3,1071.71,54.17,225.06,2024-02-23,Distribuidor,Italia,EUR
Zapatillas Running,Deportes,ElectroMax,4,1023.91,128.66,215.02,2024-08-19,Tienda,Portugal,EUR
Monitor 27,Accesorios,ElectroMax,2,1480.25,138.29,310.85,2024-01-13,Tienda,Portugal,EUR
Auriculares Bluetooth,Deportes,LogiTech,1,865.8,73.01,181.82,2024-05-18,Online,España,EUR
Router WiFi,Oficina,LogiTech,4,1002.13,113.68,210.45,2024-08-05,Online,España,EUR
Cámara HD,Audio,HomePlus,3,1390.09,175.88,291.92,2024-09-02,Online,España,EUR
HDD 2TB,Deportes,Distribuciones Europa,1,590.55,29.27,124.02,2024-10-25,Online,Portugal,EUR
Microfono Pro,Deportes,Distribuciones Europa,5,33.46,3.58,7.03,2024-08-30,Online,España,EUR
Drone Mini,Accesorios,TechCorp,5,535.52,6.53,112.46,2024-08-08,Online,Francia,EUR
Cafetera Automática,Oficina,GlobalTech,1,743.47,2.6,156.13,2024-06-07,Tienda,Alemania,EUR
Cargador USB-C,Hogar,MegaStore,3,882.41,44.25,185.31,2024-09-16,Online,Portugal,EUR
Auriculares Bluetooth,Hogar,HomePlus,1,308.28,1.32,64.74,2024-08-14,Distribuidor,Portugal,EUR
Memoria RAM 16GB,Accesorios,HomePlus,2,1325.62,160.42,278.38,2024-05-04,Tienda,España,EUR
Mochila Travel,Moda,HomePlus,2,628.88,90.38,132.06,2024-12-22,Online,Francia,EUR
Smartwatch,Video,Distribuciones Europa,1,474.95,63.96,99.74,2024-06-07,Distribuidor,España,EUR
Escritorio Oficina,Deportes,GlobalTech,3,1612.08,192.27,338.54,2024-03-30,Tienda,Francia,EUR
Altavoz Bluetooth,Moda,FashionCorp,2,1358.31,53.68,285.25,2024-09-01,Distribuidor,Francia,EUR
Smartwatch,Moda,HomePlus,5,51.03,3.11,10.72,2024-11-23,Tienda,Italia,EUR
Webcam FullHD,Video,SportWorld,4,480.17,37.01,100.84,2024-08-25,Online,Portugal,EUR
Zapatillas Running,Audio,ProGear,4,754.76,13.22,158.5,2024-05-01,Distribuidor,Alemania,EUR
Altavoz Bluetooth,Video,MegaStore,3,164.0,16.33,34.44,2024-02-18,Distribuidor,Alemania,EUR
Webcam FullHD,Moda,FashionCorp,3,97.08,4.68,20.39,2024-04-22,Online,Portugal,EUR
Refrigerador Mini,Audio,Distribuciones Europa,2,1430.42,23.0,300.39,2024-12-27,Distribuidor,Portugal,EUR
Silla Gamer,Audio,HomePlus,4,219.36,19.55,46.07,2024-06-05,Distribuidor,Alemania,EUR
Colchoneta Yoga,Accesorios,GlobalTech,5,1072.89,90.73,225.31,2024-12-20,Online,Portugal,EUR
Pelota Fitness,Video,GlobalTech,3,911.25,105.8,191.36,2024-03-15,Distribuidor,Francia,EUR
Monitor 32,Deportes,FashionCorp,1,576.38,77.84,121.04,2024-06-10,Distribuidor,Alemania,EUR
Silla Gamer,Oficina,TechCorp,1,973.51,122.13,204.44,2024-04-21,Distribuidor,Italia,EUR
Webcam FullHD,Hogar,LogiTech,3,1354.0,107.31,284.34,2024-09-10,Distribuidor,Italia,EUR
Monitor 32,Moda,HomePlus,3,599.05,6.99,125.8,2024-04-17,Distribuidor,Italia,EUR
Monitor 32,Electrónica,LogiTech,3,813.89,110.69,170.92,2024-06-15,Tienda,Portugal,EUR
Refrigerador Mini,Oficina,TechCorp,1,1196.51,174.04,251.27,2024-10-29,Online,España,EUR
Aspiradora Robot,Hogar,GlobalTech,3,384.41,2.83,80.73,2024-10-04,Online,Francia,EUR
HDD 2TB,Moda,LogiTech,2,688.56,54.15,144.6,2024-02-13,Tienda,Francia,EUR
Ventilador Turbo,Electrónica,LogiTech,4,1380.22,54.53,289.85,2024-01-15,Distribuidor,Portugal,EUR
Altavoz Bluetooth,Electrónica,ProGear,3,1311.12,185.78,275.34,2024-01-21,Distribuidor,Francia,EUR
Teclado Mecánico,Oficina,GlobalTech,4,40.22,5.4,8.45,2024-06-08,Online,Francia,EUR
Smartwatch,Electrónica,LogiTech,3,1326.81,22.17,278.63,2024-10-07,Tienda,Francia,EUR
Router WiFi,Moda,GlobalTech,3,1568.63,204.93,329.41,2024-03-29,Tienda,Italia,EUR
Router WiFi,Electrónica,GlobalTech,3,1580.56,195.79,331.92,2024-03-05,Distribuidor,Alemania,EUR
Ventilador Turbo,Deportes,Distribuciones Europa,2,933.5,90.86,196.03,2024-03-29,Online,Portugal,EUR
Webcam FullHD,Electrónica,ProGear,5,1367.5,113.99,287.18,2024-09-04,Distribuidor,España,EUR
Impresora Laser,Moda,GlobalTech,4,1596.96,110.48,335.36,2024-04-12,Distribuidor,España,EUR
Mochila Travel,Electrónica,GlobalTech,1,583.1,5.16,122.45,2024-07-18,Tienda,España,EUR
Altavoz Bluetooth,Video,GlobalTech,2,890.67,15.37,187.04,2024-10-16,Online,Portugal,EUR
Altavoz Bluetooth,Moda,ElectroMax,4,946.87,102.22,198.84,2024-10-09,Online,Alemania,EUR
Router WiFi,Deportes,LogiTech,4,1300.32,178.99,273.07,2024-05-30,Online,Alemania,EUR
HDD 2TB,Hogar,ElectroMax,5,974.6,22.84,204.67,2024-11-02,Online,Italia,EUR
Casco Bicicleta,Video,Distribuciones Europa,2,292.68,29.09,61.46,2024-12-15,Tienda,Italia,EUR
Colchoneta Yoga,Oficina,HomePlus,5,304.3,32.14,63.9,2024-12-24,Tienda,España,EUR
Batidora Pro,Video,Distribuciones Europa,5,856.26,21.09,179.81,2024-11-26,Distribuidor,Francia,EUR
Tostadora,Oficina,HomePlus,4,1073.18,144.02,225.37,2024-07-26,Distribuidor,España,EUR
Microfono Pro,Oficina,MegaStore,5,752.93,112.56,158.12,2024-07-25,Online,Alemania,EUR
Memoria RAM 16GB,Video,GlobalTech,1,852.09,60.74,178.94,2024-03-17,Distribuidor,España,EUR
Monitor 32,Hogar,FashionCorp,2,355.1,4.11,74.57,2024-06-09,Distribuidor,Italia,EUR
Gafas Sol,Deportes,MegaStore,5,572.25,29.34,120.17,2024-03-02,Tienda,España,EUR
Memoria RAM 16GB,Audio,TechCorp,3,392.76,2.11,82.48,2024-07-27,Online,Alemania,EUR
Casco Bicicleta,Oficina,ProGear,3,61.19,2.63,12.85,2024-01-04,Online,Alemania,EUR
Reloj Deportivo,Audio,TechCorp,1,921.65,85.72,193.55,2024-03-24,Distribuidor,Italia,EUR
Router WiFi,Accesorios,LogiTech,2,180.59,25.59,37.92,2024-04-08,Online,Portugal,EUR
Smartphone Mini,Hogar,SportWorld,3,1099.73,14.14,230.94,2024-05-14,Online,Alemania,EUR
TV 65,Deportes,SportWorld,1,651.55,65.58,136.83,2024-12-21,Online,Alemania,EUR
PowerBank 20k,Audio,ProGear,2,828.61,69.04,174.01,2024-04-20,Online,Alemania,EUR
Monitor 32,Accesorios,HomePlus,2,1150.91,130.82,241.69,2024-05-25,Distribuidor,Italia,EUR
Set Mancuernas,Electrónica,LogiTech,2,765.71,14.49,160.8,2024-03-10,Online,España,EUR
Cafetera Automática,Video,FashionCorp,5,47.3,1.08,9.93,2024-05-27,Online,Francia,EUR
PowerBank 20k,Electrónica,Distribuciones Europa,3,47.7,1.25,10.02,2024-08-02,Distribuidor,Francia,EUR
Webcam FullHD,Hogar,HomePlus,1,1242.96,145.69,261.02,2024-11-18,Distribuidor,Italia,EUR
Casco Bicicleta,Moda,LogiTech,2,543.73,80.22,114.18,2024-04-29,Tienda,Italia,EUR
Cafetera Automática,Oficina,HomePlus,2,822.88,112.07,172.8,2024-06-09,Online,Portugal,EUR
Smartphone X,Accesorios,ElectroMax,4,1058.16,113.03,222.21,2024-08-27,Tienda,Francia,EUR
Gafas Sol,Oficina,Distribuciones Europa,5,1872.83,39.22,393.29,2024-01-28,Tienda,Francia,EUR
Tablet Plus,Hogar,Distribuciones Europa,4,1320.81,33.72,277.37,2024-09-13,Tienda,Italia,EUR
Silla Gamer,Deportes,MegaStore,1,957.81,4.2,201.14,2024-09-17,Tienda,Francia,EUR
Auriculares Bluetooth,Deportes,HomePlus,4,51.44,4.49,10.8,2024-12-10,Tienda,Alemania,EUR
Pantalón Trekking,Audio,MegaStore,2,102.51,9.64,21.53,2024-09-05,Tienda,Alemania,EUR
Smartwatch,Audio,FashionCorp,2,199.72,8.51,41.94,2024-08-18,Distribuidor,España,EUR
Guantes Gym,Moda,HomePlus,4,808.68,110.86,169.82,2024-07-04,Online,España,EUR
Cargador USB-C,Hogar,Distribuciones Europa,5,51.06,4.52,10.72,2024-11-27,Distribuidor,Italia,EUR
Smartphone X,Video,TechCorp,3,1139.8,96.94,239.36,2024-08-20,Online,Italia,EUR
Auriculares Bluetooth,Hogar,GlobalTech,2,132.14,16.64,27.75,2024-05-12,Tienda,Francia,EUR
Smartwatch,Audio,TechCorp,4,1229.39,165.75,258.17,2024-06-13,Tienda,Alemania,EUR
Altavoz Bluetooth,Moda,Distribuciones Europa,2,473.72,68.56,99.48,2024-07-28,Tienda,Francia,EUR
Drone Mini,Audio,MegaStore,3,67.25,7.44,14.12,2024-07-08,Distribuidor,Francia,EUR
Plancha Vapor,Oficina,FashionCorp,4,688.33,79.56,144.55,2024-04-18,Tienda,Alemania,EUR
Smartphone Mini,Electrónica,Distribuciones Europa,2,860.22,113.39,180.65,2024-08-11,Distribuidor,Alemania,EUR
Aspiradora Robot,Audio,TechCorp,4,1370.1,146.88,287.72,2024-09-16,Distribuidor,Alemania,EUR
Gafas Sol,Hogar,TechCorp,5,447.25,38.1,93.92,2024-01-02,Tienda,Portugal,EUR
Pantalón Trekking,Oficina,MegaStore,1,659.62,3.29,138.52,2024-11-03,Tienda,Italia,EUR
Drone Mini,Electrónica,LogiTech,1,1245.61,107.87,261.58,2024-02-21,Tienda,Portugal,EUR
Plancha Vapor,Video,FashionCorp,1,105.04,3.43,22.06,2024-12-11,Online,Francia,EUR
Smartphone X,Electrónica,ElectroMax,1,358.72,7.71,75.33,2024-05-18,Online,Italia,EUR
TV 65,Oficina,Distribuciones Europa,4,194.36,2.8,40.82,2024-04-30,Online,Alemania,EUR
Silla Gamer,Oficina,ProGear,2,779.74,56.44,163.75,2024-01-04,Online,Portugal,EUR
Set Mancuernas,Deportes,SportWorld,4,66.01,7.54,13.86,2024-10-09,Distribuidor,España,EUR
Colchoneta Yoga,Electrónica,SportWorld,4,759.02,19.5,159.39,2024-07-20,Distribuidor,Alemania,EUR
Guantes Gym,Electrónica,HomePlus,2,1069.85,48.03,224.67,2024-01-30,Online,España,EUR
Pantalón Trekking,Moda,ProGear,5,1149.78,26.03,241.45,2024-03-26,Online,España,EUR
Gafas Sol,Hogar,Distribuciones Europa,4,207.39,0.56,43.55,2024-06-06,Online,Alemania,EUR
Cafetera Automática,Audio,HomePlus,2,269.69,9.8,56.63,2024-07-19,Distribuidor,Portugal,EUR
Proyector HD,Oficina,GlobalTech,5,130.3,10.88,27.36,2024-04-28,Online,Italia,EUR
Zapatillas Running,Hogar,ElectroMax,3,1062.53,8.0,223.13,2024-05-01,Online,Francia,EUR
TV 65,Accesorios,ProGear,2,1168.09,41.92,245.3,2024-02-24,Tienda,España,EUR
Plancha Vapor,Accesorios,SportWorld,5,1117.16,85.51,234.6,2024-09-14,Online,Italia,EUR
Mouse Gamer,Accesorios,HomePlus,5,1098.52,88.35,230.69,2024-06-25,Tienda,Portugal,EUR
SSD 1TB,Moda,FashionCorp,1,16.13,2.15,3.39,2024-12-24,Distribuidor,España,EUR
Mochila Travel,Electrónica,ElectroMax,5,212.41,12.9,44.61,2024-01-29,Online,Francia,EUR
Cámara HD,Accesorios,ElectroMax,4,401.38,18.9,84.29,2024-08-30,Online,Alemania,EUR
TV 55,Oficina,SportWorld,3,998.63,76.41,209.71,2024-09-09,Distribuidor,Italia,EUR
Proyector HD,Accesorios,Distribuciones Europa,2,487.19,29.31,102.31,2024-08-23,Online,Alemania,EUR
Smartwatch,Oficina,LogiTech,4,569.78,49.42,119.65,2024-05-04,Online,España,EUR
PowerBank 20k,Accesorios,GlobalTech,3,1531.88,85.68,321.69,2024-03-11,Online,España,EUR
Mochila Travel,Electrónica,ProGear,5,378.21,38.29,79.42,2024-10-11,Distribuidor,Italia,EUR
Smartphone X,Moda,MegaStore,2,457.62,51.67,96.1,2024-05-18,Distribuidor,Alemania,EUR
Drone Mini,Accesorios,Distribuciones Europa,4,330.87,9.75,69.48,2024-03-24,Online,España,EUR
Smartphone Mini,Video,FashionCorp,5,1169.64,145.29,245.62,2024-04-11,Online,Francia,EUR
Monitor 32,Moda,ProGear,3,1101.41,150.97,231.3,2024-04-20,Tienda,España,EUR
Batidora Pro,Hogar,MegaStore,5,1043.34,119.75,219.1,2024-06-17,Tienda,Francia,EUR
PowerBank 20k,Hogar,ProGear,5,387.9,21.17,81.46,2024-04-03,Distribuidor,España,EUR
Altavoz Bluetooth,Deportes,ElectroMax,2,1812.86,224.71,380.7,2024-11-05,Tienda,Alemania,EUR
Cafetera Automática,Moda,MegaStore,2,437.81,41.31,91.94,2024-08-17,Tienda,Francia,EUR
Monitor 32,Oficina,FashionCorp,3,1280.03,7.62,268.81,2024-12-18,Online,Italia,EUR
Gafas Sol,Hogar,HomePlus,3,1129.19,88.62,237.13,2024-05-06,Online,Francia,EUR
Laptop Pro,Accesorios,LogiTech,1,229.43,11.75,48.18,2024-07-30,Distribuidor,Portugal,EUR
Webcam FullHD,Moda,TechCorp,2,146.03,4.67,30.67,2024-05-30,Online,Francia,EUR
Batidora Pro,Video,FashionCorp,5,628.61,38.25,132.01,2024-06-28,Distribuidor,Alemania,EUR
Gafas Sol,Audio,HomePlus,5,1065.8,13.61,223.82,2024-10-19,Online,Alemania,EUR
Laptop Pro,Oficina,MegaStore,5,935.49,43.93,196.45,2024-05-01,Distribuidor,Alemania,EUR
PowerBank 20k,Audio,ProGear,3,1901.77,33.27,399.37,2024-12-18,Tienda,España,EUR
Aspiradora Robot,Electrónica,FashionCorp,3,482.27,49.74,101.28,2024-07-16,Tienda,Francia,EUR
Refrigerador Mini,Accesorios,ProGear,1,1005.9,107.29,211.24,2024-11-18,Online,Alemania,EUR
Lámpara LED,Deportes,TechCorp,5,1794.65,122.76,376.88,2024-01-10,Online,España,EUR
Chaqueta Invierno,Audio,ProGear,2,525.48,13.43,110.35,2024-11-28,Distribuidor,España,EUR
Barra de Sonido,Oficina,HomePlus,2,1091.59,142.27,229.23,2024-08-28,Online,Portugal,EUR
HDD 2TB,Electrónica,GlobalTech,5,1253.42,160.86,263.22,2024-12-04,Tienda,España,EUR
Aspiradora Robot,Hogar,ProGear,3,799.4,3.26,167.87,2024-01-11,Distribuidor,Francia,EUR
Monitor 27,Video,MegaStore,5,320.36,38.8,67.28,2024-07-09,Online,Francia,EUR
Cargador USB-C,Hogar,TechCorp,2,952.1,111.95,199.94,2024-09-16,Tienda,Alemania,EUR
Casco Bicicleta,Accesorios,MegaStore,2,145.74,6.05,30.61,2024-03-10,Tienda,Francia,EUR
Batidora Pro,Deportes,SportWorld,3,983.0,134.22,206.43,2024-01-02,Online,Francia,EUR
Altavoz Bluetooth,Accesorios,Distribuciones Europa,5,1273.07,74.26,267.34,2024-08-31,Distribuidor,España,EUR
TV 65,Deportes,LogiTech,5,1120.34,145.87,235.27,2024-09-25,Tienda,Italia,EUR
Reloj Deportivo,Hogar,GlobalTech,2,1394.78,22.32,292.9,2024-10-22,Tienda,Alemania,EUR
Plancha Vapor,Video,SportWorld,4,573.05,81.74,120.34,2024-01-13,Tienda,España,EUR
Memoria RAM 16GB,Accesorios,LogiTech,3,1060.61,20.58,222.73,2024-12-07,Distribuidor,Portugal,EUR
Smartphone X,Hogar,Distribuciones Europa,2,568.8,5.85,119.45,2024-11-08,Tienda,Francia,EUR
Batidora Pro,Accesorios,GlobalTech,1,528.54,63.09,110.99,2024-01-14,Online,Portugal,EUR
Pantalón Trekking,Electrónica,LogiTech,5,1503.53,134.27,315.74,2024-11-27,Tienda,Alemania,EUR
Set Mancuernas,Electrónica,HomePlus,5,310.44,3.61,65.19,2024-07-14,Tienda,Alemania,EUR
Aspiradora Robot,Hogar,SportWorld,5,1195.75,169.99,251.11,2024-08-30,Tienda,España,EUR
Monitor 32,Hogar,MegaStore,5,15.2,1.94,3.19,2024-10-16,Distribuidor,España,EUR
HDD 2TB,Deportes,GlobalTech,2,913.58,108.7,191.85,2024-08-03,Online,Portugal,EUR
Aspiradora Robot,Moda,ElectroMax,4,716.94,107.29,150.56,2024-11-02,Online,Portugal,EUR
Tablet Plus,Accesorios,ProGear,1,1206.1,79.4,253.28,2024-08-29,Distribuidor,Francia,EUR
Cámara HD,Oficina,ElectroMax,4,255.4,8.51,53.63,2024-01-15,Online,Italia,EUR
Ventilador Turbo,Video,SportWorld,5,1388.12,185.37,291.51,2024-11-01,Distribuidor,Alemania,EUR
Cafetera Automática,Moda,HomePlus,2,869.56,124.3,182.61,2024-02-13,Online,Francia,EUR
Aspiradora Robot,Moda,LogiTech,4,422.6,39.76,88.75,2024-12-31,Online,Francia,EUR
Gafas Sol,Audio,Distribuciones Europa,2,859.41,71.0,180.48,2024-09-03,Distribuidor,Italia,EUR
Smartwatch,Audio,ElectroMax,5,481.32,1.8,101.08,2024-09-17,Tienda,Alemania,EUR
Gafas Sol,Electrónica,FashionCorp,2,1174.46,123.73,246.64,2024-04-04,Tienda,Alemania,EUR
Smartphone Mini,Moda,MegaStore,1,1258.23,136.84,264.23,2024-07-04,Distribuidor,Italia,EUR
Ventilador Turbo,Deportes,SportWorld,5,1462.24,186.59,307.07,2024-04-30,Tienda,Francia,EUR
Proyector HD,Electrónica,ElectroMax,2,426.63,14.97,89.59,2024-11-15,Online,Italia,EUR
Smartphone X,Moda,Distribuciones Europa,5,364.15,33.32,76.47,2024-12-16,Online,España,EUR
Pelota Fitness,Hogar,ElectroMax,3,586.9,70.5,123.25,2024-02-24,Distribuidor,España,EUR
TV 65,Accesorios,LogiTech,5,1315.81,53.89,276.32,2024-01-14,Tienda,Francia,EUR
Zapatillas Running,Oficina,ElectroMax,1,1525.7,188.03,320.4,2024-04-10,Tienda,Italia,EUR
Impresora Laser,Oficina,MegaStore,2,1899.35,48.98,398.86,2024-11-25,Tienda,Francia,EUR
Reloj Deportivo,Deportes,HomePlus,5,1478.49,217.48,310.48,2024-09-27,Online,España,EUR
Tablet Plus,Moda,ProGear,3,1173.99,152.31,246.54,2024-03-09,Distribuidor,Italia,EUR
Altavoz Bluetooth,Hogar,Distribuciones Europa,3,952.84,2.73,200.1,2024-06-24,Online,Alemania,EUR
Altavoz Bluetooth,Hogar,MegaStore,1,1250.6,58.02,262.63,2024-08-23,Tienda,España,EUR
Mouse Gamer,Audio,ElectroMax,2,915.47,18.22,192.25,2024-06-14,Online,Italia,EUR
SSD 1TB,Video,Distribuciones Europa,3,932.7,47.38,195.87,2024-05-06,Distribuidor,España,EUR
Cafetera Automática,Hogar,ElectroMax,1,298.32,14.69,62.65,2024-10-11,Distribuidor,España,EUR
Smartphone X,Accesorios,TechCorp,3,95.35,13.71,20.02,2024-09-30,Online,Francia,EUR
Colchoneta Yoga,Video,HomePlus,4,1209.96,42.53,254.09,2024-03-29,Tienda,Italia,EUR
Aspiradora Robot,Audio,MegaStore,1,859.04,56.0,180.4,2024-11-08,Online,Portugal,EUR
Guantes Gym,Electrónica,MegaStore,5,311.49,30.83,65.41,2024-09-15,Distribuidor,Portugal,EUR
Cámara HD,Moda,HomePlus,3,415.23,30.82,87.2,2024-04-17,Distribuidor,Alemania,EUR
Guantes Gym,Deportes,LogiTech,3,657.61,63.03,138.1,2024-07-27,Online,Italia,EUR
Proyector HD,Electrónica,ElectroMax,1,2152.56,197.69,452.04,2024-11-06,Tienda,España,EUR
PowerBank 20k,Oficina,FashionCorp,4,137.46,5.4,28.87,2024-07-30,Distribuidor,España,EUR
Teclado Mecánico,Electrónica,GlobalTech,5,1231.42,59.34,258.6,2024-05-10,Online,Alemania,EUR
Cargador USB-C,Video,Distribuciones Europa,3,492.36,36.89,103.4,2024-11-30,Distribuidor,Portugal,EUR
Silla Gamer,Audio,HomePlus,3,636.75,61.14,133.72,2024-05-25,Online,Francia,EUR
Lámpara LED,Oficina,FashionCorp,5,1059.59,100.37,222.51,2024-01-14,Tienda,Portugal,EUR
Laptop Pro,Electrónica,Distribuciones Europa,3,769.43,27.17,161.58,2024-11-20,Online,Francia,EUR
Monitor 32,Electrónica,TechCorp,5,339.98,16.81,71.4,2024-02-04,Distribuidor,Francia,EUR
Batidora Pro,Oficina,LogiTech,4,459.56,5.49,96.51,2024-03-16,Online,Francia,EUR
Guantes Gym,Moda,LogiTech,4,1898.18,160.94,398.62,2024-11-13,Distribuidor,España,EUR
Chaqueta Invierno,Video,GlobalTech,2,1453.99,97.94,305.34,2024-02-02,Distribuidor,Portugal,EUR
Teclado Mecánico,Hogar,GlobalTech,5,1129.13,28.23,237.12,2024-07-07,Online,Alemania,EUR
Tablet Plus,Deportes,Distribuciones Europa,4,251.72,31.0,52.86,2024-05-13,Online,Portugal,EUR
Proyector HD,Hogar,ElectroMax,3,990.39,71.87,207.98,2024-06-03,Distribuidor,Alemania,EUR
Smartphone X,Video,MegaStore,4,357.36,37.5,75.05,2024-09-04,Tienda,Portugal,EUR
Cafetera Automática,Deportes,ElectroMax,4,1028.74,45.56,216.04,2024-03-23,Distribuidor,Italia,EUR
Barra de Sonido,Audio,MegaStore,1,77.81,6.55,16.34,2024-05-16,Online,Italia,EUR
Monitor 32,Moda,TechCorp,5,624.85,77.47,131.22,2024-10-02,Distribuidor,Alemania,EUR
Smartwatch,Video,FashionCorp,5,760.44,105.78,159.69,2024-06-11,Tienda,Alemania,EUR
Batidora Pro,Video,TechCorp,5,510.41,68.37,107.19,2024-06-25,Distribuidor,Portugal,EUR
Aspiradora Robot,Deportes,HomePlus,2,916.82,18.27,192.53,2024-12-17,Tienda,Francia,EUR
Set Mancuernas,Moda,ElectroMax,2,255.23,23.52,53.6,2024-04-25,Online,Portugal,EUR
Webcam FullHD,Audio,MegaStore,4,989.64,142.27,207.82,2024-07-11,Tienda,España,EUR
Monitor 32,Video,HomePlus,3,1670.76,17.65,350.86,2024-12-27,Tienda,Italia,EUR
Pelota Fitness,Deportes,ElectroMax,3,1451.79,97.19,304.88,2024-03-27,Online,Italia,EUR
Tostadora,Audio,HomePlus,1,468.69,15.93,98.42,2024-11-07,Tienda,España,EUR
TV 65,Video,MegaStore,5,211.74,2.64,44.47,2024-11-05,Tienda,Alemania,EUR
Monitor 27,Oficina,LogiTech,5,920.1,119.69,193.22,2024-06-26,Tienda,España,EUR
Smartphone X,Video,SportWorld,5,920.21,74.88,193.24,2024-10-09,Tienda,Alemania,EUR
Mochila Travel,Accesorios,Distribuciones Europa,5,32.95,4.55,6.92,2024-05-24,Distribuidor,España,EUR
Router WiFi,Electrónica,ProGear,5,661.2,41.73,138.85,2024-09-16,Online,Portugal,EUR
Tostadora,Audio,ProGear,3,450.35,49.82,94.57,2024-12-08,Online,Francia,EUR
Laptop Air,Audio,ProGear,3,882.71,93.5,185.37,2024-04-22,Online,Alemania,EUR
Guantes Gym,Audio,Distribuciones Europa,3,1697.97,106.3,356.57,2024-01-11,Online,España,EUR
Pantalón Trekking,Accesorios,MegaStore,1,1101.1,47.26,231.23,2024-07-09,Online,España,EUR
Tablet Plus,Electrónica,GlobalTech,2,385.47,17.28,80.95,2024-02-27,Tienda,Portugal,EUR
Tostadora,Moda,HomePlus,3,1443.38,138.01,303.11,2024-05-30,Online,Italia,EUR
Altavoz Bluetooth,Electrónica,ElectroMax,1,360.01,33.93,75.6,2024-09-13,Tienda,Portugal,EUR
Zapatillas Running,Oficina,MegaStore,4,1400.44,111.3,294.09,2024-11-29,Tienda,Portugal,EUR
Monitor 32,Accesorios,LogiTech,3,590.33,73.83,123.97,2024-03-19,Online,Francia,EUR
Altavoz Bluetooth,Audio,HomePlus,4,43.11,3.77,9.05,2024-08-30,Distribuidor,Francia,EUR
Drone Mini,Accesorios,TechCorp,1,1366.0,87.12,286.86,2024-05-20,Distribuidor,Portugal,EUR
Monitor 27,Hogar,MegaStore,3,1267.98,89.59,266.28,2024-09-27,Distribuidor,España,EUR
Aspiradora Robot,Hogar,MegaStore,4,454.07,54.65,95.35,2024-06-06,Tienda,Francia,EUR
Silla Gamer,Moda,FashionCorp,3,519.53,57.49,109.1,2024-12-22,Online,Francia,EUR
Escritorio Oficina,Video,HomePlus,5,1144.2,92.82,240.28,2024-06-03,Tienda,Italia,EUR
HDD 2TB,Accesorios,LogiTech,4,818.44,2.45,171.87,2024-12-24,Online,España,EUR
Cámara HD,Oficina,GlobalTech,2,1991.55,117.64,418.23,2024-11-27,Distribuidor,España,EUR
Zapatillas Running,Deportes,SportWorld,3,427.81,39.52,89.84,2024-04-06,Distribuidor,Italia,EUR
Tablet Plus,Electrónica,ElectroMax,4,364.79,6.99,76.61,2024-04-19,Distribuidor,Alemania,EUR
TV 55,Video,ElectroMax,3,1346.05,168.52,282.67,2024-01-13,Distribuidor,Italia,EUR
Barra de Sonido,Video,ProGear,2,1749.49,109.17,367.39,2024-11-23,Online,Francia,EUR
Laptop Pro,Deportes,FashionCorp,4,1659.68,80.17,348.53,2024-11-14,Online,España,EUR
Teclado Mecánico,Audio,LogiTech,2,1010.57,74.1,212.22,2024-06-30,Distribuidor,España,EUR
Webcam FullHD,Audio,SportWorld,3,767.61,16.88,161.2,2024-08-27,Distribuidor,España,EUR
Zapatillas Running,Oficina,ProGear,1,1034.09,132.35,217.16,2024-06-22,Online,Portugal,EUR
Mouse Gamer,Accesorios,HomePlus,2,836.63,44.65,175.69,2024-02-15,Online,Francia,EUR
Smartphone X,Video,LogiTech,1,1225.46,68.81,257.35,2024-09-28,Tienda,España,EUR
Colchoneta Yoga,Audio,SportWorld,4,1448.15,78.27,304.11,2024-03-30,Tienda,Italia,EUR
TV 65,Deportes,TechCorp,5,1777.07,13.32,373.18,2024-01-01,Distribuidor,Italia,EUR
Set Mancuernas,Audio,ElectroMax,5,31.92,1.16,6.7,2024-07-18,Online,Portugal,EUR
Ventilador Turbo,Audio,TechCorp,3,2234.7,216.8,469.29,2024-11-23,Online,Francia,EUR
Guantes Gym,Hogar,MegaStore,5,566.19,1.73,118.9,2024-04-15,Tienda,Alemania,EUR
Reloj Deportivo,Audio,TechCorp,3,173.12,24.4,36.36,2024-12-07,Distribuidor,Italia,EUR
Escritorio Oficina,Video,TechCorp,2,102.88,8.39,21.6,2024-08-14,Online,Italia,EUR
Proyector HD,Oficina,LogiTech,5,709.74,94.36,149.05,2024-05-28,Tienda,Portugal,EUR
Batidora Pro,Deportes,ElectroMax,3,1238.18,9.14,260.02,2024-04-17,Distribuidor,España,EUR
Refrigerador Mini,Video,TechCorp,2,203.49,12.31,42.73,2024-11-01,Distribuidor,Alemania,EUR
Pelota Fitness,Moda,FashionCorp,3,138.81,11.32,29.15,2024-12-21,Online,Italia,EUR
Reloj Deportivo,Moda,FashionCorp,3,112.5,0.47,23.62,2024-10-19,Distribuidor,Portugal,EUR
Plancha Vapor,Audio,ProGear,1,1487.65,167.87,312.41,2024-11-18,Distribuidor,Italia,EUR
Cargador USB-C,Accesorios,Distribuciones Europa,1,880.56,81.06,184.92,2024-10-09,Tienda,Francia,EUR
Impresora Laser,Deportes,LogiTech,4,1004.66,88.54,210.98,2024-03-06,Distribuidor,España,EUR
Monitor 32,Moda,TechCorp,1,1184.56,162.44,248.76,2024-02-13,Distribuidor,Italia,EUR
Laptop Pro,Audio,ProGear,1,341.45,11.07,71.7,2024-04-25,Distribuidor,Portugal,EUR
SSD 1TB,Deportes,HomePlus,5,487.04,15.78,102.28,2024-05-23,Online,Alemania,EUR
Ventilador Turbo,Video,Distribuciones Europa,2,1663.1,228.27,349.25,2024-01-17,Tienda,Alemania,EUR
Plancha Vapor,Audio,HomePlus,3,1047.79,45.74,220.04,2024-02-03,Tienda,Francia,EUR
Cargador USB-C,Deportes,Distribuciones Europa,2,583.72,80.62,122.58,2024-03-17,Online,España,EUR
Silla Gamer,Oficina,ProGear,5,706.85,96.97,148.44,2024-07-05,Tienda,Portugal,EUR
Aspiradora Robot,Electrónica,SportWorld,3,1110.89,131.52,233.29,2024-12-07,Online,Portugal,EUR
Casco Bicicleta,Deportes,Distribuciones Europa,3,1336.61,128.66,280.69,2024-09-27,Online,Italia,EUR
Pantalón Trekking,Oficina,ElectroMax,3,647.32,69.57,135.94,2024-06-21,Distribuidor,España,EUR
Microfono Pro,Electrónica,Distribuciones Europa,1,254.53,4.84,53.45,2024-01-25,Online,Francia,EUR
Aspiradora Robot,Electrónica,MegaStore,2,1315.0,181.8,276.15,2024-11-20,Online,Francia,EUR
Guantes Gym,Hogar,LogiTech,2,30.84,0.32,6.48,2024-02-17,Tienda,España,EUR
Impresora Laser,Moda,FashionCorp,4,1603.89,1.7,336.82,2024-11-24,Distribuidor,Francia,EUR
Tostadora,Hogar,ProGear,1,32.22,4.29,6.77,2024-07-03,Online,Italia,EUR
HDD 2TB,Hogar,ProGear,1,1833.56,233.68,385.05,2024-01-10,Online,España,EUR
Microfono Pro,Video,TechCorp,1,964.03,53.17,202.45,2024-10-11,Online,Francia,EUR
Colchoneta Yoga,Hogar,FashionCorp,5,370.7,15.11,77.85,2024-06-02,Online,Italia,EUR
Drone Mini,Deportes,FashionCorp,2,493.42,28.7,103.62,2024-12-30,Online,España,EUR
Escritorio Oficina,Moda,MegaStore,5,159.04,2.47,33.4,2024-03-17,Distribuidor,Francia,EUR
Tostadora,Video,MegaStore,1,298.18,23.55,62.62,2024-05-14,Online,España,EUR
Cargador USB-C,Audio,LogiTech,4,1154.61,32.15,242.47,2024-12-22,Distribuidor,Alemania,EUR
Casco Bicicleta,Hogar,SportWorld,2,1261.67,126.6,264.95,2024-08-31,Tienda,Alemania,EUR
Tablet Plus,Electrónica,GlobalTech,4,843.34,34.96,177.1,2024-08-07,Online,Portugal,EUR
Reloj Deportivo,Electrónica,ProGear,1,968.01,126.48,203.28,2024-02-11,Distribuidor,Italia,EUR
Pantalón Trekking,Electrónica,ProGear,1,647.75,83.5,136.03,2024-02-19,Online,Portugal,EUR
Chaqueta Invierno,Hogar,GlobalTech,5,1565.28,7.18,328.71,2024-12-20,Online,España,EUR
Mouse Gamer,Video,ElectroMax,3,812.83,86.02,170.69,2024-02-05,Tienda,Portugal,EUR
Pantalón Trekking,Accesorios,Distribuciones Europa,1,774.24,21.83,162.59,2024-06-04,Distribuidor,Italia,EUR
Refrigerador Mini,Moda,HomePlus,2,473.01,59.51,99.33,2024-11-05,Distribuidor,Portugal,EUR
Laptop Air,Accesorios,ElectroMax,4,761.22,35.91,159.86,2024-07-09,Online,España,EUR
Lámpara LED,Oficina,MegaStore,2,45.85,6.28,9.63,2024-03-21,Online,Francia,EUR
TV 65,Accesorios,MegaStore,2,1706.7,21.3,358.41,2024-11-07,Tienda,Francia,EUR
Plancha Vapor,Audio,TechCorp,5,670.24,39.27,140.75,2024-10-07,Online,Alemania,EUR
Batidora Pro,Audio,LogiTech,5,104.71,3.64,21.99,2024-08-12,Distribuidor,Alemania,EUR
HDD 2TB,Video,LogiTech,3,317.21,8.6,66.61,2024-10-06,Tienda,Italia,EUR
Ventilador Turbo,Moda,TechCorp,3,179.87,15.55,37.77,2024-10-10,Tienda,Italia,EUR
Webcam FullHD,Audio,TechCorp,5,350.04,34.94,73.51,2024-11-21,Distribuidor,Italia,EUR
PowerBank 20k,Audio,HomePlus,2,254.77,0.64,53.5,2024-12-27,Online,Francia,EUR
HDD 2TB,Accesorios,MegaStore,5,1327.69,86.55,278.81,2024-03-28,Tienda,Alemania,EUR
Router WiFi,Hogar,GlobalTech,5,1356.18,163.89,284.8,2024-03-23,Tienda,Francia,EUR
Monitor 27,Oficina,Distribuciones Europa,4,187.51,25.94,39.38,2024-09-24,Distribuidor,España,EUR
Microfono Pro,Video,SportWorld,3,578.03,71.1,121.39,2024-05-13,Tienda,Alemania,EUR
Smartphone Mini,Electrónica,Distribuciones Europa,4,853.41,73.55,179.22,2024-04-27,Distribuidor,España,EUR
Gafas Sol,Accesorios,SportWorld,5,1810.4,99.87,380.18,2024-12-21,Distribuidor,Francia,EUR
Monitor 27,Oficina,SportWorld,3,124.75,15.05,26.2,2024-11-12,Distribuidor,Francia,EUR
Smartphone X,Deportes,SportWorld,3,73.69,8.04,15.47,2024-10-30,Distribuidor,España,EUR
Ventilador Turbo,Hogar,ProGear,2,1494.59,123.66,313.86,2024-09-06,Online,Francia,EUR
Webcam FullHD,Accesorios,GlobalTech,5,436.96,10.78,91.76,2024-03-20,Distribuidor,Italia,EUR
SSD 1TB,Deportes,ProGear,5,1633.22,60.83,342.98,2024-09-03,Distribuidor,Portugal,EUR
PowerBank 20k,Audio,HomePlus,1,268.25,22.31,56.33,2024-01-31,Distribuidor,Alemania,EUR
Webcam FullHD,Accesorios,LogiTech,5,691.9,97.17,145.3,2024-07-28,Online,Francia,EUR
HDD 2TB,Audio,MegaStore,4,988.29,129.78,207.54,2024-12-11,Online,Alemania,EUR
Chaqueta Invierno,Moda,MegaStore,4,1403.67,17.2,294.77,2024-12-31,Tienda,Portugal,EUR
Auriculares Bluetooth,Oficina,ProGear,4,1449.03,212.06,304.3,2024-11-06,Distribuidor,Alemania,EUR
Cámara HD,Electrónica,Distribuciones Europa,3,1300.86,59.01,273.18,2024-01-20,Distribuidor,Portugal,EUR
Mochila Travel,Hogar,LogiTech,2,274.77,4.31,57.7,2024-03-30,Distribuidor,Portugal,EUR
Smartwatch,Electrónica,TechCorp,4,107.77,16.1,22.63,2024-02-28,Online,España,EUR
Auriculares Bluetooth,Moda,FashionCorp,4,112.91,5.87,23.71,2024-05-03,Tienda,Alemania,EUR
Teclado Mecánico,Audio,SportWorld,2,452.22,62.36,94.97,2024-07-06,Tienda,España,EUR
Smartwatch,Hogar,HomePlus,2,468.12,43.84,98.31,2024-09-07,Distribuidor,Portugal,EUR
Proyector HD,Oficina,HomePlus,5,295.75,36.49,62.11,2024-04-22,Distribuidor,Portugal,EUR
Batidora Pro,Accesorios,LogiTech,2,919.84,86.8,193.17,2024-12-28,Distribuidor,Italia,EUR
Aspiradora Robot,Accesorios,MegaStore,1,322.97,42.86,67.82,2024-11-06,Distribuidor,Francia,EUR
Altavoz Bluetooth,Accesorios,HomePlus,4,861.49,73.4,180.91,2024-05-28,Distribuidor,Francia,EUR
Guantes Gym,Video,TechCorp,4,202.2,28.5,42.46,2024-01-05,Online,Alemania,EUR
HDD 2TB,Oficina,HomePlus,5,319.59,44.7,67.11,2024-10-13,Distribuidor,Francia,EUR
SSD 1TB,Electrónica,FashionCorp,5,562.36,36.71,118.1,2024-03-18,Tienda,Alemania,EUR
Guantes Gym,Deportes,ElectroMax,5,1219.45,140.51,256.08,2024-05-17,Online,Francia,EUR
Silla Gamer,Accesorios,Distribuciones Europa,5,1178.56,67.92,247.5,2024-07-05,Tienda,España,EUR
Smartphone X,Oficina,LogiTech,4,802.67,22.08,168.56,2024-03-15,Online,España,EUR
HDD 2TB,Hogar,FashionCorp,2,1281.26,121.62,269.06,2024-10-04,Distribuidor,Italia,EUR
Mochila Travel,Hogar,FashionCorp,3,50.72,4.8,10.65,2024-10-19,Distribuidor,España,EUR
Tostadora,Electrónica,GlobalTech,1,755.51,54.77,158.66,2024-12-20,Distribuidor,Portugal,EUR
Set Mancuernas,Accesorios,LogiTech,1,307.31,45.72,64.54,2024-10-12,Tienda,Italia,EUR
Impresora Laser,Oficina,HomePlus,3,1131.28,64.41,237.57,2024-10-04,Distribuidor,Alemania,EUR
Cámara HD,Video,LogiTech,3,214.6,27.78,45.07,2024-02-26,Tienda,Portugal,EUR
Guantes Gym,Electrónica,SportWorld,5,491.18,55.93,103.15,2024-06-24,Tienda,Italia,EUR
Escritorio Oficina,Audio,ElectroMax,4,66.47,8.46,13.96,2024-11-27,Distribuidor,Francia,EUR
Cargador USB-C,Deportes,SportWorld,5,1213.58,121.15,254.85,2024-08-10,Online,Portugal,EUR
Pelota Fitness,Moda,FashionCorp,2,1172.31,44.29,246.19,2024-03-12,Distribuidor,Italia,EUR
Silla Gamer,Oficina,SportWorld,4,913.33,101.73,191.8,2024-02-25,Online,Francia,EUR
Drone Mini,Hogar,GlobalTech,4,1015.01,37.14,213.15,2024-12-31,Online,Italia,EUR
Cafetera Automática,Moda,LogiTech,2,609.68,52.62,128.03,2024-09-04,Online,Italia,EUR
TV 55,Moda,TechCorp,4,925.74,125.43,194.41,2024-10-13,Distribuidor,España,EUR
Batidora Pro,Audio,SportWorld,1,149.73,19.94,31.44,2024-08-29,Online,Francia,EUR
Auriculares Bluetooth,Moda,SportWorld,2,115.23,0.87,24.2,2024-06-06,Tienda,Italia,EUR
Auriculares Bluetooth,Audio,Distribuciones Europa,2,1411.86,150.21,296.49,2024-04-15,Tienda,Alemania,EUR
Microfono Pro,Video,LogiTech,1,816.82,81.49,171.53,2024-06-06,Distribuidor,España,EUR
Monitor 32,Electrónica,FashionCorp,5,1199.04,91.65,251.8,2024-01-09,Tienda,Italia,EUR
Guantes Gym,Hogar,TechCorp,2,279.39,19.88,58.67,2024-11-21,Distribuidor,Italia,EUR
Ventilador Turbo,Audio,HomePlus,5,1357.36,184.41,285.05,2024-09-11,Tienda,España,EUR
Smartphone X,Moda,FashionCorp,5,859.08,8.43,180.41,2024-07-14,Online,Portugal,EUR
Teclado Mecánico,Electrónica,Distribuciones Europa,5,2142.33,289.16,449.89,2024-11-29,Distribuidor,Italia,EUR
Mouse Gamer,Electrónica,MegaStore,1,1150.98,16.73,241.71,2024-02-24,Distribuidor,Italia,EUR
Tablet Plus,Hogar,Distribuciones Europa,2,907.01,46.04,190.47,2024-02-12,Online,Francia,EUR
Proyector HD,Hogar,SportWorld,1,89.39,8.96,18.77,2024-03-08,Distribuidor,Alemania,EUR
Monitor 27,Electrónica,TechCorp,3,1649.05,75.7,346.3,2024-12-12,Distribuidor,España,EUR
Drone Mini,Moda,ProGear,5,87.24,12.83,18.32,2024-09-18,Online,Italia,EUR
Barra de Sonido,Accesorios,ElectroMax,3,237.8,35.0,49.94,2024-04-08,Distribuidor,Alemania,EUR
Escritorio Oficina,Deportes,GlobalTech,4,1222.94,153.91,256.82,2024-04-29,Tienda,Italia,EUR
Smartwatch,Deportes,LogiTech,1,666.91,79.29,140.05,2024-03-19,Distribuidor,España,EUR
Zapatillas Running,Hogar,LogiTech,2,1338.1,83.17,281.0,2024-03-31,Online,España,EUR
Router WiFi,Moda,SportWorld,1,133.67,17.22,28.07,2024-05-20,Distribuidor,España,EUR
Barra de Sonido,Deportes,Distribuciones Europa,4,862.65,33.12,181.16,2024-01-25,Online,Italia,EUR
TV 55,Audio,FashionCorp,1,709.97,66.49,149.09,2024-04-24,Online,Italia,EUR
Laptop Pro,Audio,GlobalTech,4,416.26,17.55,87.41,2024-10-26,Distribuidor,Francia,EUR
Teclado Mecánico,Moda,GlobalTech,2,1138.36,73.14,239.06,2024-02-23,Online,Italia,EUR
Cafetera Automática,Moda,FashionCorp,4,11.87,1.75,2.49,2024-03-30,Tienda,Italia,EUR
Ventilador Turbo,Oficina,MegaStore,4,1601.54,68.16,336.32,2024-11-16,Tienda,Francia,EUR
PowerBank 20k,Oficina,TechCorp,3,651.48,48.89,136.81,2024-02-01,Tienda,España,EUR
Memoria RAM 16GB,Audio,Distribuciones Europa,1,1099.63,29.65,230.92,2024-11-06,Distribuidor,Francia,EUR
Webcam FullHD,Accesorios,SportWorld,4,1557.81,110.18,327.14,2024-03-01,Distribuidor,Francia,EUR
Colchoneta Yoga,Accesorios,SportWorld,2,117.04,9.92,24.58,2024-07-01,Tienda,España,EUR
Set Mancuernas,Hogar,TechCorp,5,1133.19,45.28,237.97,2024-07-14,Tienda,Italia,EUR
Set Mancuernas,Audio,TechCorp,5,525.38,63.88,110.33,2024-11-13,Online,Italia,EUR
Zapatillas Running,Hogar,ElectroMax,4,635.83,89.87,133.52,2024-10-21,Distribuidor,España,EUR
Gafas Sol,Moda,LogiTech,2,503.67,12.56,105.77,2024-11-18,Distribuidor,España,EUR
Microfono Pro,Moda,GlobalTech,5,48.27,0.67,10.14,2024-02-26,Distribuidor,Francia,EUR
Barra de Sonido,Audio,ElectroMax,5,1111.04,86.78,233.32,2024-08-29,Distribuidor,Alemania,EUR
Monitor 32,Hogar,ProGear,5,1374.02,124.51,288.54,2024-03-19,Distribuidor,Francia,EUR
Auriculares Bluetooth,Electrónica,FashionCorp,4,261.45,21.48,54.9,2024-02-13,Online,Portugal,EUR
Zapatillas Running,Audio,Distribuciones Europa,2,669.86,17.25,140.67,2024-11-18,Distribuidor,Alemania,EUR
Teclado Mecánico,Audio,SportWorld,2,1215.59,98.64,255.27,2024-01-09,Online,Italia,EUR
Memoria RAM 16GB,Deportes,FashionCorp,2,1497.09,189.81,314.39,2024-11-05,Tienda,España,EUR
Laptop Air,Audio,Distribuciones Europa,5,197.27,1.99,41.43,2024-03-11,Online,Francia,EUR
Monitor 32,Accesorios,FashionCorp,4,144.15,3.69,30.27,2024-05-09,Online,Italia,EUR
Ventilador Turbo,Audio,HomePlus,1,698.9,16.61,146.77,2024-08-30,Online,Portugal,EUR
Webcam FullHD,Moda,ProGear,4,1141.41,70.37,239.7,2024-11-12,Tienda,Francia,EUR
Microfono Pro,Deportes,Distribuciones Europa,4,93.53,5.25,19.64,2024-09-07,Distribuidor,Portugal,EUR
Zapatillas Running,Accesorios,LogiTech,4,953.96,4.73,200.33,2024-12-04,Tienda,Francia,EUR
Guantes Gym,Hogar,FashionCorp,4,216.22,14.09,45.41,2024-01-10,Online,Italia,EUR
Proyector HD,Audio,MegaStore,1,972.41,61.58,204.21,2024-09-05,Tienda,Alemania,EUR
Microfono Pro,Hogar,ProGear,3,446.73,21.64,93.81,2024-01-12,Tienda,Italia,EUR
Altavoz Bluetooth,Oficina,ProGear,4,587.38,78.69,123.35,2024-08-17,Online,Italia,EUR
Refrigerador Mini,Moda,FashionCorp,4,346.12,45.03,72.69,2024-06-07,Distribuidor,Alemania,EUR
Drone Mini,Hogar,ProGear,2,139.41,6.87,29.28,2024-05-12,Online,Francia,EUR
Refrigerador Mini,Audio,LogiTech,2,662.07,36.14,139.03,2024-12-26,Tienda,Francia,EUR
Smartphone Mini,Oficina,Distribuciones Europa,4,614.95,70.25,129.14,2024-09-13,Distribuidor,Francia,EUR
Escritorio Oficina,Deportes,GlobalTech,1,1347.14,84.66,282.9,2024-05-07,Distribuidor,Francia,EUR
Guantes Gym,Accesorios,ElectroMax,3,688.19,91.34,144.52,2024-08-14,Online,Alemania,EUR
Escritorio Oficina,Audio,MegaStore,2,1633.33,236.16,343.0,2024-09-20,Tienda,Francia,EUR
Guantes Gym,Oficina,ElectroMax,2,2059.63,284.33,432.52,2024-11-27,Online,España,EUR
Gafas Sol,Audio,ElectroMax,4,796.54,61.85,167.27,2024-01-27,Online,España,EUR
SSD 1TB,Electrónica,HomePlus,1,506.91,30.27,106.45,2024-04-24,Tienda,Alemania,EUR
Lámpara LED,Video,SportWorld,3,1149.45,40.02,241.38,2024-06-24,Tienda,Francia,EUR
Teclado Mecánico,Moda,FashionCorp,5,1131.83,141.62,237.68,2024-09-07,Distribuidor,Italia,EUR
Webcam FullHD,Electrónica,LogiTech,4,170.52,2.49,35.81,2024-10-12,Online,Alemania,EUR
Proyector HD,Hogar,SportWorld,2,296.91,4.47,62.35,2024-05-15,Distribuidor,Portugal,EUR
Batidora Pro,Accesorios,ProGear,1,618.38,2.67,129.86,2024-09-11,Distribuidor,Alemania,EUR
Monitor 32,Oficina,LogiTech,2,979.85,61.82,205.77,2024-08-19,Online,Francia,EUR
Silla Gamer,Accesorios,MegaStore,2,1821.37,219.59,382.49,2024-12-19,Tienda,Alemania,EUR
PowerBank 20k,Audio,MegaStore,1,1514.14,141.56,317.97,2024-01-19,Distribuidor,Francia,EUR
Altavoz Bluetooth,Oficina,HomePlus,4,534.0,38.79,112.14,2024-04-29,Distribuidor,Francia,EUR
Monitor 32,Oficina,TechCorp,1,742.68,69.91,155.96,2024-04-03,Distribuidor,Francia,EUR
Set Mancuernas,Oficina,TechCorp,4,1664.37,228.73,349.52,2024-09-01,Distribuidor,España,EUR
SSD 1TB,Video,ElectroMax,5,1360.76,17.33,285.76,2024-01-25,Online,Alemania,EUR
Refrigerador Mini,Deportes,TechCorp,3,598.61,30.02,125.71,2024-07-20,Online,Alemania,EUR
Webcam FullHD,Moda,HomePlus,5,677.34,14.51,142.24,2024-11-17,Tienda,España,EUR
Drone Mini,Deportes,Distribuciones Europa,5,43.39,1.73,9.11,2024-05-26,Online,Alemania,EUR
Colchoneta Yoga,Moda,ProGear,1,511.7,11.62,107.46,2024-09-20,Distribuidor,Italia,EUR
HDD 2TB,Accesorios,HomePlus,4,711.75,21.96,149.47,2024-02-10,Tienda,Portugal,EUR
Mochila Travel,Video,Distribuciones Europa,4,933.67,39.78,196.07,2024-03-30,Online,Alemania,EUR
Router WiFi,Hogar,SportWorld,3,1244.9,153.94,261.43,2024-10-10,Online,Alemania,EUR
Laptop Pro,Hogar,MegaStore,3,1019.29,114.83,214.05,2024-06-16,Distribuidor,España,EUR
Cargador USB-C,Moda,ElectroMax,4,545.99,59.57,114.66,2024-01-28,Online,Portugal,EUR
Drone Mini,Accesorios,GlobalTech,4,367.57,45.42,77.19,2024-08-21,Online,Alemania,EUR
Teclado Mecánico,Hogar,SportWorld,2,1229.62,11.85,258.22,2024-07-19,Tienda,Alemania,EUR
Guantes Gym,Audio,SportWorld,4,1407.86,39.59,295.65,2024-02-09,Tienda,Alemania,EUR
Teclado Mecánico,Moda,ElectroMax,4,982.73,59.55,206.37,2024-03-29,Online,Italia,EUR
Barra de Sonido,Video,HomePlus,2,191.48,11.61,40.21,2024-12-16,Online,Francia,EUR
Escritorio Oficina,Deportes,GlobalTech,4,1489.41,31.71,312.78,2024-03-22,Online,Francia,EUR
Chaqueta Invierno,Moda,TechCorp,3,128.94,5.0,27.08,2024-03-02,Distribuidor,Alemania,EUR
HDD 2TB,Electrónica,GlobalTech,3,324.43,39.73,68.13,2024-02-02,Tienda,Alemania,EUR
Monitor 32,Deportes,LogiTech,1,412.38,7.26,86.6,2024-07-03,Tienda,España,EUR
Microfono Pro,Video,TechCorp,3,724.41,20.29,152.13,2024-08-03,Online,Italia,EUR
Pelota Fitness,Deportes,MegaStore,2,929.19,54.81,195.13,2024-03-29,Distribuidor,Portugal,EUR
Microfono Pro,Video,MegaStore,5,1480.17,0.36,310.84,2024-01-08,Online,Alemania,EUR
Silla Gamer,Hogar,Distribuciones Europa,5,2201.04,92.5,462.22,2024-11-17,Online,Italia,EUR
Lámpara LED,Accesorios,SportWorld,5,743.58,48.2,156.15,2024-06-10,Tienda,Alemania,EUR
Casco Bicicleta,Audio,ProGear,5,428.53,35.57,89.99,2024-11-20,Online,España,EUR
Memoria RAM 16GB,Deportes,MegaStore,1,827.53,52.68,173.78,2024-04-25,Online,Alemania,EUR
HDD 2TB,Video,MegaStore,3,637.97,60.44,133.97,2024-05-12,Distribuidor,Francia,EUR
Smartwatch,Electrónica,FashionCorp,3,1256.08,68.28,263.78,2024-04-08,Tienda,Italia,EUR
Impresora Laser,Accesorios,TechCorp,1,1454.42,92.0,305.43,2024-10-13,Distribuidor,Alemania,EUR
Batidora Pro,Oficina,TechCorp,4,1357.24,153.76,285.02,2024-05-16,Distribuidor,Italia,EUR
Smartwatch,Audio,GlobalTech,3,1113.61,54.76,233.86,2024-03-23,Online,España,EUR
Pelota Fitness,Accesorios,Distribuciones Europa,5,403.88,54.38,84.81,2024-06-19,Tienda,Portugal,EUR
Memoria RAM 16GB,Accesorios,ElectroMax,5,529.73,41.69,111.24,2024-10-28,Distribuidor,España,EUR
Laptop Air,Hogar,LogiTech,1,95.33,7.57,20.02,2024-12-29,Online,España,EUR
SSD 1TB,Hogar,GlobalTech,3,698.16,33.09,146.61,2024-11-11,Distribuidor,Italia,EUR
Lámpara LED,Video,LogiTech,2,120.75,11.6,25.36,2024-03-29,Distribuidor,Portugal,EUR
Batidora Pro,Electrónica,MegaStore,3,809.86,16.49,170.07,2024-09-06,Online,Francia,EUR
Microfono Pro,Accesorios,SportWorld,1,1040.2,10.22,218.44,2024-12-26,Tienda,Portugal,EUR
PowerBank 20k,Moda,ElectroMax,5,1753.15,101.74,368.16,2024-01-17,Online,Francia,EUR
HDD 2TB,Accesorios,HomePlus,4,1720.54,221.51,361.31,2024-12-08,Tienda,Alemania,EUR
Memoria RAM 16GB,Video,SportWorld,3,1619.04,171.49,340.0,2024-12-24,Distribuidor,Portugal,EUR
Smartphone X,Hogar,SportWorld,1,597.73,47.38,125.52,2024-04-03,Online,Portugal,EUR
Set Mancuernas,Accesorios,LogiTech,5,1610.43,222.5,338.19,2024-11-25,Online,España,EUR
Plancha Vapor,Hogar,LogiTech,5,373.67,33.69,78.47,2024-08-10,Distribuidor,España,EUR
Set Mancuernas,Moda,Distribuciones Europa,5,1122.47,123.18,235.72,2024-07-31,Distribuidor,Italia,EUR
Mochila Travel,Video,MegaStore,1,530.39,43.59,111.38,2024-06-14,Tienda,Francia,EUR
Batidora Pro,Moda,ElectroMax,3,1524.27,157.29,320.1,2024-04-11,Tienda,Italia,EUR
Cafetera Automática,Moda,ElectroMax,1,715.73,92.14,150.3,2024-01-07,Online,Alemania,EUR
Pantalón Trekking,Hogar,HomePlus,3,18.63,1.17,3.91,2024-09-27,Tienda,Alemania,EUR
Laptop Pro,Electrónica,MegaStore,2,1212.21,34.77,254.56,2024-05-30,Online,Alemania,EUR
Altavoz Bluetooth,Electrónica,ProGear,2,122.71,18.27,25.77,2024-03-13,Online,España,EUR
Laptop Air,Deportes,ProGear,3,519.86,8.08,109.17,2024-06-20,Online,Francia,EUR
Tablet Plus,Video,LogiTech,1,1040.44,151.75,218.49,2024-01-21,Distribuidor,Alemania,EUR
Lámpara LED,Audio,SportWorld,2,1156.29,7.12,242.82,2024-11-14,Online,Italia,EUR
Pantalón Trekking,Electrónica,SportWorld,3,883.04,25.23,185.44,2024-12-26,Distribuidor,Alemania,EUR
HDD 2TB,Electrónica,GlobalTech,5,560.96,12.59,117.8,2024-08-17,Online,Italia,EUR
Lámpara LED,Electrónica,Distribuciones Europa,1,678.95,32.12,142.58,2024-02-21,Online,Francia,EUR
Gafas Sol,Electrónica,TechCorp,1,1020.04,34.11,214.21,2024-03-01,Distribuidor,España,EUR
Proyector HD,Audio,ProGear,4,998.23,110.43,209.63,2024-03-13,Tienda,España,EUR
Aspiradora Robot,Moda,HomePlus,2,482.55,37.22,101.34,2024-04-06,Tienda,Italia,EUR
Smartwatch,Oficina,ElectroMax,3,201.33,15.84,42.28,2024-03-24,Distribuidor,Alemania,EUR
Proyector HD,Moda,TechCorp,5,65.5,3.43,13.75,2024-08-27,Online,Italia,EUR
Pelota Fitness,Electrónica,ElectroMax,3,808.61,79.44,169.81,2024-04-17,Distribuidor,Italia,EUR
Guantes Gym,Electrónica,ElectroMax,3,742.83,10.67,155.99,2024-03-02,Tienda,Italia,EUR
Cámara HD,Moda,GlobalTech,4,635.2,86.6,133.39,2024-02-28,Distribuidor,Portugal,EUR
Memoria RAM 16GB,Electrónica,ElectroMax,5,1285.38,153.82,269.93,2024-04-10,Tienda,Alemania,EUR
PowerBank 20k,Accesorios,Distribuciones Europa,5,1338.39,108.68,281.06,2024-12-05,Online,Portugal,EUR
Smartwatch,Electrónica,ElectroMax,2,958.64,38.38,201.31,2024-07-17,Online,Francia,EUR
Router WiFi,Audio,ProGear,5,151.37,10.05,31.79,2024-05-10,Online,Alemania,EUR
Silla Gamer,Electrónica,FashionCorp,1,123.64,2.22,25.96,2024-08-08,Tienda,Francia,EUR
Pantalón Trekking,Electrónica,Distribuciones Europa,4,1518.26,129.78,318.83,2024-03-01,Tienda,Alemania,EUR
Drone Mini,Accesorios,FashionCorp,1,509.64,33.0,107.02,2024-01-19,Distribuidor,Francia,EUR
Chaqueta Invierno,Hogar,SportWorld,4,1113.03,117.81,233.74,2024-10-21,Tienda,Portugal,EUR
Plancha Vapor,Oficina,GlobalTech,3,232.43,18.21,48.81,2024-09-05,Tienda,Italia,EUR
Tablet Plus,Oficina,FashionCorp,1,366.46,51.3,76.96,2024-12-13,Distribuidor,Alemania,EUR
Monitor 27,Hogar,LogiTech,4,1017.85,58.09,213.75,2024-09-22,Distribuidor,Italia,EUR
Impresora Laser,Audio,LogiTech,4,233.53,21.92,49.04,2024-02-27,Distribuidor,Alemania,EUR
TV 55,Audio,GlobalTech,1,1585.75,104.57,333.01,2024-03-20,Tienda,España,EUR
Tostadora,Electrónica,MegaStore,4,103.84,9.76,21.81,2024-03-11,Distribuidor,Italia,EUR
Barra de Sonido,Audio,ElectroMax,5,947.4,139.58,198.95,2024-08-22,Online,Portugal,EUR
Router WiFi,Electrónica,FashionCorp,3,1834.26,117.39,385.19,2024-11-30,Distribuidor,España,EUR
Auriculares Bluetooth,Moda,ProGear,4,1112.15,164.65,233.55,2024-07-02,Distribuidor,España,EUR
Barra de Sonido,Accesorios,LogiTech,3,320.57,6.64,67.32,2024-09-04,Distribuidor,España,EUR
Ventilador Turbo,Oficina,GlobalTech,1,813.39,94.93,170.81,2024-07-08,Distribuidor,Portugal,EUR
Router WiFi,Electrónica,ProGear,4,723.84,8.5,152.01,2024-03-13,Distribuidor,Francia,EUR
Escritorio Oficina,Oficina,ProGear,2,1057.54,86.28,222.08,2024-02-03,Online,Francia,EUR
Aspiradora Robot,Moda,MegaStore,5,569.35,46.67,119.56,2024-08-06,Distribuidor,Francia,EUR
Chaqueta Invierno,Moda,SportWorld,5,576.23,52.66,121.01,2024-06-13,Distribuidor,Francia,EUR
Impresora Laser,Moda,HomePlus,4,638.71,6.4,134.13,2024-12-13,Tienda,Portugal,EUR
Microfono Pro,Deportes,LogiTech,2,287.64,31.34,60.4,2024-09-30,Tienda,Italia,EUR
Tostadora,Electrónica,TechCorp,4,938.89,17.17,197.17,2024-01-08,Online,Francia,EUR
Teclado Mecánico,Audio,ElectroMax,4,41.88,6.18,8.79,2024-05-14,Tienda,Francia,EUR
HDD 2TB,Accesorios,GlobalTech,5,60.33,0.71,12.67,2024-07-16,Online,España,EUR
Plancha Vapor,Deportes,LogiTech,5,1160.13,19.54,243.63,2024-10-18,Distribuidor,Alemania,EUR
Mochila Travel,Video,SportWorld,2,949.58,140.52,199.41,2024-04-17,Distribuidor,Francia,EUR
Chaqueta Invierno,Audio,TechCorp,2,560.03,48.85,117.61,2024-04-25,Distribuidor,Alemania,EUR
Pantalón Trekking,Moda,LogiTech,5,926.91,72.38,194.65,2024-09-01,Online,Italia,EUR
SSD 1TB,Accesorios,ProGear,1,71.76,8.65,15.07,2024-06-11,Distribuidor,Italia,EUR
Zapatillas Running,Oficina,TechCorp,3,544.0,21.16,114.24,2024-01-20,Distribuidor,Francia,EUR
Tostadora,Audio,TechCorp,4,664.05,42.06,139.45,2024-01-01,Online,Portugal,EUR
Monitor 27,Oficina,LogiTech,3,1383.34,135.17,290.5,2024-10-04,Online,Alemania,EUR
Pantalón Trekking,Audio,ProGear,2,556.62,4.83,116.89,2024-02-13,Online,España,EUR
TV 65,Audio,LogiTech,4,1459.87,206.08,306.57,2024-10-22,Distribuidor,Italia,EUR
Silla Gamer,Moda,FashionCorp,4,333.36,35.04,70.01,2024-09-21,Distribuidor,Portugal,EUR
Laptop Pro,Accesorios,SportWorld,1,1450.59,109.3,304.62,2024-09-11,Online,España,EUR
HDD 2TB,Accesorios,FashionCorp,3,491.21,2.71,103.15,2024-01-06,Distribuidor,Italia,EUR
Escritorio Oficina,Electrónica,GlobalTech,2,318.57,24.92,66.9,2024-02-22,Online,Portugal,EUR
Guantes Gym,Electrónica,TechCorp,3,664.47,11.42,139.54,2024-01-06,Distribuidor,Francia,EUR
Cargador USB-C,Audio,FashionCorp,4,40.43,3.12,8.49,2024-06-06,Distribuidor,Portugal,EUR
Zapatillas Running,Deportes,ElectroMax,3,1412.08,160.55,296.54,2024-12-14,Online,Portugal,EUR
Drone Mini,Accesorios,FashionCorp,3,1291.82,149.54,271.28,2024-12-08,Online,Portugal,EUR
Mochila Travel,Video,FashionCorp,4,1401.93,178.24,294.41,2024-11-03,Tienda,Alemania,EUR
Reloj Deportivo,Electrónica,ProGear,5,701.4,104.89,147.29,2024-05-29,Distribuidor,España,EUR
Proyector HD,Moda,Distribuciones Europa,1,1534.53,102.3,322.25,2024-01-26,Tienda,Alemania,EUR
Barra de Sonido,Hogar,TechCorp,1,1007.46,143.67,211.57,2024-07-26,Distribuidor,Italia,EUR
Cafetera Automática,Accesorios,GlobalTech,1,47.02,4.85,9.87,2024-01-27,Distribuidor,España,EUR
Tablet Plus,Audio,GlobalTech,1,409.35,20.5,85.96,2024-12-22,Tienda,Italia,EUR
Gafas Sol,Hogar,MegaStore,2,713.97,86.85,149.93,2024-11-03,Distribuidor,Portugal,EUR
Smartwatch,Moda,Distribuciones Europa,2,1181.06,161.07,248.02,2024-02-26,Distribuidor,Alemania,EUR
Teclado Mecánico,Deportes,ElectroMax,2,1058.44,69.66,222.27,2024-09-24,Tienda,Portugal,EUR
Router WiFi,Audio,FashionCorp,4,594.05,39.47,124.75,2024-08-13,Online,Francia,EUR
Altavoz Bluetooth,Electrónica,ProGear,1,1087.86,85.98,228.45,2024-12-17,Online,Portugal,EUR
Memoria RAM 16GB,Video,SportWorld,5,883.58,18.16,185.55,2024-07-30,Online,Portugal,EUR
Smartphone X,Oficina,ProGear,3,78.86,6.42,16.56,2024-03-05,Tienda,Italia,EUR
Smartwatch,Electrónica,HomePlus,5,1109.07,81.08,232.9,2024-12-17,Distribuidor,Francia,EUR
Tostadora,Moda,Distribuciones Europa,1,559.21,55.91,117.43,2024-05-17,Online,Portugal,EUR
Colchoneta Yoga,Oficina,ProGear,2,787.19,110.49,165.31,2024-02-03,Online,Italia,EUR
Gafas Sol,Audio,ElectroMax,5,1454.61,197.4,305.47,2024-12-22,Distribuidor,España,EUR
Mouse Gamer,Moda,MegaStore,3,28.52,1.03,5.99,2024-07-31,Tienda,Francia,EUR
Microfono Pro,Moda,Distribuciones Europa,5,70.64,9.87,14.83,2024-04-30,Online,Italia,EUR
Monitor 27,Electrónica,TechCorp,3,1260.91,157.89,264.79,2024-08-01,Distribuidor,Italia,EUR
Ventilador Turbo,Hogar,TechCorp,3,1481.63,76.58,311.14,2024-10-01,Online,España,EUR
Pelota Fitness,Hogar,HomePlus,3,1598.23,130.39,335.63,2024-04-11,Tienda,Alemania,EUR
Batidora Pro,Moda,Distribuciones Europa,5,1672.61,6.06,351.25,2024-01-13,Online,España,EUR
Refrigerador Mini,Hogar,GlobalTech,5,1165.35,61.68,244.72,2024-06-23,Online,Portugal,EUR
Tablet Plus,Deportes,MegaStore,3,327.82,47.37,68.84,2024-07-31,Distribuidor,España,EUR
Mochila Travel,Accesorios,HomePlus,2,1031.8,106.72,216.68,2024-08-20,Tienda,España,EUR
TV 55,Video,MegaStore,3,866.34,19.38,181.93,2024-07-02,Tienda,Alemania,EUR
Mochila Travel,Video,SportWorld,3,285.8,42.87,60.02,2024-06-10,Distribuidor,Francia,EUR
Laptop Pro,Audio,HomePlus,1,1740.82,194.92,365.57,2024-12-20,Distribuidor,Alemania,EUR
Memoria RAM 16GB,Moda,MegaStore,2,1070.19,57.08,224.74,2024-07-06,Distribuidor,Alemania,EUR
Monitor 32,Deportes,TechCorp,1,474.68,52.69,99.68,2024-05-16,Tienda,Portugal,EUR
Pantalón Trekking,Oficina,TechCorp,1,1344.87,31.61,282.42,2024-12-17,Online,Italia,EUR
Smartphone Mini,Oficina,Distribuciones Europa,3,1330.43,38.34,279.39,2024-11-02,Distribuidor,Portugal,EUR
Memoria RAM 16GB,Accesorios,GlobalTech,1,266.36,0.55,55.94,2024-09-13,Distribuidor,Francia,EUR
Gafas Sol,Video,GlobalTech,5,996.51,0.05,209.27,2024-10-14,Online,Italia,EUR
Drone Mini,Accesorios,TechCorp,5,1866.68,275.72,392.0,2024-11-15,Online,España,EUR
Chaqueta Invierno,Hogar,SportWorld,1,1066.22,127.17,223.91,2024-07-31,Distribuidor,España,EUR
Webcam FullHD,Deportes,MegaStore,3,630.7,13.75,132.45,2024-05-07,Tienda,Francia,EUR
Lámpara LED,Accesorios,TechCorp,5,171.07,5.08,35.92,2024-08-08,Distribuidor,Francia,EUR
Mouse Gamer,Oficina,ProGear,3,178.01,8.18,37.38,2024-12-22,Tienda,Portugal,EUR
Smartwatch,Audio,TechCorp,4,371.38,31.89,77.99,2024-03-22,Online,Alemania,EUR
Webcam FullHD,Audio,SportWorld,3,664.31,61.65,139.51,2024-05-26,Tienda,Francia,EUR
Tablet Plus,Oficina,MegaStore,2,43.04,2.47,9.04,2024-08-16,Distribuidor,Alemania,EUR
Casco Bicicleta,Moda,FashionCorp,4,322.93,36.06,67.82,2024-01-20,Tienda,Italia,EUR
TV 55,Oficina,LogiTech,5,132.85,13.86,27.9,2024-04-10,Online,España,EUR
Cargador USB-C,Electrónica,HomePlus,3,1158.62,16.49,243.31,2024-02-19,Tienda,España,EUR
Impresora Laser,Moda,GlobalTech,5,1120.33,104.07,235.27,2024-07-12,Distribuidor,Alemania,EUR
TV 55,Audio,Distribuciones Europa,5,506.34,18.93,106.33,2024-10-29,Tienda,Portugal,EUR
Mochila Travel,Hogar,SportWorld,3,1252.43,51.85,263.01,2024-10-27,Tienda,España,EUR
Cámara HD,Oficina,HomePlus,1,1004.52,58.6,210.95,2024-04-18,Tienda,Alemania,EUR
Reloj Deportivo,Video,ProGear,4,346.87,24.48,72.84,2024-02-07,Tienda,Portugal,EUR
Microfono Pro,Moda,LogiTech,3,941.31,1.56,197.68,2024-08-10,Online,Alemania,EUR
Guantes Gym,Deportes,GlobalTech,2,1106.85,100.94,232.44,2024-06-11,Tienda,España,EUR
TV 65,Accesorios,GlobalTech,3,1545.88,219.48,324.63,2024-12-04,Distribuidor,España,EUR
Guantes Gym,Electrónica,HomePlus,3,1792.04,105.46,376.33,2024-12-19,Online,Portugal,EUR
Laptop Air,Hogar,FashionCorp,4,799.71,4.5,167.94,2024-07-12,Distribuidor,Italia,EUR
Memoria RAM 16GB,Electrónica,ProGear,3,297.56,19.87,62.49,2024-11-16,Distribuidor,España,EUR
Gafas Sol,Accesorios,HomePlus,5,803.28,58.79,168.69,2024-05-13,Distribuidor,Italia,EUR
Laptop Pro,Electrónica,MegaStore,2,1392.75,54.77,292.48,2024-11-05,Tienda,España,EUR
Tablet Plus,Electrónica,FashionCorp,3,679.77,38.91,142.75,2024-03-23,Distribuidor,Portugal,EUR
Zapatillas Running,Electrónica,MegaStore,3,100.09,13.36,21.02,2024-05-17,Tienda,España,EUR
Monitor 32,Oficina,Distribuciones Europa,1,67.27,7.41,14.13,2024-04-04,Online,Alemania,EUR
Smartwatch,Audio,Distribuciones Europa,2,1928.34,235.75,404.95,2024-11-19,Online,Portugal,EUR
Zapatillas Running,Accesorios,GlobalTech,2,1527.83,180.48,320.84,2024-03-24,Online,Italia,EUR
Cámara HD,Electrónica,GlobalTech,4,334.25,12.31,70.19,2024-09-24,Online,Portugal,EUR
Smartphone Mini,Oficina,ElectroMax,3,2046.21,226.83,429.7,2024-12-11,Online,España,EUR
Lámpara LED,Video,ElectroMax,2,1885.0,242.48,395.85,2024-01-29,Tienda,Italia,EUR
Webcam FullHD,Deportes,MegaStore,3,1697.16,108.33,356.4,2024-09-02,Online,Alemania,EUR
Cafetera Automática,Video,FashionCorp,5,266.61,37.44,55.99,2024-11-12,Online,Portugal,EUR
Refrigerador Mini,Hogar,FashionCorp,1,66.63,8.31,13.99,2024-05-31,Distribuidor,Alemania,EUR
Silla Gamer,Oficina,ProGear,4,1275.33,183.5,267.82,2024-10-10,Online,España,EUR
Set Mancuernas,Oficina,ProGear,4,716.46,1.35,150.46,2024-03-02,Distribuidor,Alemania,EUR
TV 65,Audio,HomePlus,3,1006.12,111.43,211.29,2024-12-26,Tienda,Alemania,EUR
Tostadora,Accesorios,HomePlus,3,20.14,1.79,4.23,2024-10-09,Tienda,Alemania,EUR
Auriculares Bluetooth,Deportes,ProGear,3,795.23,37.0,167.0,2024-03-27,Distribuidor,Alemania,EUR
Mochila Travel,Moda,HomePlus,5,311.02,19.84,65.31,2024-09-15,Distribuidor,Portugal,EUR
Barra de Sonido,Video,GlobalTech,5,767.86,73.76,161.25,2024-06-17,Distribuidor,España,EUR
Drone Mini,Video,HomePlus,2,283.12,40.91,59.46,2024-06-04,Online,Portugal,EUR
Colchoneta Yoga,Moda,GlobalTech,2,80.3,2.66,16.86,2024-07-04,Online,Portugal,EUR
Barra de Sonido,Oficina,HomePlus,1,1213.53,50.56,254.84,2024-03-18,Online,España,EUR
Proyector HD,Audio,FashionCorp,1,645.93,20.4,135.65,2024-03-14,Tienda,Italia,EUR
Cargador USB-C,Video,GlobalTech,1,800.24,48.25,168.05,2024-02-19,Distribuidor,España,EUR
Smartphone X,Video,HomePlus,2,1152.4,127.6,242.0,2024-03-17,Online,Portugal,EUR
Pantalón Trekking,Deportes,ElectroMax,4,1063.95,33.45,223.43,2024-10-29,Distribuidor,Italia,EUR
Colchoneta Yoga,Accesorios,ElectroMax,5,289.65,20.35,60.83,2024-07-23,Tienda,Alemania,EUR
Refrigerador Mini,Video,MegaStore,1,419.68,39.23,88.13,2024-08-20,Online,Alemania,EUR
Impresora Laser,Electrónica,MegaStore,1,509.62,54.09,107.02,2024-06-20,Online,Italia,EUR
Laptop Pro,Accesorios,MegaStore,3,100.07,3.41,21.01,2024-02-23,Tienda,Francia,EUR
Barra de Sonido,Deportes,SportWorld,1,1213.07,58.59,254.74,2024-07-07,Online,España,EUR
Batidora Pro,Audio,ElectroMax,3,428.54,24.84,89.99,2024-07-10,Online,España,EUR
Pantalón Trekking,Audio,ProGear,3,1113.13,42.26,233.76,2024-12-30,Tienda,España,EUR
Cámara HD,Accesorios,ElectroMax,4,305.36,25.98,64.13,2024-07-26,Online,Portugal,EUR
Chaqueta Invierno,Oficina,LogiTech,4,822.54,50.05,172.73,2024-07-27,Tienda,Portugal,EUR
Aspiradora Robot,Deportes,ProGear,1,1114.91,22.3,234.13,2024-05-15,Online,Italia,EUR
Proyector HD,Hogar,HomePlus,2,1546.9,101.51,324.85,2024-03-17,Online,España,EUR
Laptop Air,Audio,ElectroMax,3,401.44,36.62,84.3,2024-05-04,Tienda,Portugal,EUR
Pelota Fitness,Deportes,LogiTech,2,1341.35,127.68,281.68,2024-12-02,Online,Italia,EUR
Smartphone X,Electrónica,LogiTech,2,481.56,56.48,101.13,2024-03-07,Distribuidor,Italia,EUR
Laptop Pro,Deportes,SportWorld,5,398.63,12.29,83.71,2024-01-21,Distribuidor,Francia,EUR
Cafetera Automática,Audio,MegaStore,1,157.54,22.08,33.08,2024-03-12,Distribuidor,Francia,EUR
Refrigerador Mini,Electrónica,Distribuciones Europa,4,1502.4,187.59,315.5,2024-12-10,Online,España,EUR
Monitor 27,Electrónica,LogiTech,1,904.46,11.29,189.94,2024-02-19,Tienda,España,EUR
Memoria RAM 16GB,Audio,MegaStore,2,259.25,35.57,54.44,2024-06-29,Distribuidor,Italia,EUR
Tostadora,Hogar,GlobalTech,5,819.25,95.98,172.04,2024-09-07,Tienda,Italia,EUR
Cafetera Automática,Oficina,HomePlus,3,65.41,9.35,13.74,2024-04-20,Online,Portugal,EUR
Set Mancuernas,Moda,Distribuciones Europa,2,592.89,14.51,124.51,2024-07-25,Tienda,Italia,EUR
TV 55,Electrónica,Distribuciones Europa,2,1184.6,69.66,248.77,2024-12-25,Distribuidor,Portugal,EUR
Gafas Sol,Audio,Distribuciones Europa,2,1421.72,150.0,298.56,2024-10-10,Online,Italia,EUR
Plancha Vapor,Audio,TechCorp,2,1915.77,21.78,402.31,2024-11-16,Tienda,Italia,EUR
Mouse Gamer,Deportes,ProGear,4,1258.15,66.14,264.21,2024-12-16,Distribuidor,Alemania,EUR
Lámpara LED,Video,ProGear,1,1035.33,94.06,217.42,2024-07-31,Tienda,Italia,EUR
Cafetera Automática,Audio,GlobalTech,5,433.54,9.1,91.04,2024-02-01,Tienda,Portugal,EUR
Smartphone Mini,Oficina,ElectroMax,4,247.05,23.78,51.88,2024-10-17,Online,Francia,EUR
Webcam FullHD,Audio,FashionCorp,5,1743.62,129.97,366.16,2024-01-17,Distribuidor,Francia,EUR
Smartphone X,Electrónica,LogiTech,5,1503.92,148.58,315.82,2024-12-04,Tienda,Portugal,EUR
Lámpara LED,Electrónica,MegaStore,3,293.62,9.87,61.66,2024-09-22,Tienda,Francia,EUR
Zapatillas Running,Electrónica,GlobalTech,3,709.67,99.45,149.03,2024-01-30,Online,Italia,EUR
Smartwatch,Oficina,MegaStore,1,549.78,25.23,115.45,2024-01-14,Online,Portugal,EUR
Tostadora,Accesorios,SportWorld,1,1441.61,36.09,302.74,2024-09-28,Online,Francia,EUR
Lámpara LED,Video,Distribuciones Europa,2,1163.97,13.49,244.43,2024-11-21,Distribuidor,Portugal,EUR
Memoria RAM 16GB,Electrónica,ProGear,4,1255.42,51.09,263.64,2024-07-28,Online,Francia,EUR
Ventilador Turbo,Accesorios,HomePlus,3,112.09,16.35,23.54,2024-08-07,Online,Alemania,EUR
Proyector HD,Oficina,LogiTech,5,417.32,0.14,87.64,2024-08-05,Tienda,Francia,EUR
TV 65,Audio,HomePlus,1,331.02,15.53,69.51,2024-04-09,Distribuidor,Francia,EUR
Colchoneta Yoga,Deportes,TechCorp,5,329.54,8.57,69.2,2024-10-11,Online,Italia,EUR
Reloj Deportivo,Video,FashionCorp,3,928.34,68.75,194.95,2024-02-07,Online,Francia,EUR
Tostadora,Audio,ProGear,5,882.74,109.74,185.38,2024-06-12,Online,Portugal,EUR
Tostadora,Electrónica,SportWorld,4,819.42,71.58,172.08,2024-06-17,Online,España,EUR
Laptop Air,Video,GlobalTech,4,1017.88,137.98,213.75,2024-11-17,Online,España,EUR
Monitor 27,Hogar,ElectroMax,2,2064.33,72.34,433.51,2024-12-29,Distribuidor,Francia,EUR
Pantalón Trekking,Electrónica,SportWorld,2,152.45,9.11,32.01,2024-07-09,Tienda,Alemania,EUR
Barra de Sonido,Oficina,GlobalTech,1,524.1,30.9,110.06,2024-03-10,Distribuidor,Alemania,EUR
Escritorio Oficina,Deportes,Distribuciones Europa,4,952.76,28.66,200.08,2024-09-07,Tienda,España,EUR
Drone Mini,Electrónica,ProGear,2,556.71,39.75,116.91,2024-06-13,Online,Italia,EUR
Webcam FullHD,Moda,ElectroMax,2,1565.65,160.91,328.79,2024-03-25,Tienda,Portugal,EUR
Auriculares Bluetooth,Audio,SportWorld,5,382.13,16.61,80.25,2024-07-09,Distribuidor,Alemania,EUR
Memoria RAM 16GB,Hogar,MegaStore,4,639.59,1.8,134.31,2024-10-24,Tienda,España,EUR
Tablet Plus,Deportes,SportWorld,4,358.04,49.27,75.19,2024-08-30,Distribuidor,Francia,EUR
Escritorio Oficina,Electrónica,GlobalTech,5,1140.71,111.46,239.55,2024-07-16,Distribuidor,Italia,EUR
Cargador USB-C,Accesorios,ElectroMax,4,903.21,77.95,189.67,2024-06-01,Online,Alemania,EUR
TV 65,Audio,GlobalTech,5,1345.69,179.78,282.59,2024-12-26,Distribuidor,Italia,EUR
Tostadora,Hogar,LogiTech,5,386.35,22.48,81.13,2024-02-06,Distribuidor,Alemania,EUR
Smartphone Mini,Audio,LogiTech,2,2157.66,151.27,453.11,2024-11-13,Distribuidor,España,EUR
Cargador USB-C,Deportes,ElectroMax,4,91.82,11.96,19.28,2024-04-21,Distribuidor,Francia,EUR
Microfono Pro,Electrónica,TechCorp,4,1242.86,127.43,261.0,2024-12-26,Online,Francia,EUR
Smartphone X,Accesorios,LogiTech,3,86.27,0.45,18.12,2024-09-11,Distribuidor,Italia,EUR
Monitor 27,Accesorios,Distribuciones Europa,2,709.55,82.47,149.01,2024-05-24,Online,Portugal,EUR
Webcam FullHD,Electrónica,SportWorld,3,549.41,43.78,115.38,2024-07-18,Distribuidor,Italia,EUR
Drone Mini,Video,ElectroMax,3,506.31,48.89,106.33,2024-07-01,Distribuidor,Italia,EUR
HDD 2TB,Electrónica,TechCorp,3,1015.14,105.47,213.18,2024-10-18,Online,Portugal,EUR
Colchoneta Yoga,Deportes,LogiTech,5,351.7,24.69,73.86,2024-06-12,Tienda,Italia,EUR
Casco Bicicleta,Hogar,MegaStore,3,176.57,2.66,37.08,2024-03-07,Distribuidor,España,EUR
Monitor 27,Oficina,Distribuciones Europa,2,651.35,71.15,136.78,2024-07-14,Distribuidor,Francia,EUR
Monitor 32,Audio,Distribuciones Europa,5,268.82,9.38,56.45,2024-06-30,Tienda,España,EUR
Casco Bicicleta,Accesorios,Distribuciones Europa,3,874.89,63.49,183.73,2024-06-22,Distribuidor,Portugal,EUR
Barra de Sonido,Deportes,ProGear,3,183.39,26.09,38.51,2024-01-30,Tienda,España,EUR
Batidora Pro,Oficina,ElectroMax,5,1211.81,83.1,254.48,2024-02-10,Distribuidor,España,EUR
Monitor 27,Moda,SportWorld,5,1426.51,203.37,299.57,2024-03-14,Online,España,EUR
Chaqueta Invierno,Moda,FashionCorp,1,51.06,4.87,10.72,2024-08-26,Distribuidor,Alemania,EUR
Laptop Pro,Deportes,ProGear,5,979.59,115.95,205.71,2024-01-30,Online,Portugal,EUR
TV 55,Audio,TechCorp,3,1621.66,217.26,340.55,2024-12-30,Online,España,EUR
Reloj Deportivo,Hogar,ProGear,1,407.49,11.39,85.57,2024-08-31,Tienda,Francia,EUR
Router WiFi,Electrónica,FashionCorp,1,495.35,6.45,104.02,2024-07-13,Online,España,EUR
Guantes Gym,Hogar,SportWorld,4,39.96,3.87,8.39,2024-01-19,Online,Alemania,EUR
Memoria RAM 16GB,Oficina,LogiTech,1,1257.75,131.85,264.13,2024-08-23,Online,Italia,EUR
Webcam FullHD,Hogar,SportWorld,1,349.39,29.52,73.37,2024-03-05,Online,España,EUR
Mouse Gamer,Accesorios,HomePlus,3,1189.58,106.57,249.81,2024-01-22,Tienda,Alemania,EUR
Chaqueta Invierno,Electrónica,MegaStore,4,1006.4,21.33,211.34,2024-04-30,Tienda,Francia,EUR
HDD 2TB,Hogar,ElectroMax,2,188.93,27.86,39.68,2024-05-24,Online,Portugal,EUR
Cámara HD,Audio,ElectroMax,5,1622.22,20.83,340.67,2024-12-29,Online,Francia,EUR
Aspiradora Robot,Audio,ProGear,1,712.19,46.4,149.56,2024-09-11,Tienda,España,EUR
Cámara HD,Hogar,GlobalTech,2,991.27,75.86,208.17,2024-02-19,Tienda,Francia,EUR
Reloj Deportivo,Hogar,LogiTech,2,702.36,76.84,147.5,2024-01-04,Tienda,Italia,EUR
Guantes Gym,Video,TechCorp,4,181.56,10.45,38.13,2024-05-01,Tienda,Portugal,EUR
SSD 1TB,Accesorios,ProGear,4,662.06,15.96,139.03,2024-03-04,Online,Italia,EUR
Router WiFi,Electrónica,ProGear,3,910.42,46.04,191.19,2024-04-07,Distribuidor,Alemania,EUR
Colchoneta Yoga,Oficina,GlobalTech,5,859.74,32.93,180.55,2024-03-15,Distribuidor,España,EUR
Smartphone Mini,Accesorios,LogiTech,4,824.14,102.06,173.07,2024-09-04,Distribuidor,Alemania,EUR
Laptop Pro,Electrónica,HomePlus,5,1134.11,136.11,238.16,2024-05-02,Tienda,Alemania,EUR
Lámpara LED,Hogar,LogiTech,5,873.77,51.57,183.49,2024-08-20,Online,España,EUR
Microfono Pro,Audio,ProGear,5,1371.56,6.88,288.03,2024-05-29,Online,España,EUR
Laptop Pro,Electrónica,LogiTech,2,1136.56,163.89,238.68,2024-07-09,Tienda,España,EUR
HDD 2TB,Hogar,HomePlus,3,1179.49,2.3,247.69,2024-04-05,Tienda,Italia,EUR
Chaqueta Invierno,Electrónica,MegaStore,1,902.88,121.92,189.6,2024-04-19,Online,Portugal,EUR
Memoria RAM 16GB,Moda,HomePlus,1,927.09,103.32,194.69,2024-03-25,Distribuidor,Portugal,EUR
Casco Bicicleta,Oficina,SportWorld,4,1033.26,116.29,216.98,2024-08-05,Online,España,EUR
Colchoneta Yoga,Video,MegaStore,1,1469.36,111.01,308.57,2024-01-16,Distribuidor,Portugal,EUR
Proyector HD,Moda,FashionCorp,4,334.58,39.9,70.26,2024-10-04,Tienda,Portugal,EUR
Smartphone X,Moda,FashionCorp,2,403.28,48.76,84.69,2024-05-09,Distribuidor,Portugal,EUR
Smartphone X,Deportes,Distribuciones Europa,1,205.62,5.12,43.18,2024-03-18,Tienda,Francia,EUR
Laptop Pro,Moda,Distribuciones Europa,5,321.37,39.16,67.49,2024-03-19,Online,España,EUR
Tablet Plus,Accesorios,HomePlus,3,561.6,50.46,117.94,2024-08-29,Distribuidor,Francia,EUR
TV 55,Accesorios,TechCorp,3,1894.98,222.74,397.95,2024-12-29,Distribuidor,España,EUR
Smartwatch,Moda,GlobalTech,3,1142.39,10.84,239.9,2024-03-03,Distribuidor,Portugal,EUR
Ventilador Turbo,Accesorios,TechCorp,2,1198.84,80.18,251.76,2024-06-26,Tienda,Alemania,EUR
Batidora Pro,Deportes,Distribuciones Europa,4,1245.8,130.64,261.62,2024-07-03,Distribuidor,España,EUR
Proyector HD,Audio,TechCorp,1,964.03,16.27,202.45,2024-01-01,Distribuidor,Francia,EUR
Cámara HD,Audio,GlobalTech,4,636.01,47.64,133.56,2024-09-12,Distribuidor,Italia,EUR
Microfono Pro,Hogar,ElectroMax,1,1343.02,134.83,282.03,2024-05-07,Online,Francia,EUR
Batidora Pro,Moda,ProGear,1,888.29,80.87,186.54,2024-08-02,Online,Francia,EUR
Pantalón Trekking,Deportes,ProGear,5,422.5,10.64,88.72,2024-03-21,Online,Alemania,EUR
Proyector HD,Hogar,ElectroMax,3,617.38,13.26,129.65,2024-04-26,Distribuidor,España,EUR
Monitor 27,Electrónica,GlobalTech,5,1108.49,164.11,232.78,2024-08-23,Distribuidor,Alemania,EUR
Memoria RAM 16GB,Accesorios,Distribuciones Europa,1,63.84,8.15,13.41,2024-05-15,Online,Francia,EUR
Chaqueta Invierno,Video,LogiTech,2,1293.45,173.8,271.62,2024-03-22,Online,España,EUR
Teclado Mecánico,Hogar,HomePlus,1,940.92,110.27,197.59,2024-02-02,Tienda,España,EUR
Ventilador Turbo,Hogar,GlobalTech,1,1471.23,121.66,308.96,2024-03-11,Tienda,Italia,EUR
Router WiFi,Hogar,LogiTech,5,710.12,51.22,149.13,2024-08-03,Tienda,Alemania,EUR
Monitor 32,Moda,TechCorp,5,574.36,13.65,120.62,2024-06-08,Tienda,España,EUR
Guantes Gym,Electrónica,ElectroMax,4,783.02,75.77,164.43,2024-05-25,Tienda,Alemania,EUR
Silla Gamer,Audio,GlobalTech,3,1049.85,80.8,220.47,2024-11-13,Online,Portugal,EUR
Batidora Pro,Moda,LogiTech,4,1177.29,69.88,247.23,2024-03-06,Distribuidor,Francia,EUR
Altavoz Bluetooth,Hogar,Distribuciones Europa,5,240.66,3.01,50.54,2024-10-21,Online,Portugal,EUR
Set Mancuernas,Hogar,MegaStore,4,757.0,78.79,158.97,2024-11-23,Distribuidor,Portugal,EUR
Reloj Deportivo,Video,LogiTech,1,663.13,99.01,139.26,2024-10-21,Tienda,Portugal,EUR
Cafetera Automática,Electrónica,TechCorp,2,77.28,5.46,16.23,2024-05-05,Tienda,España,EUR
Impresora Laser,Moda,FashionCorp,1,236.31,13.66,49.63,2024-09-11,Distribuidor,Portugal,EUR
Router WiFi,Accesorios,SportWorld,2,190.82,9.18,40.07,2024-06-18,Tienda,Italia,EUR
Cargador USB-C,Deportes,SportWorld,2,1386.24,114.74,291.11,2024-11-14,Online,España,EUR
Altavoz Bluetooth,Video,Distribuciones Europa,4,135.94,2.22,28.55,2024-10-13,Online,Francia,EUR
Aspiradora Robot,Oficina,TechCorp,3,545.4,7.87,114.53,2024-06-11,Distribuidor,Francia,EUR
Microfono Pro,Electrónica,FashionCorp,5,1382.59,86.68,290.34,2024-02-29,Tienda,España,EUR
Tostadora,Moda,ProGear,3,296.38,30.22,62.24,2024-06-09,Online,Italia,EUR
Colchoneta Yoga,Video,FashionCorp,1,419.47,46.83,88.09,2024-11-24,Distribuidor,España,EUR
Zapatillas Running,Video,ElectroMax,4,173.06,15.82,36.34,2024-01-07,Online,Alemania,EUR
Tablet Plus,Oficina,FashionCorp,3,711.8,49.46,149.48,2024-06-13,Tienda,Francia,EUR
Tostadora,Hogar,TechCorp,3,1455.99,69.18,305.76,2024-09-16,Online,Francia,EUR
Colchoneta Yoga,Deportes,MegaStore,2,1246.83,161.05,261.83,2024-03-22,Distribuidor,España,EUR
Plancha Vapor,Moda,GlobalTech,1,1169.9,95.38,245.68,2024-08-24,Distribuidor,Francia,EUR
Drone Mini,Deportes,SportWorld,1,744.06,6.43,156.25,2024-01-06,Online,Alemania,EUR
Escritorio Oficina,Moda,FashionCorp,1,1050.06,75.45,220.51,2024-07-27,Distribuidor,Francia,EUR
Impresora Laser,Deportes,GlobalTech,5,751.4,93.21,157.79,2024-08-04,Distribuidor,Alemania,EUR
Laptop Pro,Audio,TechCorp,1,201.24,2.54,42.26,2024-09-09,Online,Portugal,EUR
Tostadora,Electrónica,FashionCorp,2,124.78,17.95,26.2,2024-02-10,Online,España,EUR
TV 65,Accesorios,GlobalTech,4,328.36,24.71,68.96,2024-10-01,Online,Portugal,EUR
Router WiFi,Deportes,GlobalTech,1,90.92,6.15,19.09,2024-07-22,Distribuidor,Alemania,EUR
Tablet Plus,Moda,TechCorp,3,1295.97,129.55,272.15,2024-01-02,Distribuidor,Francia,EUR
Escritorio Oficina,Electrónica,Distribuciones Europa,1,399.74,8.45,83.95,2024-07-25,Tienda,Italia,EUR
Pelota Fitness,Audio,ProGear,1,1560.37,228.3,327.68,2024-04-22,Distribuidor,Alemania,EUR
Barra de Sonido,Deportes,ElectroMax,1,50.04,4.87,10.51,2024-04-13,Online,Alemania,EUR
Webcam FullHD,Electrónica,SportWorld,3,294.56,16.91,61.86,2024-09-26,Tienda,Francia,EUR
Mouse Gamer,Accesorios,LogiTech,4,653.74,74.67,137.29,2024-04-02,Online,España,EUR
Webcam FullHD,Deportes,TechCorp,1,137.95,16.93,28.97,2024-04-21,Online,Francia,EUR
HDD 2TB,Electrónica,SportWorld,3,196.83,21.04,41.33,2024-06-07,Tienda,Francia,EUR
Mouse Gamer,Video,SportWorld,3,912.39,90.19,191.6,2024-09-08,Tienda,Italia,EUR
Pelota Fitness,Hogar,GlobalTech,4,1276.83,38.37,268.13,2024-01-08,Online,Portugal,EUR
Guantes Gym,Moda,LogiTech,5,481.15,66.7,101.04,2024-11-09,Online,Italia,EUR
Zapatillas Running,Deportes,Distribuciones Europa,3,1110.66,122.97,233.24,2024-11-14,Distribuidor,Francia,EUR
Mouse Gamer,Deportes,TechCorp,4,1230.36,60.62,258.38,2024-06-19,Online,Italia,EUR
SSD 1TB,Oficina,SportWorld,5,1210.93,92.1,254.3,2024-07-10,Online,Italia,EUR
HDD 2TB,Video,MegaStore,3,1924.4,133.75,404.12,2024-01-07,Tienda,Alemania,EUR
Tablet Plus,Video,SportWorld,4,1561.71,3.71,327.96,2024-11-28,Tienda,Italia,EUR
Drone Mini,Oficina,SportWorld,2,1239.55,120.02,260.31,2024-05-20,Tienda,España,EUR
Smartphone X,Deportes,FashionCorp,5,1394.53,77.99,292.85,2024-03-01,Distribuidor,Francia,EUR
Gafas Sol,Video,LogiTech,3,1619.65,36.76,340.13,2024-04-15,Tienda,Italia,EUR
Router WiFi,Hogar,ElectroMax,1,1442.96,61.04,303.02,2024-03-12,Online,España,EUR
Set Mancuernas,Audio,SportWorld,5,461.35,45.37,96.88,2024-08-03,Distribuidor,Portugal,EUR
Cargador USB-C,Moda,HomePlus,5,506.25,40.84,106.31,2024-01-04,Distribuidor,Portugal,EUR
Smartphone X,Accesorios,ProGear,1,837.35,73.95,175.84,2024-12-12,Online,España,EUR
Memoria RAM 16GB,Accesorios,TechCorp,1,188.56,18.67,39.6,2024-06-09,Tienda,Francia,EUR
Batidora Pro,Deportes,Distribuciones Europa,1,71.03,5.49,14.92,2024-05-31,Tienda,Portugal,EUR
Laptop Air,Accesorios,HomePlus,1,1725.76,35.47,362.41,2024-11-12,Distribuidor,Portugal,EUR
Lámpara LED,Hogar,FashionCorp,1,773.94,62.23,162.53,2024-01-31,Tienda,Portugal,EUR
SSD 1TB,Accesorios,ProGear,3,243.17,19.91,51.07,2024-04-02,Online,Portugal,EUR
Cámara HD,Audio,HomePlus,4,1468.7,129.79,308.43,2024-10-06,Distribuidor,Alemania,EUR
Lámpara LED,Moda,MegaStore,2,1534.53,202.7,322.25,2024-03-08,Online,Italia,EUR
TV 65,Electrónica,HomePlus,5,556.74,56.47,116.92,2024-01-21,Online,España,EUR
Escritorio Oficina,Accesorios,Distribuciones Europa,1,1377.26,187.51,289.22,2024-03-10,Distribuidor,España,EUR
Proyector HD,Moda,LogiTech,1,1274.98,106.43,267.75,2024-12-12,Online,España,EUR
Drone Mini,Accesorios,GlobalTech,1,1290.24,5.45,270.95,2024-01-12,Online,España,EUR
Pelota Fitness,Video,ElectroMax,1,919.69,12.82,193.13,2024-02-22,Distribuidor,Francia,EUR
Casco Bicicleta,Deportes,HomePlus,2,1193.32,52.66,250.6,2024-11-22,Distribuidor,Portugal,EUR
Cámara HD,Hogar,HomePlus,3,852.53,63.62,179.03,2024-01-01,Tienda,España,EUR
Teclado Mecánico,Electrónica,ProGear,1,985.92,74.35,207.04,2024-06-07,Distribuidor,Italia,EUR
Mochila Travel,Moda,TechCorp,2,433.95,37.89,91.13,2024-11-04,Distribuidor,España,EUR
Webcam FullHD,Electrónica,TechCorp,3,1903.65,149.98,399.77,2024-12-26,Online,Alemania,EUR
Monitor 27,Video,LogiTech,1,256.93,34.76,53.96,2024-07-23,Distribuidor,Italia,EUR
Cargador USB-C,Deportes,TechCorp,2,77.57,1.01,16.29,2024-03-16,Distribuidor,Italia,EUR
Auriculares Bluetooth,Accesorios,LogiTech,3,487.36,34.21,102.35,2024-08-17,Distribuidor,Italia,EUR
Altavoz Bluetooth,Hogar,GlobalTech,5,646.53,41.28,135.77,2024-12-26,Tienda,Alemania,EUR
Monitor 32,Deportes,LogiTech,2,1167.78,31.23,245.23,2024-09-27,Online,Italia,EUR
Refrigerador Mini,Oficina,MegaStore,2,883.04,116.39,185.44,2024-08-18,Tienda,Alemania,EUR
Barra de Sonido,Electrónica,SportWorld,4,1215.17,166.14,255.19,2024-06-05,Tienda,Portugal,EUR
Altavoz Bluetooth,Hogar,SportWorld,5,790.18,25.46,165.94,2024-06-22,Distribuidor,Italia,EUR
Impresora Laser,Accesorios,TechCorp,2,728.06,92.32,152.89,2024-02-02,Tienda,España,EUR
Cámara HD,Moda,LogiTech,4,719.22,83.38,151.04,2024-07-09,Distribuidor,Francia,EUR
TV 65,Oficina,GlobalTech,3,693.88,85.07,145.71,2024-09-10,Online,Alemania,EUR
Auriculares Bluetooth,Video,LogiTech,1,1393.29,41.95,292.59,2024-09-05,Online,España,EUR
Refrigerador Mini,Oficina,MegaStore,1,1147.03,127.78,240.88,2024-10-14,Online,Alemania,EUR
Zapatillas Running,Hogar,Distribuciones Europa,1,1051.81,139.31,220.88,2024-09-29,Online,Alemania,EUR
Smartphone Mini,Electrónica,Distribuciones Europa,1,1215.09,126.13,255.17,2024-06-28,Tienda,España,EUR
TV 65,Oficina,LogiTech,2,285.55,0.25,59.97,2024-04-21,Tienda,Portugal,EUR
Escritorio Oficina,Video,MegaStore,3,1014.95,88.6,213.14,2024-06-10,Distribuidor,Alemania,EUR
Microfono Pro,Video,GlobalTech,1,731.65,81.35,153.65,2024-06-17,Tienda,España,EUR
Laptop Pro,Video,MegaStore,1,904.81,95.37,190.01,2024-09-16,Distribuidor,Italia,EUR
Mouse Gamer,Deportes,MegaStore,1,557.85,64.18,117.15,2024-11-17,Online,Francia,EUR
Escritorio Oficina,Audio,SportWorld,5,771.5,46.93,162.01,2024-02-12,Tienda,Francia,EUR
Smartphone Mini,Video,Distribuciones Europa,5,381.23,0.87,80.06,2024-10-24,Distribuidor,Italia,EUR
Guantes Gym,Video,ProGear,4,443.53,26.46,93.14,2024-07-19,Distribuidor,Alemania,EUR
Smartphone X,Audio,TechCorp,1,1069.82,72.52,224.66,2024-12-24,Distribuidor,Francia,EUR
Pantalón Trekking,Deportes,FashionCorp,2,1403.73,153.27,294.78,2024-10-29,Online,Portugal,EUR
Teclado Mecánico,Deportes,Distribuciones Europa,1,1232.81,156.8,258.89,2024-02-05,Distribuidor,Alemania,EUR
Pantalón Trekking,Oficina,ElectroMax,2,581.98,21.1,122.22,2024-12-08,Distribuidor,Italia,EUR
Auriculares Bluetooth,Accesorios,Distribuciones Europa,5,617.42,52.56,129.66,2024-02-16,Tienda,España,EUR
Plancha Vapor,Electrónica,LogiTech,3,181.71,21.64,38.16,2024-03-19,Distribuidor,Italia,EUR
Smartwatch,Video,TechCorp,1,896.62,18.69,188.29,2024-07-28,Distribuidor,España,EUR
Tablet Plus,Video,GlobalTech,1,56.45,6.73,11.85,2024-02-14,Tienda,España,EUR
Pelota Fitness,Hogar,TechCorp,4,346.79,46.23,72.83,2024-09-10,Online,Alemania,EUR
Laptop Air,Oficina,FashionCorp,4,902.75,27.73,189.58,2024-09-16,Distribuidor,Alemania,EUR
Microfono Pro,Oficina,FashionCorp,1,620.3,92.64,130.26,2024-07-15,Distribuidor,Alemania,EUR
Cámara HD,Audio,TechCorp,3,1296.12,68.36,272.19,2024-03-12,Online,Alemania,EUR
Pelota Fitness,Electrónica,MegaStore,4,1086.15,46.05,228.09,2024-11-19,Online,Francia,EUR
Tostadora,Accesorios,LogiTech,5,256.45,7.67,53.85,2024-10-10,Online,Alemania,EUR
PowerBank 20k,Electrónica,MegaStore,2,1230.32,19.92,258.37,2024-07-18,Online,Francia,EUR
Batidora Pro,Deportes,TechCorp,2,929.3,91.64,195.15,2024-08-14,Distribuidor,Italia,EUR
Smartphone X,Accesorios,ElectroMax,3,1151.1,168.69,241.73,2024-01-17,Tienda,España,EUR
Guantes Gym,Deportes,MegaStore,2,1737.29,225.12,364.83,2024-01-02,Distribuidor,Italia,EUR
Monitor 27,Accesorios,Distribuciones Europa,4,209.74,1.05,44.05,2024-05-08,Distribuidor,Francia,EUR
Set Mancuernas,Audio,HomePlus,1,446.76,29.05,93.82,2024-04-24,Tienda,Alemania,EUR
Pelota Fitness,Audio,LogiTech,4,1370.73,79.57,287.85,2024-04-21,Distribuidor,Italia,EUR
Mouse Gamer,Video,FashionCorp,5,491.59,36.46,103.23,2024-07-25,Tienda,Alemania,EUR
Smartphone X,Accesorios,ElectroMax,2,346.58,38.33,72.78,2024-08-20,Tienda,Portugal,EUR
Cámara HD,Moda,TechCorp,4,1613.6,38.65,338.86,2024-12-11,Distribuidor,España,EUR
HDD 2TB,Deportes,MegaStore,2,108.12,15.14,22.71,2024-10-22,Online,Francia,EUR
Smartphone Mini,Oficina,GlobalTech,2,215.02,6.91,45.15,2024-02-01,Distribuidor,España,EUR
Webcam FullHD,Oficina,LogiTech,3,31.4,3.29,6.59,2024-05-09,Online,Francia,EUR
Altavoz Bluetooth,Electrónica,ProGear,2,751.95,8.45,157.91,2024-02-07,Distribuidor,Francia,EUR
Zapatillas Running,Oficina,Distribuciones Europa,3,703.91,31.58,147.82,2024-04-14,Distribuidor,Portugal,EUR
Smartphone Mini,Deportes,MegaStore,2,1292.54,58.31,271.43,2024-04-01,Online,Italia,EUR
Cargador USB-C,Accesorios,ElectroMax,4,1198.74,19.91,251.74,2024-02-16,Distribuidor,Italia,EUR
Monitor 27,Moda,LogiTech,2,1814.05,251.17,380.95,2024-11-13,Online,Italia,EUR
Set Mancuernas,Audio,Distribuciones Europa,4,272.69,30.23,57.26,2024-04-23,Online,Alemania,EUR
Impresora Laser,Oficina,ProGear,1,337.2,2.23,70.81,2024-12-27,Distribuidor,Alemania,EUR
Gafas Sol,Accesorios,ElectroMax,2,120.87,0.95,25.38,2024-08-13,Online,Portugal,EUR
HDD 2TB,Deportes,ProGear,1,1236.42,49.53,259.65,2024-09-29,Tienda,Alemania,EUR
SSD 1TB,Moda,FashionCorp,2,149.71,5.46,31.44,2024-09-14,Distribuidor,España,EUR
Smartphone Mini,Deportes,TechCorp,1,1207.4,145.15,253.55,2024-02-25,Tienda,Portugal,EUR
Refrigerador Mini,Hogar,MegaStore,4,476.79,49.63,100.13,2024-08-16,Online,Alemania,EUR
Smartwatch,Accesorios,ElectroMax,5,751.22,105.75,157.76,2024-01-19,Online,Portugal,EUR
Set Mancuernas,Electrónica,FashionCorp,3,1856.99,103.0,389.97,2024-01-16,Distribuidor,España,EUR
SSD 1TB,Electrónica,LogiTech,2,733.99,76.74,154.14,2024-03-10,Tienda,Alemania,EUR
Batidora Pro,Deportes,TechCorp,5,1097.93,15.92,230.57,2024-11-15,Online,Italia,EUR
Ventilador Turbo,Accesorios,FashionCorp,4,521.07,13.23,109.42,2024-12-14,Distribuidor,Italia,EUR
TV 65,Video,ElectroMax,5,304.76,20.19,64.0,2024-05-14,Tienda,Portugal,EUR
Gafas Sol,Moda,MegaStore,3,1136.7,130.84,238.71,2024-04-18,Tienda,España,EUR
Cámara HD,Video,GlobalTech,2,2076.81,242.93,436.13,2024-11-14,Tienda,Alemania,EUR
Teclado Mecánico,Electrónica,TechCorp,3,208.91,30.23,43.87,2024-04-08,Distribuidor,Italia,EUR
Auriculares Bluetooth,Video,HomePlus,5,1776.85,12.82,373.14,2024-01-20,Tienda,Portugal,EUR
Aspiradora Robot,Accesorios,FashionCorp,1,540.78,12.34,113.56,2024-03-13,Distribuidor,Italia,EUR
Pelota Fitness,Electrónica,ProGear,3,223.42,31.81,46.92,2024-09-05,Tienda,España,EUR
Casco Bicicleta,Audio,TechCorp,1,735.41,93.45,154.44,2024-09-04,Tienda,Italia,EUR
Laptop Pro,Oficina,Distribuciones Europa,3,559.2,5.06,117.43,2024-04-29,Distribuidor,España,EUR
Webcam FullHD,Moda,HomePlus,3,694.65,103.32,145.88,2024-05-13,Tienda,Portugal,EUR
Guantes Gym,Video,FashionCorp,5,838.99,114.04,176.19,2024-12-24,Distribuidor,Portugal,EUR
Mouse Gamer,Hogar,ProGear,4,594.74,8.98,124.9,2024-06-04,Online,Portugal,EUR
Plancha Vapor,Accesorios,HomePlus,3,1436.23,91.3,301.61,2024-09-04,Online,Alemania,EUR
Plancha Vapor,Deportes,GlobalTech,5,29.44,0.56,6.18,2024-10-29,Distribuidor,Portugal,EUR
Tablet Plus,Moda,Distribuciones Europa,1,683.52,72.81,143.54,2024-08-23,Distribuidor,Alemania,EUR
Monitor 32,Accesorios,FashionCorp,2,229.83,4.43,48.26,2024-09-30,Online,España,EUR
Ventilador Turbo,Video,MegaStore,1,410.43,50.26,86.19,2024-06-02,Distribuidor,Francia,EUR
Tostadora,Electrónica,HomePlus,1,530.51,35.17,111.41,2024-04-06,Online,Francia,EUR
Guantes Gym,Deportes,ProGear,3,1262.69,80.64,265.16,2024-04-06,Distribuidor,Francia,EUR
Smartwatch,Audio,FashionCorp,3,1194.21,157.33,250.78,2024-08-05,Tienda,España,EUR
HDD 2TB,Oficina,ProGear,5,420.46,24.62,88.3,2024-01-08,Tienda,Italia,EUR
Barra de Sonido,Hogar,ProGear,2,915.36,20.32,192.23,2024-12-19,Online,Italia,EUR
Impresora Laser,Deportes,FashionCorp,5,1894.49,184.92,397.84,2024-01-17,Tienda,Alemania,EUR
Gafas Sol,Video,MegaStore,3,1431.12,148.31,300.54,2024-10-22,Distribuidor,Francia,EUR
SSD 1TB,Video,SportWorld,4,1623.86,172.14,341.01,2024-09-19,Distribuidor,Alemania,EUR
Cargador USB-C,Video,GlobalTech,3,730.46,67.84,153.4,2024-04-18,Online,Alemania,EUR
Aspiradora Robot,Oficina,LogiTech,5,1087.8,25.27,228.44,2024-07-21,Distribuidor,Alemania,EUR
Colchoneta Yoga,Moda,MegaStore,4,770.29,87.07,161.76,2024-12-24,Distribuidor,España,EUR
Laptop Air,Accesorios,TechCorp,5,589.25,86.82,123.74,2024-12-18,Online,Alemania,EUR
Cargador USB-C,Hogar,ProGear,2,496.31,13.02,104.23,2024-03-01,Online,Italia,EUR
Reloj Deportivo,Video,LogiTech,2,1085.27,18.31,227.91,2024-08-04,Distribuidor,Portugal,EUR
Teclado Mecánico,Video,GlobalTech,5,1076.07,60.09,225.97,2024-06-14,Distribuidor,Portugal,EUR
Colchoneta Yoga,Moda,HomePlus,5,164.63,14.01,34.57,2024-12-17,Tienda,Alemania,EUR
Lámpara LED,Hogar,TechCorp,4,1140.67,1.23,239.54,2024-03-25,Online,Italia,EUR
Batidora Pro,Electrónica,MegaStore,1,157.49,11.44,33.07,2024-02-10,Distribuidor,España,EUR
Smartphone Mini,Audio,FashionCorp,2,265.67,9.02,55.79,2024-07-29,Distribuidor,España,EUR
Smartphone X,Video,Distribuciones Europa,5,521.61,15.45,109.54,2024-07-02,Online,Portugal,EUR
Drone Mini,Audio,Distribuciones Europa,1,1743.91,24.76,366.22,2024-12-19,Distribuidor,Italia,EUR
Colchoneta Yoga,Audio,ProGear,2,1478.95,97.84,310.58,2024-02-14,Tienda,Francia,EUR
Smartphone X,Moda,TechCorp,1,1158.12,30.3,243.21,2024-04-13,Tienda,Italia,EUR
Aspiradora Robot,Video,HomePlus,2,1397.42,37.63,293.46,2024-05-08,Distribuidor,Portugal,EUR
HDD 2TB,Deportes,Distribuciones Europa,5,643.17,77.6,135.07,2024-08-09,Tienda,Alemania,EUR
Pantalón Trekking,Accesorios,ProGear,5,332.53,13.0,69.83,2024-12-25,Tienda,Alemania,EUR
Smartphone X,Moda,FashionCorp,5,650.75,90.58,136.66,2024-03-03,Tienda,Alemania,EUR
Tostadora,Audio,TechCorp,5,456.95,65.1,95.96,2024-01-22,Tienda,Italia,EUR
TV 65,Electrónica,LogiTech,1,252.76,20.06,53.08,2024-11-07,Online,Italia,EUR
Ventilador Turbo,Moda,FashionCorp,1,597.84,43.29,125.55,2024-02-18,Distribuidor,Francia,EUR
Laptop Air,Electrónica,GlobalTech,3,74.43,9.4,15.63,2024-08-01,Tienda,Alemania,EUR
Plancha Vapor,Electrónica,ElectroMax,1,1532.56,76.87,321.84,2024-01-13,Tienda,Italia,EUR
Cafetera Automática,Audio,ProGear,4,9.15,0.56,1.92,2024-07-29,Distribuidor,España,EUR
Pelota Fitness,Video,SportWorld,4,1108.26,84.15,232.73,2024-01-23,Tienda,Portugal,EUR
TV 55,Deportes,Distribuciones Europa,1,839.09,109.58,176.21,2024-06-14,Tienda,España,EUR
Set Mancuernas,Deportes,SportWorld,5,83.39,1.82,17.51,2024-09-03,Tienda,Francia,EUR
Tostadora,Moda,HomePlus,2,111.88,4.67,23.49,2024-10-24,Online,Portugal,EUR
Gafas Sol,Hogar,MegaStore,4,219.47,19.32,46.09,2024-10-05,Online,España,EUR
Batidora Pro,Deportes,HomePlus,5,1023.55,62.54,214.95,2024-08-02,Distribuidor,Alemania,EUR
Teclado Mecánico,Electrónica,FashionCorp,1,225.44,13.46,47.34,2024-12-13,Distribuidor,Portugal,EUR
Memoria RAM 16GB,Video,FashionCorp,3,1407.59,129.63,295.59,2024-12-01,Online,Francia,EUR
PowerBank 20k,Electrónica,LogiTech,2,113.84,11.95,23.91,2024-03-11,Tienda,Italia,EUR
Set Mancuernas,Moda,GlobalTech,2,880.95,83.7,185.0,2024-11-03,Tienda,España,EUR
Chaqueta Invierno,Accesorios,HomePlus,2,862.69,108.48,181.16,2024-05-19,Online,Francia,EUR
Aspiradora Robot,Audio,HomePlus,3,784.2,73.62,164.68,2024-03-06,Distribuidor,España,EUR
Mouse Gamer,Video,HomePlus,4,557.66,38.84,117.11,2024-08-21,Distribuidor,Portugal,EUR
SSD 1TB,Deportes,HomePlus,2,103.93,4.28,21.83,2024-05-20,Online,Italia,EUR
TV 55,Moda,HomePlus,4,1997.05,219.28,419.38,2024-11-04,Tienda,España,EUR
Ventilador Turbo,Accesorios,Distribuciones Europa,1,260.62,2.32,54.73,2024-05-31,Online,Italia,EUR
Mouse Gamer,Deportes,LogiTech,3,655.64,49.53,137.68,2024-09-10,Online,Francia,EUR
Chaqueta Invierno,Electrónica,HomePlus,4,454.54,19.78,95.45,2024-07-15,Distribuidor,Portugal,EUR
Reloj Deportivo,Accesorios,FashionCorp,1,587.75,69.28,123.43,2024-06-12,Distribuidor,Italia,EUR
Refrigerador Mini,Hogar,HomePlus,5,470.43,11.34,98.79,2024-12-20,Online,Alemania,EUR
Proyector HD,Deportes,HomePlus,2,834.77,2.36,175.3,2024-03-21,Online,Francia,EUR
Impresora Laser,Deportes,TechCorp,4,250.47,31.19,52.6,2024-07-30,Distribuidor,Francia,EUR
Ventilador Turbo,Oficina,Distribuciones Europa,5,738.45,51.6,155.07,2024-05-06,Online,Francia,EUR
Cargador USB-C,Video,SportWorld,3,1362.18,30.94,286.06,2024-11-05,Distribuidor,Portugal,EUR
TV 65,Accesorios,LogiTech,5,331.16,35.0,69.54,2024-11-29,Tienda,Italia,EUR
Monitor 27,Video,LogiTech,3,898.4,106.97,188.66,2024-07-12,Tienda,Francia,EUR
Reloj Deportivo,Electrónica,Distribuciones Europa,1,1210.37,75.92,254.18,2024-08-02,Online,Francia,EUR
Escritorio Oficina,Video,ProGear,1,1364.31,42.88,286.51,2024-02-02,Tienda,Alemania,EUR
Barra de Sonido,Audio,SportWorld,4,982.04,137.53,206.23,2024-04-16,Online,España,EUR
Smartphone X,Deportes,Distribuciones Europa,4,904.33,51.89,189.91,2024-02-16,Online,Portugal,EUR
Cargador USB-C,Deportes,FashionCorp,4,99.47,13.0,20.89,2024-12-26,Tienda,Francia,EUR
Auriculares Bluetooth,Moda,Distribuciones Europa,2,820.27,41.14,172.26,2024-09-01,Tienda,España,EUR
Memoria RAM 16GB,Moda,ProGear,4,1792.44,233.87,376.41,2024-01-20,Distribuidor,Francia,EUR
HDD 2TB,Audio,SportWorld,1,742.11,45.99,155.84,2024-10-29,Distribuidor,España,EUR
Pelota Fitness,Audio,ElectroMax,4,1127.69,122.31,236.81,2024-03-05,Distribuidor,Italia,EUR
Silla Gamer,Moda,TechCorp,4,1125.53,65.15,236.36,2024-06-16,Online,Alemania,EUR
Pantalón Trekking,Video,Distribuciones Europa,4,1434.35,166.54,301.21,2024-02-08,Online,Alemania,EUR
Chaqueta Invierno,Deportes,ProGear,5,744.46,61.11,156.34,2024-07-20,Online,Italia,EUR
Drone Mini,Audio,ElectroMax,5,1575.64,14.79,330.88,2024-04-18,Online,Alemania,EUR
Colchoneta Yoga,Moda,SportWorld,5,214.18,18.6,44.98,2024-01-01,Distribuidor,Alemania,EUR
Monitor 32,Video,HomePlus,1,945.49,139.02,198.55,2024-04-03,Tienda,Portugal,EUR
Webcam FullHD,Accesorios,ProGear,5,1200.49,46.17,252.1,2024-10-23,Tienda,Francia,EUR
Plancha Vapor,Deportes,HomePlus,5,404.16,49.14,84.87,2024-10-24,Distribuidor,Portugal,EUR
HDD 2TB,Audio,ProGear,4,1249.66,141.68,262.43,2024-07-09,Tienda,Portugal,EUR
Batidora Pro,Hogar,SportWorld,3,1103.42,67.0,231.72,2024-09-23,Online,Alemania,EUR
Webcam FullHD,Oficina,ElectroMax,1,1354.8,121.22,284.51,2024-03-29,Tienda,Italia,EUR
Auriculares Bluetooth,Hogar,GlobalTech,4,1266.76,147.46,266.02,2024-05-18,Distribuidor,Francia,EUR
Router WiFi,Oficina,HomePlus,1,1362.81,114.92,286.19,2024-03-09,Distribuidor,Francia,EUR
Zapatillas Running,Accesorios,HomePlus,5,538.23,6.97,113.03,2024-08-08,Online,Francia,EUR
Mochila Travel,Moda,ElectroMax,3,731.53,54.96,153.62,2024-06-13,Distribuidor,Portugal,EUR
Reloj Deportivo,Oficina,FashionCorp,3,332.68,9.72,69.86,2024-09-20,Online,Portugal,EUR
Silla Gamer,Electrónica,FashionCorp,5,429.56,44.71,90.21,2024-01-26,Tienda,Alemania,EUR
Auriculares Bluetooth,Deportes,FashionCorp,2,1389.93,68.19,291.89,2024-03-12,Tienda,Alemania,EUR
Microfono Pro,Electrónica,GlobalTech,5,1686.02,238.35,354.06,2024-01-16,Online,España,EUR
Smartwatch,Accesorios,Distribuciones Europa,4,395.91,31.68,83.14,2024-11-23,Distribuidor,Italia,EUR
Ventilador Turbo,Electrónica,FashionCorp,1,373.53,17.35,78.44,2024-05-14,Distribuidor,Italia,EUR
Ventilador Turbo,Hogar,LogiTech,2,292.62,5.18,61.45,2024-03-20,Tienda,España,EUR
Memoria RAM 16GB,Video,FashionCorp,2,141.28,2.51,29.67,2024-03-20,Tienda,Italia,EUR
Pantalón Trekking,Oficina,GlobalTech,2,981.45,80.55,206.1,2024-05-18,Online,Portugal,EUR
Teclado Mecánico,Oficina,GlobalTech,3,105.61,0.28,22.18,2024-07-14,Distribuidor,España,EUR
Monitor 32,Deportes,ElectroMax,4,608.49,16.2,127.78,2024-08-21,Tienda,Italia,EUR
Cámara HD,Accesorios,SportWorld,3,1107.97,61.34,232.67,2024-12-02,Distribuidor,Portugal,EUR
Proyector HD,Deportes,ProGear,1,56.63,3.15,11.89,2024-04-01,Online,España,EUR
Batidora Pro,Accesorios,LogiTech,2,371.59,32.28,78.03,2024-08-12,Tienda,Portugal,EUR
Memoria RAM 16GB,Accesorios,ElectroMax,3,1519.05,49.69,319.0,2024-01-07,Tienda,Portugal,EUR
Smartwatch,Deportes,ElectroMax,2,1039.75,107.81,218.35,2024-01-24,Online,Italia,EUR
Mouse Gamer,Video,SportWorld,4,1449.84,110.73,304.47,2024-02-16,Tienda,Alemania,EUR
Reloj Deportivo,Moda,ProGear,3,170.8,17.37,35.87,2024-12-15,Online,Francia,EUR
Guantes Gym,Audio,Distribuciones Europa,5,743.14,57.11,156.06,2024-01-04,Online,España,EUR
PowerBank 20k,Accesorios,TechCorp,3,857.82,109.56,180.14,2024-03-22,Online,Alemania,EUR
Monitor 32,Oficina,LogiTech,4,2234.41,271.88,469.23,2024-11-18,Distribuidor,Italia,EUR
Impresora Laser,Hogar,MegaStore,5,1483.98,189.73,311.64,2024-01-22,Tienda,Francia,EUR
Laptop Air,Deportes,LogiTech,2,996.75,17.05,209.32,2024-07-04,Tienda,Francia,EUR
PowerBank 20k,Video,ElectroMax,3,1220.05,85.77,256.21,2024-04-26,Distribuidor,Italia,EUR
Refrigerador Mini,Electrónica,LogiTech,2,854.67,71.25,179.48,2024-08-16,Tienda,Portugal,EUR
TV 55,Moda,GlobalTech,4,1724.35,202.99,362.11,2024-01-18,Online,España,EUR
Router WiFi,Hogar,HomePlus,3,1101.07,57.86,231.22,2024-01-11,Distribuidor,Portugal,EUR
Barra de Sonido,Moda,ElectroMax,3,1261.33,2.28,264.88,2024-04-22,Online,España,EUR
Tostadora,Video,ProGear,3,586.61,75.47,123.19,2024-07-01,Tienda,Francia,EUR
Mouse Gamer,Audio,LogiTech,2,979.31,23.86,205.66,2024-06-21,Online,Portugal,EUR
Impresora Laser,Accesorios,ProGear,3,218.49,2.48,45.88,2024-07-31,Online,Italia,EUR
Pantalón Trekking,Audio,FashionCorp,4,1468.18,15.05,308.32,2024-10-07,Distribuidor,Alemania,EUR
Pantalón Trekking,Accesorios,ElectroMax,2,305.09,21.55,64.07,2024-10-23,Online,Italia,EUR
Silla Gamer,Deportes,FashionCorp,3,1762.71,30.41,370.17,2024-12-07,Online,Italia,EUR
Teclado Mecánico,Deportes,Distribuciones Europa,5,1363.8,170.47,286.4,2024-10-31,Distribuidor,España,EUR
TV 55,Electrónica,ElectroMax,5,761.46,1.0,159.91,2024-01-25,Distribuidor,Alemania,EUR
Drone Mini,Hogar,ProGear,5,809.33,81.13,169.96,2024-05-18,Tienda,Italia,EUR
Laptop Pro,Moda,SportWorld,2,944.45,107.14,198.33,2024-05-16,Tienda,Alemania,EUR
Mouse Gamer,Accesorios,SportWorld,5,692.02,87.63,145.32,2024-02-08,Online,Francia,EUR
Teclado Mecánico,Audio,GlobalTech,3,556.74,24.14,116.92,2024-10-18,Tienda,Italia,EUR
Barra de Sonido,Hogar,GlobalTech,3,49.22,0.04,10.34,2024-05-01,Tienda,Francia,EUR
Monitor 32,Oficina,Distribuciones Europa,3,757.51,17.05,159.08,2024-03-29,Distribuidor,Portugal,EUR
Microfono Pro,Electrónica,FashionCorp,2,695.9,16.48,146.14,2024-10-23,Online,Alemania,EUR
Chaqueta Invierno,Hogar,ProGear,2,764.37,98.55,160.52,2024-08-11,Distribuidor,Portugal,EUR
Mouse Gamer,Oficina,Distribuciones Europa,1,618.5,71.86,129.88,2024-05-18,Tienda,Italia,EUR
SSD 1TB,Accesorios,SportWorld,3,746.51,77.58,156.77,2024-02-09,Online,Italia,EUR
Mouse Gamer,Deportes,ElectroMax,3,491.31,72.17,103.18,2024-06-17,Distribuidor,Francia,EUR
SSD 1TB,Deportes,ElectroMax,4,1171.03,124.43,245.92,2024-04-06,Tienda,Italia,EUR
Auriculares Bluetooth,Electrónica,GlobalTech,1,49.46,6.41,10.39,2024-01-20,Distribuidor,Portugal,EUR
HDD 2TB,Deportes,GlobalTech,2,1398.74,1.18,293.74,2024-02-22,Distribuidor,Portugal,EUR
Guantes Gym,Video,LogiTech,3,1177.08,158.5,247.19,2024-05-27,Tienda,Francia,EUR
Tostadora,Audio,Distribuciones Europa,3,1467.18,130.95,308.11,2024-03-13,Tienda,Portugal,EUR
Guantes Gym,Electrónica,ElectroMax,1,1236.25,121.28,259.61,2024-07-13,Distribuidor,España,EUR
Laptop Pro,Audio,SportWorld,5,1426.54,149.05,299.57,2024-10-20,Online,España,EUR
Tablet Plus,Audio,Distribuciones Europa,3,240.49,30.86,50.5,2024-06-16,Online,Portugal,EUR
Monitor 32,Audio,HomePlus,4,31.47,3.38,6.61,2024-11-07,Online,Italia,EUR
Zapatillas Running,Deportes,GlobalTech,2,882.41,0.95,185.31,2024-04-28,Tienda,Portugal,EUR
Webcam FullHD,Video,LogiTech,3,472.74,4.45,99.28,2024-04-09,Online,Italia,EUR
Laptop Air,Deportes,SportWorld,3,1338.57,57.85,281.1,2024-01-18,Online,Francia,EUR
Zapatillas Running,Accesorios,MegaStore,4,1300.34,155.77,273.07,2024-09-23,Tienda,Francia,EUR
Zapatillas Running,Moda,GlobalTech,4,1150.25,125.69,241.55,2024-07-11,Online,España,EUR
Guantes Gym,Oficina,Distribuciones Europa,4,772.15,83.89,162.15,2024-08-06,Distribuidor,Alemania,EUR
Refrigerador Mini,Hogar,GlobalTech,4,195.2,1.41,40.99,2024-02-26,Tienda,Francia,EUR
HDD 2TB,Moda,Distribuciones Europa,2,1236.31,73.89,259.63,2024-02-13,Tienda,Alemania,EUR
Monitor 27,Oficina,LogiTech,3,997.35,99.5,209.44,2024-09-04,Tienda,Italia,EUR
Tablet Plus,Deportes,MegaStore,5,132.7,6.87,27.87,2024-11-09,Online,España,EUR
Router WiFi,Moda,FashionCorp,1,402.48,25.42,84.52,2024-01-08,Tienda,Alemania,EUR
Smartwatch,Deportes,ElectroMax,5,1270.0,14.54,266.7,2024-02-16,Tienda,España,EUR
Colchoneta Yoga,Accesorios,GlobalTech,1,1003.44,134.31,210.72,2024-06-14,Distribuidor,Francia,EUR
Laptop Pro,Audio,ProGear,4,155.56,16.55,32.67,2024-03-22,Tienda,Francia,EUR
Colchoneta Yoga,Accesorios,FashionCorp,4,1471.61,21.3,309.04,2024-01-08,Distribuidor,Francia,EUR
Silla Gamer,Audio,GlobalTech,3,1145.62,131.25,240.58,2024-01-24,Distribuidor,Alemania,EUR
Monitor 27,Moda,ProGear,1,519.6,76.35,109.12,2024-06-12,Distribuidor,Portugal,EUR
Casco Bicicleta,Audio,SportWorld,4,704.14,88.29,147.87,2024-03-01,Distribuidor,Italia,EUR
Plancha Vapor,Moda,LogiTech,4,2192.55,64.43,460.44,2024-11-16,Online,Italia,EUR
Reloj Deportivo,Accesorios,FashionCorp,4,52.59,1.37,11.04,2024-04-13,Online,Francia,EUR
TV 55,Hogar,ElectroMax,4,1495.12,7.57,313.98,2024-02-11,Tienda,España,EUR
Colchoneta Yoga,Electrónica,LogiTech,3,609.82,57.79,128.06,2024-06-06,Tienda,Italia,EUR
Colchoneta Yoga,Oficina,HomePlus,1,202.44,19.0,42.51,2024-01-29,Tienda,Portugal,EUR
HDD 2TB,Video,GlobalTech,2,705.85,46.77,148.23,2024-07-14,Distribuidor,España,EUR
Altavoz Bluetooth,Oficina,HomePlus,5,161.64,15.51,33.94,2024-12-21,Distribuidor,Alemania,EUR
Drone Mini,Electrónica,HomePlus,5,2108.64,98.28,442.81,2024-11-04,Distribuidor,Francia,EUR
Aspiradora Robot,Hogar,ProGear,3,778.87,103.86,163.56,2024-09-02,Online,España,EUR
Escritorio Oficina,Hogar,Distribuciones Europa,4,988.37,10.73,207.56,2024-11-29,Tienda,España,EUR
Tablet Plus,Hogar,MegaStore,3,1052.55,48.89,221.04,2024-03-29,Online,Francia,EUR
Tostadora,Audio,FashionCorp,1,780.38,36.35,163.88,2024-01-15,Online,Portugal,EUR
Auriculares Bluetooth,Video,Distribuciones Europa,1,922.77,63.86,193.78,2024-06-08,Tienda,Francia,EUR
Altavoz Bluetooth,Electrónica,ProGear,5,959.49,108.45,201.49,2024-04-17,Online,Alemania,EUR
Cámara HD,Moda,LogiTech,4,711.06,78.31,149.32,2024-06-14,Distribuidor,Francia,EUR
Cámara HD,Video,Distribuciones Europa,2,1180.3,108.88,247.86,2024-08-08,Tienda,Portugal,EUR
Impresora Laser,Video,LogiTech,1,1082.57,26.61,227.34,2024-07-03,Distribuidor,Portugal,EUR
HDD 2TB,Video,LogiTech,4,127.44,11.65,26.76,2024-01-03,Distribuidor,Alemania,EUR
Batidora Pro,Hogar,LogiTech,2,1015.89,35.83,213.34,2024-03-28,Tienda,Alemania,EUR
Colchoneta Yoga,Accesorios,FashionCorp,5,719.22,85.12,151.04,2024-03-11,Tienda,Francia,EUR
Microfono Pro,Moda,FashionCorp,3,593.24,69.56,124.58,2024-03-06,Distribuidor,Italia,EUR
Memoria RAM 16GB,Oficina,MegaStore,1,661.06,75.73,138.82,2024-11-17,Tienda,Italia,EUR
Tablet Plus,Moda,HomePlus,4,909.66,122.31,191.03,2024-10-11,Tienda,Italia,EUR
Router WiFi,Deportes,MegaStore,5,204.79,23.21,43.01,2024-05-09,Online,Francia,EUR
Lámpara LED,Audio,ProGear,1,474.65,5.65,99.68,2024-05-21,Distribuidor,Alemania,EUR
Smartwatch,Video,SportWorld,2,613.24,86.11,128.78,2024-08-23,Online,Francia,EUR
Teclado Mecánico,Hogar,TechCorp,1,1008.15,76.26,211.71,2024-08-05,Tienda,Francia,EUR
TV 55,Moda,GlobalTech,1,1190.94,88.62,250.1,2024-07-29,Online,Italia,EUR
Teclado Mecánico,Moda,HomePlus,4,520.1,55.96,109.22,2024-06-26,Tienda,Francia,EUR
Escritorio Oficina,Moda,ProGear,2,891.93,85.95,187.31,2024-10-04,Tienda,Alemania,EUR
Plancha Vapor,Moda,HomePlus,4,951.11,140.46,199.73,2024-02-27,Distribuidor,España,EUR
Laptop Air,Deportes,Distribuciones Europa,4,1986.31,131.88,417.13,2024-12-28,Distribuidor,Portugal,EUR
Guantes Gym,Moda,MegaStore,5,1409.32,182.02,295.96,2024-10-31,Distribuidor,España,EUR
SSD 1TB,Video,MegaStore,1,38.93,2.78,8.18,2024-07-07,Tienda,España,EUR
Plancha Vapor,Audio,ProGear,4,1009.07,61.05,211.9,2024-07-01,Distribuidor,España,EUR
TV 65,Moda,HomePlus,5,1309.05,122.39,274.9,2024-05-17,Tienda,Italia,EUR
Teclado Mecánico,Deportes,MegaStore,5,872.23,11.74,183.17,2024-04-03,Online,Italia,EUR
Memoria RAM 16GB,Video,MegaStore,2,585.86,58.65,123.03,2024-09-24,Online,Italia,EUR
Impresora Laser,Audio,ProGear,2,1897.32,182.13,398.44,2024-12-15,Distribuidor,España,EUR
Cafetera Automática,Deportes,ProGear,2,333.15,3.43,69.96,2024-04-16,Tienda,España,EUR
Ventilador Turbo,Hogar,HomePlus,5,450.93,22.25,94.7,2024-05-26,Online,España,EUR
Gafas Sol,Oficina,ProGear,4,1076.09,145.03,225.98,2024-06-07,Distribuidor,Portugal,EUR
Guantes Gym,Audio,MegaStore,3,1092.29,40.59,229.38,2024-09-16,Online,Alemania,EUR
Laptop Pro,Video,LogiTech,1,856.02,99.03,179.76,2024-12-01,Tienda,Portugal,EUR
TV 65,Deportes,ElectroMax,3,584.56,5.73,122.76,2024-02-21,Tienda,Italia,EUR
Smartphone Mini,Video,ProGear,3,1141.58,12.32,239.73,2024-04-03,Online,Alemania,EUR
HDD 2TB,Audio,SportWorld,1,689.46,102.28,144.79,2024-07-02,Online,Alemania,EUR
Smartphone Mini,Accesorios,SportWorld,4,1523.61,5.48,319.96,2024-09-05,Distribuidor,Francia,EUR
Smartwatch,Moda,MegaStore,3,595.37,23.79,125.03,2024-07-17,Tienda,Francia,EUR
Impresora Laser,Oficina,LogiTech,1,317.72,18.65,66.72,2024-03-12,Distribuidor,Alemania,EUR
PowerBank 20k,Accesorios,ProGear,3,329.36,7.6,69.17,2024-05-16,Online,Francia,EUR
Cámara HD,Deportes,TechCorp,1,560.39,23.7,117.68,2024-03-30,Online,Alemania,EUR
Casco Bicicleta,Hogar,SportWorld,1,43.03,5.31,9.04,2024-07-29,Tienda,Alemania,EUR
Aspiradora Robot,Video,LogiTech,5,1084.8,119.79,227.81,2024-10-07,Distribuidor,Alemania,EUR
Set Mancuernas,Audio,HomePlus,3,1361.09,143.77,285.83,2024-09-08,Online,Italia,EUR
Guantes Gym,Accesorios,MegaStore,5,679.04,7.9,142.6,2024-04-26,Tienda,Alemania,EUR
Tablet Plus,Hogar,LogiTech,1,1561.25,71.91,327.86,2024-12-07,Online,Francia,EUR
Monitor 27,Audio,FashionCorp,1,658.75,11.22,138.34,2024-02-15,Distribuidor,Portugal,EUR
Auriculares Bluetooth,Deportes,ElectroMax,1,2010.07,93.82,422.11,2024-11-22,Online,Alemania,EUR
Monitor 32,Hogar,HomePlus,2,481.31,9.43,101.08,2024-05-04,Online,Italia,EUR
Cámara HD,Accesorios,GlobalTech,1,1172.73,107.44,246.27,2024-03-14,Tienda,España,EUR
Drone Mini,Oficina,Distribuciones Europa,5,483.53,71.17,101.54,2024-10-19,Distribuidor,Alemania,EUR
Ventilador Turbo,Hogar,MegaStore,2,1245.47,81.86,261.55,2024-05-23,Tienda,Alemania,EUR
TV 65,Oficina,HomePlus,3,107.04,3.59,22.48,2024-06-10,Online,Portugal,EUR
Plancha Vapor,Oficina,MegaStore,5,50.06,5.31,10.51,2024-01-30,Distribuidor,Alemania,EUR
SSD 1TB,Accesorios,TechCorp,5,92.78,13.18,19.48,2024-12-27,Tienda,Alemania,EUR
Laptop Pro,Hogar,TechCorp,3,504.66,18.8,105.98,2024-02-14,Distribuidor,España,EUR
Proyector HD,Accesorios,TechCorp,4,858.9,69.08,180.37,2024-07-06,Tienda,Italia,EUR
Webcam FullHD,Electrónica,MegaStore,5,1160.01,73.3,243.6,2024-06-10,Tienda,Francia,EUR
Batidora Pro,Moda,FashionCorp,2,896.99,95.42,188.37,2024-10-10,Online,Francia,EUR
Aspiradora Robot,Oficina,FashionCorp,2,1474.12,192.48,309.57,2024-04-24,Online,Italia,EUR
Router WiFi,Moda,ProGear,2,755.02,3.19,158.55,2024-05-30,Online,Alemania,EUR
Monitor 27,Accesorios,FashionCorp,4,1154.01,84.8,242.34,2024-04-03,Distribuidor,España,EUR
Monitor 32,Deportes,GlobalTech,4,303.09,41.63,63.65,2024-05-22,Distribuidor,Alemania,EUR
Pantalón Trekking,Accesorios,SportWorld,2,372.58,51.43,78.24,2024-10-31,Tienda,Alemania,EUR
SSD 1TB,Moda,ProGear,1,387.94,14.93,81.47,2024-02-18,Online,Francia,EUR
Refrigerador Mini,Accesorios,ProGear,1,286.8,15.99,60.23,2024-05-26,Tienda,Italia,EUR
TV 55,Audio,SportWorld,3,681.78,63.92,143.17,2024-03-05,Tienda,Francia,EUR
Laptop Air,Oficina,TechCorp,2,259.09,22.44,54.41,2024-11-02,Online,Alemania,EUR
Guantes Gym,Moda,FashionCorp,2,547.88,34.58,115.05,2024-03-09,Tienda,Francia,EUR
Monitor 32,Hogar,SportWorld,5,860.83,87.03,180.77,2024-12-19,Online,Francia,EUR
Router WiFi,Video,ElectroMax,1,105.75,5.9,22.21,2024-04-17,Online,Italia,EUR
Refrigerador Mini,Audio,SportWorld,5,1168.41,140.97,245.37,2024-07-16,Online,Italia,EUR
Tablet Plus,Accesorios,TechCorp,2,1052.82,106.1,221.09,2024-06-08,Online,España,EUR
Monitor 32,Hogar,LogiTech,3,1258.88,64.93,264.36,2024-06-07,Online,Francia,EUR
Barra de Sonido,Hogar,MegaStore,2,19.12,0.69,4.02,2024-06-01,Distribuidor,Alemania,EUR
Smartwatch,Moda,ElectroMax,1,1231.47,4.02,258.61,2024-02-11,Online,Portugal,EUR
Set Mancuernas,Moda,Distribuciones Europa,4,1212.3,163.24,254.58,2024-09-29,Tienda,Alemania,EUR
Router WiFi,Deportes,MegaStore,5,1227.83,49.78,257.84,2024-07-18,Tienda,Portugal,EUR
Pantalón Trekking,Moda,ProGear,5,212.3,22.25,44.58,2024-06-22,Tienda,Alemania,EUR
Laptop Pro,Moda,LogiTech,3,1197.59,41.48,251.49,2024-06-23,Online,Alemania,EUR
TV 65,Deportes,TechCorp,3,855.62,80.95,179.68,2024-10-18,Tienda,Portugal,EUR
Auriculares Bluetooth,Electrónica,HomePlus,1,179.42,19.93,37.68,2024-03-23,Online,España,EUR
Set Mancuernas,Audio,SportWorld,2,22.13,1.83,4.65,2024-08-31,Distribuidor,Alemania,EUR
Mochila Travel,Moda,Distribuciones Europa,1,155.88,15.97,32.73,2024-12-08,Tienda,Italia,EUR
Drone Mini,Moda,HomePlus,3,498.0,18.07,104.58,2024-09-24,Distribuidor,Portugal,EUR
Webcam FullHD,Hogar,ProGear,1,98.56,7.07,20.7,2024-06-13,Tienda,España,EUR
Cámara HD,Oficina,FashionCorp,3,431.93,59.09,90.71,2024-07-25,Distribuidor,Alemania,EUR
Altavoz Bluetooth,Moda,HomePlus,5,971.14,112.14,203.94,2024-05-04,Distribuidor,Portugal,EUR
Mouse Gamer,Moda,LogiTech,5,260.17,8.06,54.64,2024-01-14,Distribuidor,España,EUR
Mochila Travel,Oficina,Distribuciones Europa,3,498.94,31.52,104.78,2024-10-28,Distribuidor,Alemania,EUR
TV 55,Accesorios,GlobalTech,1,892.86,81.8,187.5,2024-06-10,Online,Francia,EUR
Webcam FullHD,Hogar,TechCorp,4,1047.8,40.48,220.04,2024-08-11,Online,Alemania,EUR
Gafas Sol,Video,GlobalTech,5,81.89,5.53,17.2,2024-11-29,Distribuidor,Alemania,EUR
Monitor 32,Oficina,FashionCorp,5,1240.1,89.04,260.42,2024-03-26,Online,Italia,EUR
Chaqueta Invierno,Accesorios,ElectroMax,2,366.78,14.57,77.02,2024-01-06,Tienda,España,EUR
PowerBank 20k,Electrónica,SportWorld,4,842.79,56.7,176.99,2024-04-14,Tienda,Italia,EUR
Cargador USB-C,Accesorios,GlobalTech,2,469.01,27.08,98.49,2024-04-06,Online,Alemania,EUR
Webcam FullHD,Deportes,FashionCorp,2,879.86,54.51,184.77,2024-10-18,Online,Italia,EUR
Memoria RAM 16GB,Oficina,LogiTech,3,1260.88,107.54,264.78,2024-10-18,Online,Portugal,EUR
Lámpara LED,Accesorios,HomePlus,4,522.38,43.23,109.7,2024-02-19,Distribuidor,España,EUR
Refrigerador Mini,Electrónica,Distribuciones Europa,3,1436.47,12.05,301.66,2024-03-09,Online,España,EUR
Refrigerador Mini,Hogar,TechCorp,4,907.72,64.39,190.62,2024-07-26,Online,Portugal,EUR
Pelota Fitness,Audio,GlobalTech,3,866.05,27.37,181.87,2024-06-01,Online,Italia,EUR
Smartwatch,Electrónica,LogiTech,3,395.72,21.4,83.1,2024-10-17,Online,España,EUR
Colchoneta Yoga,Accesorios,LogiTech,1,1104.99,119.1,232.05,2024-02-16,Online,Italia,EUR
Teclado Mecánico,Deportes,ProGear,2,268.22,28.02,56.33,2024-05-11,Distribuidor,Alemania,EUR
Webcam FullHD,Video,HomePlus,4,2017.13,248.51,423.6,2024-12-02,Online,Italia,EUR
TV 65,Video,Distribuciones Europa,4,60.89,1.1,12.79,2024-08-24,Online,España,EUR
Proyector HD,Hogar,ElectroMax,4,955.1,137.71,200.57,2024-09-06,Online,España,EUR
Plancha Vapor,Audio,FashionCorp,1,195.65,10.31,41.09,2024-01-24,Online,Alemania,EUR
Proyector HD,Audio,SportWorld,4,887.61,81.59,186.4,2024-10-06,Tienda,Portugal,EUR
Set Mancuernas,Hogar,MegaStore,2,429.35,39.42,90.16,2024-09-25,Online,Alemania,EUR
Monitor 32,Video,MegaStore,1,1174.39,28.29,246.62,2024-03-10,Online,Francia,EUR
Laptop Pro,Electrónica,ProGear,2,1063.04,71.36,223.24,2024-08-20,Distribuidor,Italia,EUR
Chaqueta Invierno,Moda,HomePlus,1,327.78,23.92,68.83,2024-10-31,Distribuidor,Alemania,EUR
Batidora Pro,Electrónica,TechCorp,3,1091.15,149.1,229.14,2024-04-14,Online,Italia,EUR
Laptop Pro,Hogar,ElectroMax,2,1332.25,45.03,279.77,2024-11-18,Tienda,España,EUR
Tostadora,Deportes,ElectroMax,1,2241.36,291.86,470.69,2024-11-03,Distribuidor,Francia,EUR
SSD 1TB,Audio,HomePlus,5,391.61,1.9,82.24,2024-01-10,Distribuidor,Alemania,EUR
Batidora Pro,Electrónica,SportWorld,3,967.96,40.47,203.27,2024-03-04,Distribuidor,Portugal,EUR
Aspiradora Robot,Hogar,ProGear,3,791.59,32.56,166.23,2024-08-07,Tienda,Portugal,EUR
Escritorio Oficina,Moda,ElectroMax,1,139.07,17.92,29.2,2024-06-21,Online,Francia,EUR
Teclado Mecánico,Electrónica,ElectroMax,4,703.49,56.53,147.73,2024-09-30,Tienda,Portugal,EUR
Pelota Fitness,Electrónica,ProGear,4,983.86,126.52,206.61,2024-07-20,Online,Francia,EUR
Altavoz Bluetooth,Video,HomePlus,4,1426.35,144.66,299.53,2024-02-20,Distribuidor,Alemania,EUR
Altavoz Bluetooth,Moda,ProGear,1,561.23,71.9,117.86,2024-06-20,Tienda,Portugal,EUR
Pantalón Trekking,Moda,Distribuciones Europa,2,1297.79,173.51,272.54,2024-01-26,Online,España,EUR
Silla Gamer,Deportes,LogiTech,3,163.36,5.87,34.31,2024-01-04,Tienda,Alemania,EUR
TV 55,Deportes,FashionCorp,3,1931.74,193.23,405.67,2024-01-08,Online,España,EUR
Webcam FullHD,Video,MegaStore,5,980.82,66.13,205.97,2024-06-29,Tienda,Italia,EUR
Chaqueta Invierno,Video,LogiTech,5,1341.13,89.54,281.64,2024-01-31,Online,Francia,EUR
Microfono Pro,Hogar,FashionCorp,4,333.58,49.04,70.05,2024-07-19,Online,Portugal,EUR
Lámpara LED,Accesorios,FashionCorp,4,685.51,6.45,143.96,2024-10-12,Online,Italia,EUR
Reloj Deportivo,Accesorios,HomePlus,1,1823.49,41.72,382.93,2024-11-05,Tienda,Italia,EUR
Batidora Pro,Oficina,TechCorp,5,1806.97,183.22,379.46,2024-12-20,Distribuidor,Portugal,EUR
Silla Gamer,Electrónica,LogiTech,3,723.11,94.35,151.85,2024-07-05,Online,España,EUR
Guantes Gym,Accesorios,TechCorp,4,1710.54,72.62,359.21,2024-09-19,Tienda,Alemania,EUR
Set Mancuernas,Electrónica,ProGear,3,178.61,19.91,37.51,2024-02-15,Tienda,Francia,EUR
Lámpara LED,Moda,MegaStore,2,304.03,26.26,63.85,2024-10-25,Distribuidor,España,EUR
Silla Gamer,Video,SportWorld,1,208.98,12.24,43.89,2024-09-23,Distribuidor,Italia,EUR
Reloj Deportivo,Oficina,HomePlus,3,1040.5,59.39,218.5,2024-04-05,Online,Italia,EUR
Proyector HD,Video,SportWorld,5,936.06,20.98,196.57,2024-07-10,Tienda,Alemania,EUR
Cargador USB-C,Moda,MegaStore,4,1264.13,134.01,265.47,2024-01-15,Distribuidor,Portugal,EUR
Barra de Sonido,Moda,TechCorp,1,446.71,29.55,93.81,2024-03-25,Tienda,Alemania,EUR
Zapatillas Running,Oficina,ElectroMax,4,441.27,46.91,92.67,2024-12-12,Online,Portugal,EUR
HDD 2TB,Deportes,LogiTech,4,732.52,24.94,153.83,2024-09-30,Tienda,Italia,EUR
Batidora Pro,Audio,Distribuciones Europa,1,698.67,12.18,146.72,2024-08-22,Distribuidor,Alemania,EUR
Teclado Mecánico,Deportes,GlobalTech,1,2053.27,76.51,431.19,2024-11-12,Online,Alemania,EUR
Zapatillas Running,Video,ElectroMax,4,696.42,99.17,146.25,2024-07-24,Distribuidor,Alemania,EUR
Guantes Gym,Oficina,TechCorp,2,1359.01,139.69,285.39,2024-09-12,Distribuidor,Francia,EUR
Auriculares Bluetooth,Audio,HomePlus,3,1122.85,96.64,235.8,2024-05-18,Online,Italia,EUR
Guantes Gym,Electrónica,FashionCorp,2,829.68,64.82,174.23,2024-03-03,Tienda,Portugal,EUR
Cargador USB-C,Accesorios,TechCorp,3,1130.13,32.08,237.33,2024-04-09,Tienda,Italia,EUR
Silla Gamer,Moda,TechCorp,3,241.8,29.31,50.78,2024-06-28,Tienda,España,EUR
Ventilador Turbo,Deportes,HomePlus,2,1116.99,30.26,234.57,2024-12-15,Online,Portugal,EUR
Plancha Vapor,Oficina,MegaStore,3,400.72,43.44,84.15,2024-11-04,Tienda,Alemania,EUR
Smartwatch,Audio,Distribuciones Europa,4,1545.06,212.56,324.46,2024-04-02,Online,Portugal,EUR
Cargador USB-C,Video,ElectroMax,1,2208.82,329.63,463.85,2024-11-30,Online,Portugal,EUR
Monitor 32,Oficina,ElectroMax,3,1092.14,14.03,229.35,2024-08-18,Distribuidor,Italia,EUR
Chaqueta Invierno,Audio,FashionCorp,5,1484.55,175.19,311.76,2024-05-27,Distribuidor,Francia,EUR
Gafas Sol,Electrónica,ElectroMax,2,871.69,104.06,183.05,2024-01-01,Distribuidor,España,EUR
Router WiFi,Accesorios,SportWorld,1,1959.17,292.8,411.43,2024-12-08,Online,Alemania,EUR
Reloj Deportivo,Accesorios,MegaStore,3,452.53,14.17,95.03,2024-04-23,Tienda,Alemania,EUR
Smartphone Mini,Oficina,LogiTech,3,1921.44,51.33,403.5,2024-11-10,Online,Alemania,EUR
Microfono Pro,Audio,MegaStore,4,1226.06,61.89,257.47,2024-10-16,Online,Italia,EUR
Altavoz Bluetooth,Hogar,ProGear,5,173.32,7.15,36.4,2024-07-27,Tienda,Alemania,EUR
TV 55,Audio,GlobalTech,5,349.26,20.69,73.34,2024-11-28,Distribuidor,Italia,EUR
Refrigerador Mini,Video,LogiTech,4,1577.78,11.29,331.33,2024-01-09,Tienda,España,EUR
Ventilador Turbo,Audio,LogiTech,3,2077.15,135.18,436.2,2024-11-25,Online,España,EUR
Set Mancuernas,Deportes,MegaStore,3,1729.27,18.28,363.15,2024-01-20,Distribuidor,España,EUR
Memoria RAM 16GB,Moda,HomePlus,1,836.98,18.59,175.77,2024-01-13,Tienda,Alemania,EUR
SSD 1TB,Video,ElectroMax,5,264.24,1.43,55.49,2024-08-27,Tienda,Italia,EUR
HDD 2TB,Moda,TechCorp,5,1593.75,40.82,334.69,2024-04-28,Online,Italia,EUR
Webcam FullHD,Audio,TechCorp,5,1082.05,12.75,227.23,2024-04-14,Tienda,Francia,EUR
Drone Mini,Video,ProGear,4,709.62,41.26,149.02,2024-06-12,Online,Portugal,EUR
Webcam FullHD,Video,TechCorp,4,1842.45,146.73,386.91,2024-01-08,Tienda,Francia,EUR
Auriculares Bluetooth,Audio,HomePlus,1,204.05,16.97,42.85,2024-05-17,Online,Alemania,EUR
TV 65,Deportes,GlobalTech,5,910.86,34.3,191.28,2024-10-23,Distribuidor,Italia,EUR
Batidora Pro,Electrónica,ElectroMax,2,1584.95,178.62,332.84,2024-12-10,Tienda,Alemania,EUR
Cargador USB-C,Deportes,Distribuciones Europa,5,947.4,93.84,198.95,2024-11-18,Online,Italia,EUR
Microfono Pro,Oficina,LogiTech,2,1079.71,91.47,226.74,2024-10-18,Distribuidor,Alemania,EUR
TV 65,Accesorios,ElectroMax,1,67.1,3.71,14.09,2024-05-31,Tienda,España,EUR
Webcam FullHD,Audio,Distribuciones Europa,1,1572.85,123.66,330.3,2024-03-10,Tienda,Portugal,EUR
Laptop Pro,Electrónica,ElectroMax,2,1130.38,23.29,237.38,2024-10-17,Online,Italia,EUR
Aspiradora Robot,Accesorios,MegaStore,3,1496.59,54.35,314.28,2024-10-15,Tienda,Francia,EUR
TV 55,Moda,GlobalTech,5,1273.79,3.91,267.5,2024-06-16,Tienda,Italia,EUR
Chaqueta Invierno,Audio,TechCorp,5,918.75,117.78,192.94,2024-10-20,Tienda,Alemania,EUR
Plancha Vapor,Deportes,MegaStore,5,1377.71,49.92,289.32,2024-12-29,Distribuidor,Alemania,EUR
Barra de Sonido,Electrónica,Distribuciones Europa,4,812.48,97.15,170.62,2024-08-18,Online,Portugal,EUR
Batidora Pro,Moda,ElectroMax,5,214.33,4.41,45.01,2024-06-25,Tienda,Francia,EUR
Teclado Mecánico,Audio,ProGear,5,282.18,12.77,59.26,2024-06-23,Online,España,EUR
Pantalón Trekking,Electrónica,FashionCorp,4,208.9,19.84,43.87,2024-02-22,Online,Italia,EUR
Escritorio Oficina,Oficina,TechCorp,1,321.72,19.09,67.56,2024-07-01,Distribuidor,Portugal,EUR
Aspiradora Robot,Oficina,GlobalTech,2,880.24,21.77,184.85,2024-01-05,Online,Italia,EUR
Cafetera Automática,Video,FashionCorp,2,1284.03,145.37,269.65,2024-09-05,Distribuidor,Alemania,EUR
Batidora Pro,Video,SportWorld,3,2218.73,295.9,465.93,2024-11-24,Tienda,Italia,EUR
Plancha Vapor,Hogar,TechCorp,2,1047.42,88.47,219.96,2024-04-15,Tienda,España,EUR
TV 65,Accesorios,FashionCorp,1,1189.49,10.32,249.79,2024-02-29,Tienda,Francia,EUR
Laptop Pro,Hogar,FashionCorp,5,212.33,0.28,44.59,2024-02-24,Distribuidor,Italia,EUR
Silla Gamer,Deportes,LogiTech,2,1161.73,169.36,243.96,2024-09-02,Tienda,Italia,EUR
Router WiFi,Deportes,LogiTech,5,731.5,28.7,153.61,2024-10-04,Tienda,Francia,EUR
Microfono Pro,Accesorios,GlobalTech,5,1324.34,35.02,278.11,2024-12-01,Distribuidor,Francia,EUR
Microfono Pro,Electrónica,Distribuciones Europa,5,1414.81,44.47,297.11,2024-03-09,Tienda,Alemania,EUR
Mochila Travel,Electrónica,ProGear,3,890.33,44.5,186.97,2024-02-14,Distribuidor,Italia,EUR
Cafetera Automática,Hogar,LogiTech,5,181.5,25.68,38.12,2024-04-19,Tienda,Alemania,EUR
Chaqueta Invierno,Moda,ElectroMax,1,42.75,5.61,8.98,2024-07-10,Tienda,Italia,EUR
Zapatillas Running,Video,Distribuciones Europa,2,817.23,64.36,171.62,2024-11-27,Tienda,Italia,EUR
Reloj Deportivo,Audio,MegaStore,3,1067.41,37.25,224.16,2024-07-27,Online,Italia,EUR
Tablet Plus,Accesorios,SportWorld,2,914.23,107.51,191.99,2024-02-09,Distribuidor,Francia,EUR
TV 55,Hogar,TechCorp,3,465.26,1.06,97.7,2024-07-11,Online,Portugal,EUR
Pelota Fitness,Video,GlobalTech,4,1179.87,76.74,247.77,2024-05-09,Online,Italia,EUR
Zapatillas Running,Video,Distribuciones Europa,3,889.01,53.01,186.69,2024-01-27,Online,Francia,EUR
Memoria RAM 16GB,Video,LogiTech,5,650.01,65.16,136.5,2024-04-20,Online,España,EUR
Monitor 32,Video,ElectroMax,1,128.34,1.98,26.95,2024-12-24,Online,Italia,EUR
Smartphone Mini,Oficina,SportWorld,2,532.85,71.63,111.9,2024-12-18,Online,España,EUR
Cafetera Automática,Electrónica,SportWorld,4,1912.08,96.25,401.54,2024-01-09,Distribuidor,España,EUR
Escritorio Oficina,Oficina,GlobalTech,5,883.83,49.76,185.6,2024-11-18,Online,Portugal,EUR
Lámpara LED,Moda,SportWorld,3,758.02,56.28,159.18,2024-02-29,Tienda,Francia,EUR
Plancha Vapor,Deportes,FashionCorp,5,901.0,76.02,189.21,2024-04-22,Distribuidor,España,EUR
Cafetera Automática,Electrónica,HomePlus,1,418.26,6.45,87.83,2024-06-01,Online,Francia,EUR
Cafetera Automática,Moda,SportWorld,1,1234.15,178.82,259.17,2024-08-03,Tienda,Italia,EUR
Plancha Vapor,Deportes,ElectroMax,4,454.81,43.76,95.51,2024-06-28,Tienda,Italia,EUR
Ventilador Turbo,Accesorios,LogiTech,5,835.29,12.81,175.41,2024-04-26,Distribuidor,Francia,EUR
Pelota Fitness,Hogar,ProGear,4,966.53,32.2,202.97,2024-04-15,Online,España,EUR
Gafas Sol,Video,Distribuciones Europa,4,1157.01,169.5,242.97,2024-11-02,Online,España,EUR
Casco Bicicleta,Audio,TechCorp,3,818.03,114.79,171.79,2024-10-08,Distribuidor,Alemania,EUR
Barra de Sonido,Video,ElectroMax,5,605.64,45.31,127.18,2024-12-05,Online,Alemania,EUR
Guantes Gym,Oficina,ProGear,2,940.8,124.19,197.57,2024-10-11,Distribuidor,Francia,EUR
Altavoz Bluetooth,Audio,MegaStore,3,766.23,61.96,160.91,2024-06-30,Online,Italia,EUR
Lámpara LED,Video,ProGear,1,1222.77,180.13,256.78,2024-03-20,Online,Portugal,EUR
Tostadora,Video,SportWorld,1,257.09,30.14,53.99,2024-06-04,Tienda,Italia,EUR
Monitor 32,Electrónica,FashionCorp,4,279.85,16.31,58.77,2024-07-23,Tienda,Italia,EUR
Chaqueta Invierno,Oficina,TechCorp,4,261.36,32.98,54.89,2024-07-31,Distribuidor,Alemania,EUR
Drone Mini,Electrónica,MegaStore,1,1186.48,177.84,249.16,2024-05-15,Tienda,Francia,EUR
Batidora Pro,Oficina,ProGear,1,327.73,32.51,68.82,2024-10-13,Distribuidor,Portugal,EUR
Cafetera Automática,Moda,TechCorp,4,1132.21,89.08,237.76,2024-05-06,Distribuidor,Francia,EUR
HDD 2TB,Deportes,Distribuciones Europa,5,813.89,86.97,170.92,2024-04-23,Tienda,Francia,EUR
Microfono Pro,Oficina,ElectroMax,1,1766.09,21.17,370.88,2024-01-25,Tienda,Francia,EUR
Monitor 27,Oficina,ElectroMax,5,162.1,11.61,34.04,2024-03-21,Distribuidor,Francia,EUR
Reloj Deportivo,Electrónica,SportWorld,5,132.97,16.77,27.92,2024-06-10,Online,Francia,EUR
HDD 2TB,Accesorios,SportWorld,1,215.57,32.11,45.27,2024-01-12,Online,España,EUR
Laptop Pro,Audio,GlobalTech,3,391.52,25.93,82.22,2024-06-30,Online,Alemania,EUR
Memoria RAM 16GB,Video,TechCorp,3,121.04,6.32,25.42,2024-01-21,Online,Francia,EUR
Monitor 27,Video,SportWorld,1,738.39,110.27,155.06,2024-03-15,Tienda,España,EUR
HDD 2TB,Accesorios,TechCorp,2,802.35,38.8,168.49,2024-08-20,Tienda,Italia,EUR
Guantes Gym,Electrónica,GlobalTech,1,1020.11,93.34,214.22,2024-03-05,Online,España,EUR
Microfono Pro,Oficina,LogiTech,3,1595.28,228.89,335.01,2024-11-08,Online,Francia,EUR
Guantes Gym,Electrónica,Distribuciones Europa,5,131.72,16.28,27.66,2024-08-29,Tienda,España,EUR
Guantes Gym,Moda,Distribuciones Europa,2,766.49,4.68,160.96,2024-02-11,Online,España,EUR
TV 65,Oficina,SportWorld,1,542.53,51.85,113.93,2024-06-26,Tienda,Alemania,EUR
Smartphone X,Hogar,HomePlus,1,258.93,37.92,54.38,2024-06-04,Online,Portugal,EUR
Pelota Fitness,Deportes,FashionCorp,5,1076.93,114.63,226.16,2024-10-13,Tienda,Portugal,EUR
Lámpara LED,Audio,FashionCorp,3,798.03,117.52,167.59,2024-09-09,Distribuidor,Italia,EUR
Auriculares Bluetooth,Accesorios,SportWorld,4,932.59,76.2,195.84,2024-03-31,Tienda,Portugal,EUR
Pelota Fitness,Audio,SportWorld,1,971.46,40.67,204.01,2024-02-26,Distribuidor,Portugal,EUR
Set Mancuernas,Deportes,TechCorp,5,806.2,40.2,169.3,2024-10-29,Distribuidor,Francia,EUR
Monitor 27,Video,SportWorld,1,278.24,29.73,58.43,2024-05-07,Distribuidor,Francia,EUR
Tostadora,Hogar,MegaStore,2,953.78,25.75,200.29,2024-11-24,Distribuidor,Alemania,EUR
Chaqueta Invierno,Moda,HomePlus,3,170.01,11.94,35.7,2024-05-21,Tienda,Francia,EUR
Aspiradora Robot,Audio,TechCorp,5,1045.79,155.8,219.62,2024-08-06,Online,Francia,EUR
Teclado Mecánico,Moda,Distribuciones Europa,5,1009.34,37.54,211.96,2024-02-17,Online,Portugal,EUR
Tostadora,Video,SportWorld,3,174.32,16.7,36.61,2024-08-19,Online,España,EUR
Colchoneta Yoga,Electrónica,TechCorp,4,599.1,41.58,125.81,2024-11-07,Distribuidor,Portugal,EUR
Silla Gamer,Audio,MegaStore,5,476.23,60.77,100.01,2024-07-29,Online,Portugal,EUR
Mochila Travel,Oficina,LogiTech,3,1418.25,205.38,297.83,2024-05-27,Online,Francia,EUR
Pantalón Trekking,Video,ProGear,1,131.53,17.76,27.62,2024-04-24,Tienda,España,EUR
Microfono Pro,Video,MegaStore,1,843.0,83.57,177.03,2024-08-14,Tienda,Francia,EUR
Casco Bicicleta,Oficina,TechCorp,1,32.33,2.75,6.79,2024-02-01,Online,España,EUR
Reloj Deportivo,Oficina,HomePlus,3,64.93,2.16,13.64,2024-10-31,Tienda,Portugal,EUR
PowerBank 20k,Accesorios,ProGear,4,1451.95,143.38,304.91,2024-12-08,Tienda,España,EUR
Batidora Pro,Oficina,Distribuciones Europa,1,614.05,2.86,128.95,2024-07-12,Distribuidor,Italia,EUR
Smartphone X,Moda,SportWorld,1,1408.62,33.37,295.81,2024-01-05,Distribuidor,Italia,EUR
Router WiFi,Deportes,ElectroMax,1,583.99,31.94,122.64,2024-02-08,Tienda,Portugal,EUR
Lámpara LED,Audio,ElectroMax,2,16.27,0.21,3.42,2024-10-05,Online,Francia,EUR
Pantalón Trekking,Electrónica,ProGear,3,374.09,0.99,78.56,2024-10-07,Tienda,Italia,EUR
Refrigerador Mini,Oficina,GlobalTech,3,1651.61,196.34,346.84,2024-09-27,Tienda,Francia,EUR
Teclado Mecánico,Video,GlobalTech,5,755.44,109.74,158.64,2024-12-28,Distribuidor,Francia,EUR
Guantes Gym,Accesorios,MegaStore,3,291.93,5.38,61.31,2024-09-28,Tienda,Portugal,EUR
Lámpara LED,Moda,LogiTech,5,536.91,78.88,112.75,2024-02-08,Distribuidor,Portugal,EUR
Laptop Air,Accesorios,ProGear,3,949.63,18.23,199.42,2024-10-26,Online,Alemania,EUR
Smartphone X,Hogar,ProGear,3,218.38,5.22,45.86,2024-04-19,Tienda,Alemania,EUR
Casco Bicicleta,Audio,LogiTech,3,132.95,17.05,27.92,2024-04-26,Online,Italia,EUR
Chaqueta Invierno,Oficina,MegaStore,2,138.37,12.97,29.06,2024-08-31,Distribuidor,Italia,EUR
Laptop Pro,Electrónica,GlobalTech,3,1923.44,236.39,403.92,2024-01-26,Distribuidor,Alemania,EUR
Zapatillas Running,Moda,MegaStore,2,1622.83,16.28,340.79,2024-01-19,Distribuidor,Italia,EUR
Chaqueta Invierno,Deportes,MegaStore,1,932.5,114.65,195.82,2024-08-10,Online,Italia,EUR
Zapatillas Running,Oficina,FashionCorp,5,43.44,0.35,9.12,2024-05-31,Tienda,Portugal,EUR
Plancha Vapor,Audio,HomePlus,4,273.0,16.45,57.33,2024-08-29,Online,Italia,EUR
Chaqueta Invierno,Moda,ElectroMax,2,347.01,10.24,72.87,2024-01-14,Distribuidor,Francia,EUR
Pantalón Trekking,Electrónica,FashionCorp,5,636.12,36.25,133.59,2024-05-26,Tienda,Italia,EUR
Pelota Fitness,Hogar,HomePlus,3,905.77,114.13,190.21,2024-02-14,Distribuidor,Portugal,EUR
TV 65,Moda,HomePlus,3,158.02,3.37,33.18,2024-08-14,Distribuidor,Alemania,EUR
Chaqueta Invierno,Electrónica,SportWorld,3,570.05,32.3,119.71,2024-03-19,Tienda,Francia,EUR
Smartphone X,Electrónica,LogiTech,4,784.73,1.92,164.79,2024-12-07,Online,Portugal,EUR
Smartphone X,Video,HomePlus,2,863.12,78.67,181.26,2024-05-28,Online,España,EUR
Microfono Pro,Electrónica,TechCorp,4,438.69,36.25,92.12,2024-07-29,Online,Portugal,EUR
Silla Gamer,Deportes,ElectroMax,5,322.87,29.94,67.8,2024-05-22,Online,Portugal,EUR
Guantes Gym,Hogar,ElectroMax,5,1875.61,194.6,393.88,2024-01-05,Distribuidor,España,EUR
TV 55,Audio,FashionCorp,5,879.48,89.41,184.69,2024-04-18,Tienda,Portugal,EUR
Microfono Pro,Video,GlobalTech,4,1873.79,86.61,393.5,2024-12-21,Online,España,EUR
Smartphone X,Oficina,ProGear,3,1140.09,126.54,239.42,2024-09-02,Online,Francia,EUR
Plancha Vapor,Moda,SportWorld,3,739.74,90.92,155.35,2024-07-06,Online,España,EUR
Tostadora,Audio,MegaStore,2,916.85,41.68,192.54,2024-12-10,Online,Portugal,EUR
Pelota Fitness,Moda,GlobalTech,2,1131.25,75.06,237.56,2024-07-01,Distribuidor,España,EUR
Casco Bicicleta,Electrónica,HomePlus,1,1164.94,14.91,244.64,2024-07-01,Distribuidor,Francia,EUR
Mochila Travel,Moda,LogiTech,5,1286.98,76.65,270.27,2024-04-20,Tienda,España,EUR
Smartphone X,Hogar,ProGear,5,1127.58,32.5,236.79,2024-02-24,Online,Alemania,EUR
Barra de Sonido,Audio,MegaStore,1,861.3,68.12,180.87,2024-07-11,Tienda,España,EUR
Ventilador Turbo,Audio,GlobalTech,3,18.79,2.08,3.95,2024-06-22,Distribuidor,Alemania,EUR
Impresora Laser,Hogar,FashionCorp,3,591.85,83.91,124.29,2024-09-24,Online,Portugal,EUR
Monitor 32,Accesorios,MegaStore,1,2063.6,88.78,433.36,2024-12-10,Tienda,Italia,EUR
PowerBank 20k,Oficina,ElectroMax,1,843.44,6.89,177.12,2024-04-03,Distribuidor,España,EUR
Pantalón Trekking,Video,ElectroMax,1,579.62,16.88,121.72,2024-06-06,Online,Portugal,EUR
Smartwatch,Moda,Distribuciones Europa,5,223.7,22.24,46.98,2024-02-25,Online,Italia,EUR
Mochila Travel,Oficina,HomePlus,3,1077.76,107.46,226.33,2024-09-23,Distribuidor,España,EUR
TV 65,Hogar,FashionCorp,4,1180.46,61.33,247.9,2024-09-09,Distribuidor,Portugal,EUR
Router WiFi,Electrónica,LogiTech,3,68.3,6.28,14.34,2024-10-02,Online,España,EUR
Colchoneta Yoga,Accesorios,FashionCorp,5,1097.29,60.99,230.43,2024-06-18,Online,Italia,EUR
Set Mancuernas,Hogar,LogiTech,2,1216.51,170.38,255.47,2024-07-19,Distribuidor,Portugal,EUR
Mouse Gamer,Accesorios,ProGear,1,1455.45,72.96,305.64,2024-09-11,Tienda,Alemania,EUR
PowerBank 20k,Video,SportWorld,3,385.24,25.36,80.9,2024-03-13,Distribuidor,Alemania,EUR
Chaqueta Invierno,Audio,MegaStore,5,896.74,76.25,188.32,2024-02-09,Tienda,Francia,EUR
Smartphone Mini,Accesorios,Distribuciones Europa,1,1545.1,119.52,324.47,2024-04-19,Online,España,EUR
Colchoneta Yoga,Audio,ProGear,1,1144.01,11.76,240.24,2024-12-18,Distribuidor,Italia,EUR
Monitor 27,Electrónica,HomePlus,1,889.71,52.37,186.84,2024-04-01,Tienda,España,EUR
HDD 2TB,Oficina,LogiTech,4,176.64,2.0,37.09,2024-03-30,Online,España,EUR
Webcam FullHD,Hogar,ProGear,4,423.7,38.7,88.98,2024-07-28,Distribuidor,Alemania,EUR
Tostadora,Oficina,HomePlus,5,33.53,0.68,7.04,2024-09-11,Distribuidor,Italia,EUR
Lámpara LED,Hogar,HomePlus,1,907.17,62.31,190.51,2024-01-25,Online,Portugal,EUR
Proyector HD,Oficina,TechCorp,5,222.99,7.01,46.83,2024-12-01,Online,Alemania,EUR
TV 55,Electrónica,SportWorld,3,54.37,7.48,11.42,2024-06-19,Online,Italia,EUR
Laptop Pro,Deportes,SportWorld,4,1174.84,86.43,246.72,2024-08-05,Distribuidor,Portugal,EUR
Guantes Gym,Deportes,ProGear,4,811.36,47.83,170.39,2024-01-11,Distribuidor,España,EUR
Auriculares Bluetooth,Deportes,GlobalTech,3,1343.54,126.93,282.14,2024-12-20,Distribuidor,Italia,EUR
Microfono Pro,Audio,MegaStore,4,311.07,37.22,65.32,2024-08-17,Online,Portugal,EUR
Memoria RAM 16GB,Oficina,TechCorp,1,1056.47,115.91,221.86,2024-08-16,Online,Alemania,EUR
Ventilador Turbo,Hogar,ElectroMax,4,778.58,103.52,163.5,2024-06-14,Distribuidor,Alemania,EUR
Lámpara LED,Hogar,ProGear,4,223.74,1.47,46.99,2024-07-03,Distribuidor,España,EUR
Cafetera Automática,Oficina,LogiTech,4,1276.06,182.07,267.97,2024-10-19,Tienda,Italia,EUR
SSD 1TB,Moda,FashionCorp,1,1593.01,40.01,334.53,2024-09-28,Tienda,España,EUR
Webcam FullHD,Video,ElectroMax,3,1268.52,72.54,266.39,2024-06-10,Tienda,España,EUR
TV 65,Oficina,ElectroMax,4,357.1,45.02,74.99,2024-09-28,Online,Alemania,EUR
Microfono Pro,Video,GlobalTech,3,277.32,5.96,58.24,2024-03-10,Distribuidor,Portugal,EUR
Lámpara LED,Video,TechCorp,4,1026.92,65.41,215.65,2024-01-06,Online,España,EUR
Teclado Mecánico,Hogar,HomePlus,4,105.7,5.51,22.2,2024-12-01,Tienda,Italia,EUR
SSD 1TB,Oficina,SportWorld,4,1826.5,171.76,383.56,2024-12-16,Tienda,Italia,EUR
Impresora Laser,Deportes,Distribuciones Europa,4,623.54,54.04,130.94,2024-10-05,Distribuidor,Portugal,EUR
TV 55,Audio,LogiTech,1,1445.56,205.0,303.57,2024-09-08,Distribuidor,Francia,EUR
Pelota Fitness,Audio,LogiTech,2,34.06,1.32,7.15,2024-05-16,Tienda,Francia,EUR
Chaqueta Invierno,Accesorios,SportWorld,5,1458.61,179.56,306.31,2024-10-30,Tienda,España,EUR
Monitor 32,Hogar,MegaStore,1,355.33,40.24,74.62,2024-09-10,Tienda,Italia,EUR
Tostadora,Deportes,GlobalTech,1,930.9,89.32,195.49,2024-08-18,Distribuidor,Francia,EUR
Lámpara LED,Electrónica,FashionCorp,3,582.29,57.85,122.28,2024-12-10,Tienda,España,EUR
Zapatillas Running,Audio,ElectroMax,3,483.47,62.33,101.53,2024-10-16,Tienda,España,EUR
Smartphone X,Hogar,Distribuciones Europa,4,1008.79,48.78,211.85,2024-10-07,Online,Italia,EUR
TV 55,Oficina,HomePlus,4,53.04,2.51,11.14,2024-05-23,Online,Francia,EUR
Auriculares Bluetooth,Hogar,Distribuciones Europa,4,93.29,13.92,19.59,2024-09-08,Online,Francia,EUR
Escritorio Oficina,Moda,LogiTech,4,333.98,5.73,70.14,2024-02-12,Online,España,EUR
Altavoz Bluetooth,Electrónica,SportWorld,3,404.27,18.86,84.9,2024-10-19,Distribuidor,Alemania,EUR
Barra de Sonido,Deportes,TechCorp,4,1793.23,59.9,376.58,2024-12-27,Online,España,EUR
Teclado Mecánico,Electrónica,Distribuciones Europa,1,1640.51,191.82,344.51,2024-01-12,Online,Italia,EUR
Silla Gamer,Electrónica,SportWorld,3,1362.36,23.83,286.1,2024-01-03,Tienda,Portugal,EUR
TV 65,Hogar,SportWorld,3,1097.47,157.46,230.47,2024-02-19,Tienda,Francia,EUR
Barra de Sonido,Oficina,GlobalTech,1,1174.47,18.38,246.64,2024-01-30,Online,España,EUR
Aspiradora Robot,Hogar,ElectroMax,4,376.08,38.13,78.98,2024-09-28,Distribuidor,España,EUR
Mouse Gamer,Electrónica,LogiTech,3,1349.28,161.77,283.35,2024-10-07,Tienda,Portugal,EUR
Smartphone Mini,Audio,ProGear,5,647.35,92.61,135.94,2024-04-30,Distribuidor,Francia,EUR
Laptop Air,Accesorios,MegaStore,3,1289.94,84.16,270.89,2024-11-19,Tienda,Francia,EUR
Chaqueta Invierno,Video,TechCorp,3,195.66,7.8,41.09,2024-03-16,Distribuidor,España,EUR
Reloj Deportivo,Oficina,SportWorld,4,380.44,24.03,79.89,2024-06-15,Distribuidor,España,EUR
Drone Mini,Audio,ElectroMax,5,415.84,49.78,87.33,2024-08-08,Online,Portugal,EUR
Impresora Laser,Audio,TechCorp,3,110.53,11.93,23.21,2024-06-04,Tienda,España,EUR
Altavoz Bluetooth,Electrónica,SportWorld,2,72.79,6.42,15.29,2024-05-16,Tienda,Alemania,EUR
Chaqueta Invierno,Video,SportWorld,2,490.77,55.41,103.06,2024-05-13,Online,España,EUR
Proyector HD,Audio,FashionCorp,3,389.1,23.1,81.71,2024-07-19,Distribuidor,Alemania,EUR
Ventilador Turbo,Oficina,LogiTech,3,529.93,21.43,111.29,2024-07-10,Tienda,España,EUR
Tablet Plus,Audio,MegaStore,3,43.8,4.59,9.2,2024-07-02,Distribuidor,España,EUR
Silla Gamer,Video,ProGear,5,1556.81,202.72,326.93,2024-03-22,Distribuidor,Francia,EUR
TV 65,Audio,ProGear,4,1384.91,21.73,290.83,2024-09-30,Online,España,EUR
Cámara HD,Deportes,Distribuciones Europa,5,634.53,68.19,133.25,2024-08-14,Online,Portugal,EUR
Smartwatch,Video,ElectroMax,5,1316.63,185.17,276.49,2024-01-12,Distribuidor,Francia,EUR
Guantes Gym,Video,TechCorp,1,243.47,7.58,51.13,2024-12-10,Tienda,Portugal,EUR
Cargador USB-C,Audio,FashionCorp,3,447.45,6.65,93.96,2024-01-16,Tienda,Alemania,EUR
SSD 1TB,Moda,GlobalTech,4,1189.43,87.4,249.78,2024-11-26,Tienda,España,EUR
Plancha Vapor,Hogar,ElectroMax,1,334.84,35.05,70.32,2024-11-05,Distribuidor,Alemania,EUR
Teclado Mecánico,Hogar,ProGear,4,179.19,19.33,37.63,2024-09-16,Tienda,España,EUR
Laptop Air,Electrónica,TechCorp,3,391.44,43.25,82.2,2024-12-27,Distribuidor,Portugal,EUR
Impresora Laser,Video,SportWorld,2,535.65,25.45,112.49,2024-01-11,Online,Francia,EUR
Cámara HD,Moda,Distribuciones Europa,4,114.9,8.23,24.13,2024-05-14,Tienda,España,EUR
PowerBank 20k,Deportes,ElectroMax,3,1710.23,189.97,359.15,2024-12-02,Tienda,Italia,EUR
TV 65,Video,HomePlus,3,1200.53,38.0,252.11,2024-05-06,Tienda,Francia,EUR
Cargador USB-C,Accesorios,GlobalTech,2,1470.97,161.85,308.9,2024-02-13,Tienda,Portugal,EUR
Pelota Fitness,Hogar,MegaStore,2,991.46,128.07,208.21,2024-07-21,Tienda,España,EUR
Smartwatch,Deportes,LogiTech,1,255.55,14.75,53.67,2024-02-11,Online,Alemania,EUR
Escritorio Oficina,Deportes,MegaStore,5,1113.98,139.11,233.94,2024-06-04,Tienda,Portugal,EUR
Cafetera Automática,Electrónica,HomePlus,4,1445.03,100.45,303.46,2024-02-11,Online,Italia,EUR
Barra de Sonido,Accesorios,ProGear,2,491.98,8.82,103.32,2024-06-17,Tienda,Alemania,EUR
Smartwatch,Accesorios,LogiTech,1,1251.96,136.08,262.91,2024-01-13,Distribuidor,Francia,EUR
Lámpara LED,Video,SportWorld,4,1409.85,194.75,296.07,2024-03-17,Distribuidor,España,EUR
SSD 1TB,Audio,MegaStore,1,326.69,14.92,68.6,2024-06-14,Distribuidor,Francia,EUR
Reloj Deportivo,Electrónica,Distribuciones Europa,5,426.84,28.43,89.64,2024-07-18,Tienda,Portugal,EUR
Teclado Mecánico,Oficina,SportWorld,1,254.21,34.88,53.38,2024-04-21,Tienda,Italia,EUR
Router WiFi,Accesorios,HomePlus,4,689.47,76.14,144.79,2024-07-17,Online,Portugal,EUR
Zapatillas Running,Video,Distribuciones Europa,1,1382.43,45.16,290.31,2024-03-14,Online,Portugal,EUR
Tostadora,Deportes,MegaStore,4,1559.13,21.4,327.42,2024-03-08,Tienda,Alemania,EUR
Casco Bicicleta,Audio,ElectroMax,1,1712.03,246.74,359.53,2024-09-29,Online,Alemania,EUR
Memoria RAM 16GB,Moda,ProGear,3,459.66,1.15,96.53,2024-10-09,Online,Portugal,EUR
Pantalón Trekking,Electrónica,ElectroMax,3,531.67,29.98,111.65,2024-02-09,Tienda,España,EUR
Refrigerador Mini,Accesorios,HomePlus,5,259.5,25.81,54.49,2024-08-09,Distribuidor,Alemania,EUR
Refrigerador Mini,Accesorios,MegaStore,5,192.0,16.92,40.32,2024-09-02,Online,Francia,EUR
Proyector HD,Deportes,ElectroMax,1,650.77,50.22,136.66,2024-10-01,Tienda,Italia,EUR
Chaqueta Invierno,Audio,SportWorld,2,1002.56,92.44,210.54,2024-07-19,Distribuidor,Portugal,EUR
Casco Bicicleta,Video,TechCorp,4,737.44,47.12,154.86,2024-01-25,Tienda,Alemania,EUR
Casco Bicicleta,Deportes,HomePlus,4,2204.12,228.02,462.87,2024-11-06,Online,España,EUR
Silla Gamer,Video,FashionCorp,2,967.74,19.24,203.23,2024-07-08,Distribuidor,Alemania,EUR
Smartwatch,Electrónica,HomePlus,1,65.14,2.08,13.68,2024-07-12,Online,Italia,EUR
Barra de Sonido,Deportes,MegaStore,1,1599.0,110.3,335.79,2024-01-08,Online,Portugal,EUR
Smartphone X,Oficina,ElectroMax,4,1265.17,14.7,265.69,2024-12-28,Distribuidor,Portugal,EUR
TV 55,Oficina,HomePlus,5,750.04,54.39,157.51,2024-06-06,Tienda,Alemania,EUR
Smartwatch,Moda,ElectroMax,5,1553.64,159.67,326.26,2024-11-07,Tienda,Italia,EUR
Gafas Sol,Video,TechCorp,3,592.03,56.53,124.33,2024-04-05,Tienda,Alemania,EUR
Batidora Pro,Oficina,GlobalTech,3,684.74,6.01,143.8,2024-09-26,Tienda,Alemania,EUR
Refrigerador Mini,Oficina,LogiTech,1,517.73,37.37,108.72,2024-02-29,Distribuidor,Italia,EUR
Pelota Fitness,Oficina,Distribuciones Europa,1,1483.16,157.73,311.46,2024-02-25,Tienda,Italia,EUR
Escritorio Oficina,Oficina,HomePlus,3,1156.68,156.84,242.9,2024-04-04,Tienda,Alemania,EUR
Monitor 32,Audio,HomePlus,3,164.93,20.46,34.64,2024-04-21,Online,Francia,EUR
Cargador USB-C,Hogar,Distribuciones Europa,5,911.34,113.23,191.38,2024-09-23,Online,Portugal,EUR
Memoria RAM 16GB,Moda,SportWorld,2,267.05,2.44,56.08,2024-07-10,Distribuidor,Alemania,EUR
Proyector HD,Deportes,GlobalTech,5,1014.57,140.49,213.06,2024-05-24,Distribuidor,Francia,EUR
Tostadora,Deportes,Distribuciones Europa,4,217.39,29.43,45.65,2024-07-08,Tienda,Italia,EUR
Proyector HD,Accesorios,LogiTech,1,806.39,47.45,169.34,2024-09-28,Tienda,Alemania,EUR
Smartphone Mini,Deportes,FashionCorp,3,723.81,96.84,152.0,2024-12-28,Distribuidor,España,EUR
Cafetera Automática,Deportes,FashionCorp,4,1428.28,74.67,299.94,2024-02-01,Tienda,Portugal,EUR
HDD 2TB,Audio,TechCorp,5,161.33,12.52,33.88,2024-03-14,Distribuidor,Alemania,EUR
Barra de Sonido,Oficina,ProGear,2,938.69,94.15,197.12,2024-04-28,Online,España,EUR
Chaqueta Invierno,Deportes,ElectroMax,4,1332.22,14.32,279.77,2024-09-22,Tienda,Alemania,EUR
Colchoneta Yoga,Hogar,TechCorp,5,865.39,125.61,181.73,2024-04-10,Online,Alemania,EUR
Colchoneta Yoga,Hogar,HomePlus,4,1533.69,212.17,322.07,2024-12-30,Online,Alemania,EUR
Cargador USB-C,Electrónica,HomePlus,2,533.43,15.83,112.02,2024-12-09,Online,Alemania,EUR
Pantalón Trekking,Oficina,LogiTech,5,722.48,86.92,151.72,2024-07-03,Online,Portugal,EUR
Proyector HD,Oficina,HomePlus,4,755.26,34.68,158.6,2024-03-20,Online,España,EUR
Mochila Travel,Moda,TechCorp,3,945.48,44.25,198.55,2024-11-25,Online,Portugal,EUR
Laptop Air,Moda,LogiTech,1,563.18,64.74,118.27,2024-04-19,Tienda,Francia,EUR
Tablet Plus,Oficina,Distribuciones Europa,1,468.45,26.03,98.37,2024-08-28,Online,España,EUR
Pelota Fitness,Moda,TechCorp,2,1064.86,42.66,223.62,2024-06-02,Distribuidor,España,EUR
Refrigerador Mini,Hogar,ProGear,3,2072.85,141.5,435.3,2024-12-11,Distribuidor,Portugal,EUR
TV 55,Hogar,SportWorld,1,179.45,4.29,37.68,2024-10-23,Tienda,Alemania,EUR
TV 55,Moda,ElectroMax,4,1970.74,124.94,413.86,2024-11-14,Tienda,Italia,EUR
Mouse Gamer,Moda,ElectroMax,1,948.74,122.07,199.24,2024-08-07,Online,Francia,EUR
SSD 1TB,Moda,LogiTech,3,240.51,1.3,50.51,2024-11-11,Online,Portugal,EUR
Impresora Laser,Electrónica,SportWorld,2,298.95,39.55,62.78,2024-02-06,Online,Francia,EUR
Monitor 27,Electrónica,Distribuciones Europa,1,1325.43,0.67,278.34,2024-11-07,Online,Italia,EUR
Webcam FullHD,Oficina,GlobalTech,4,317.87,39.18,66.75,2024-08-18,Online,Italia,EUR
Batidora Pro,Video,ProGear,2,1245.26,131.49,261.5,2024-06-27,Online,Francia,EUR
Cargador USB-C,Audio,GlobalTech,3,885.59,123.69,185.97,2024-01-23,Tienda,Italia,EUR
Cámara HD,Electrónica,FashionCorp,2,1211.13,91.01,254.34,2024-05-01,Distribuidor,Francia,EUR
Router WiFi,Oficina,ElectroMax,5,491.01,56.71,103.11,2024-02-23,Distribuidor,Francia,EUR
Auriculares Bluetooth,Moda,TechCorp,2,1182.4,164.61,248.3,2024-01-07,Tienda,Alemania,EUR
Batidora Pro,Deportes,LogiTech,3,409.95,28.83,86.09,2024-12-11,Distribuidor,Portugal,EUR
Cámara HD,Video,MegaStore,1,1909.36,124.32,400.97,2024-12-29,Tienda,Alemania,EUR
Auriculares Bluetooth,Electrónica,GlobalTech,3,840.09,100.41,176.42,2024-08-08,Distribuidor,Italia,EUR
Laptop Pro,Accesorios,FashionCorp,5,156.12,8.72,32.79,2024-07-25,Distribuidor,Francia,EUR
Laptop Pro,Accesorios,HomePlus,5,290.43,8.6,60.99,2024-02-22,Distribuidor,España,EUR
TV 55,Electrónica,Distribuciones Europa,2,982.64,48.81,206.35,2024-02-13,Online,Alemania,EUR
Chaqueta Invierno,Electrónica,GlobalTech,2,1558.24,19.58,327.23,2024-03-22,Tienda,Portugal,EUR
PowerBank 20k,Electrónica,LogiTech,2,2046.51,128.6,429.77,2024-11-17,Tienda,Francia,EUR
Smartphone X,Moda,ElectroMax,5,1033.77,115.23,217.09,2024-09-21,Tienda,España,EUR
Laptop Air,Deportes,TechCorp,1,909.93,76.94,191.09,2024-08-16,Distribuidor,Alemania,EUR
Cámara HD,Electrónica,GlobalTech,1,511.91,29.42,107.5,2024-01-02,Tienda,Italia,EUR
Auriculares Bluetooth,Electrónica,FashionCorp,5,908.36,129.78,190.76,2024-06-12,Online,Italia,EUR
Pantalón Trekking,Hogar,FashionCorp,5,1866.06,94.69,391.87,2024-01-05,Online,Portugal,EUR
Ventilador Turbo,Oficina,MegaStore,4,394.43,1.76,82.83,2024-08-26,Distribuidor,Portugal,EUR
Plancha Vapor,Accesorios,MegaStore,1,1093.41,26.88,229.62,2024-04-19,Distribuidor,Alemania,EUR
Microfono Pro,Electrónica,ElectroMax,3,1132.93,133.23,237.92,2024-04-26,Tienda,Alemania,EUR
Webcam FullHD,Video,HomePlus,2,340.15,14.13,71.43,2024-06-25,Tienda,Portugal,EUR
Gafas Sol,Oficina,HomePlus,4,1350.4,9.24,283.58,2024-02-09,Tienda,Italia,EUR
Batidora Pro,Hogar,ElectroMax,3,733.72,21.52,154.08,2024-08-16,Online,Portugal,EUR
Drone Mini,Electrónica,MegaStore,3,1590.64,16.47,334.03,2024-12-26,Tienda,Alemania,EUR
Smartphone Mini,Accesorios,GlobalTech,2,616.94,88.75,129.56,2024-04-07,Distribuidor,España,EUR
Smartphone X,Oficina,Distribuciones Europa,4,14.22,0.84,2.99,2024-07-20,Distribuidor,Alemania,EUR
Smartphone Mini,Accesorios,TechCorp,3,453.25,17.0,95.18,2024-10-15,Online,España,EUR
Altavoz Bluetooth,Accesorios,ProGear,3,984.84,66.65,206.82,2024-07-31,Distribuidor,España,EUR
Tostadora,Accesorios,MegaStore,2,1207.04,7.91,253.48,2024-01-30,Tienda,Italia,EUR
Pelota Fitness,Accesorios,FashionCorp,5,536.56,57.24,112.68,2024-08-05,Online,Portugal,EUR
Impresora Laser,Video,LogiTech,2,682.19,48.11,143.26,2024-10-24,Online,Alemania,EUR
Laptop Pro,Video,LogiTech,4,274.07,9.93,57.55,2024-03-17,Tienda,Francia,EUR
Monitor 27,Accesorios,ElectroMax,1,893.44,16.6,187.62,2024-05-24,Tienda,Alemania,EUR
Smartwatch,Moda,ProGear,2,270.34,13.01,56.77,2024-08-17,Distribuidor,Alemania,EUR
Set Mancuernas,Video,FashionCorp,5,843.6,38.13,177.16,2024-04-30,Tienda,Alemania,EUR
Tablet Plus,Deportes,LogiTech,3,882.26,114.8,185.27,2024-06-16,Tienda,Portugal,EUR
Batidora Pro,Video,FashionCorp,5,2100.09,19.88,441.02,2024-11-07,Tienda,España,EUR
Router WiFi,Accesorios,ProGear,3,960.19,69.68,201.64,2024-01-08,Distribuidor,Italia,EUR
Router WiFi,Oficina,SportWorld,4,1579.47,71.36,331.69,2024-04-19,Distribuidor,Italia,EUR
Set Mancuernas,Moda,GlobalTech,4,525.72,30.97,110.4,2024-11-06,Distribuidor,Italia,EUR
Refrigerador Mini,Deportes,GlobalTech,5,1361.07,12.74,285.82,2024-02-22,Distribuidor,Alemania,EUR
Cámara HD,Moda,LogiTech,5,22.14,1.66,4.65,2024-02-26,Distribuidor,España,EUR
PowerBank 20k,Deportes,Distribuciones Europa,2,1546.65,205.26,324.8,2024-11-20,Tienda,Francia,EUR
Smartphone Mini,Oficina,Distribuciones Europa,4,333.78,20.48,70.09,2024-08-08,Online,Portugal,EUR
Plancha Vapor,Moda,HomePlus,1,1626.33,189.14,341.53,2024-04-21,Tienda,Francia,EUR
Monitor 32,Deportes,ProGear,1,736.97,62.18,154.76,2024-03-01,Online,Alemania,EUR
Mochila Travel,Hogar,TechCorp,5,1165.67,116.79,244.79,2024-06-18,Online,Portugal,EUR
Barra de Sonido,Video,TechCorp,5,1015.63,3.04,213.28,2024-04-21,Tienda,Francia,EUR
Chaqueta Invierno,Accesorios,Distribuciones Europa,4,127.1,15.5,26.69,2024-01-01,Online,Alemania,EUR
Cámara HD,Oficina,ProGear,1,1357.79,92.66,285.14,2024-01-21,Online,España,EUR
TV 65,Accesorios,MegaStore,4,1098.72,105.01,230.73,2024-05-22,Distribuidor,Italia,EUR
Escritorio Oficina,Electrónica,Distribuciones Europa,3,1328.79,166.57,279.05,2024-02-27,Tienda,Francia,EUR
Gafas Sol,Electrónica,HomePlus,4,1144.66,167.67,240.38,2024-10-19,Tienda,Portugal,EUR
Cafetera Automática,Hogar,FashionCorp,1,643.23,14.73,135.08,2024-08-11,Tienda,Francia,EUR
Altavoz Bluetooth,Video,GlobalTech,3,1480.63,91.56,310.93,2024-10-15,Online,Alemania,EUR
Laptop Air,Deportes,LogiTech,1,739.75,98.55,155.35,2024-01-03,Distribuidor,Alemania,EUR
TV 65,Video,GlobalTech,3,811.35,43.65,170.38,2024-10-07,Distribuidor,España,EUR
Laptop Air,Hogar,HomePlus,3,1717.43,8.23,360.66,2024-11-28,Online,España,EUR
Barra de Sonido,Oficina,FashionCorp,1,551.62,42.52,115.84,2024-09-12,Tienda,Italia,EUR
Colchoneta Yoga,Oficina,FashionCorp,5,1266.99,103.46,266.07,2024-09-08,Online,España,EUR
TV 55,Moda,HomePlus,1,1558.41,138.34,327.27,2024-09-10,Tienda,Francia,EUR
Altavoz Bluetooth,Deportes,TechCorp,4,48.26,3.29,10.13,2024-02-25,Online,España,EUR
Plancha Vapor,Deportes,HomePlus,4,586.45,38.58,123.15,2024-03-22,Tienda,España,EUR
Cafetera Automática,Accesorios,Distribuciones Europa,4,1440.66,132.48,302.54,2024-04-28,Online,Alemania,EUR
Gafas Sol,Audio,LogiTech,2,457.94,30.24,96.17,2024-07-23,Online,Italia,EUR
Chaqueta Invierno,Moda,SportWorld,3,1021.44,51.59,214.5,2024-09-01,Tienda,España,EUR
Laptop Air,Oficina,GlobalTech,1,1686.41,84.15,354.15,2024-01-14,Tienda,Alemania,EUR
Gafas Sol,Audio,ElectroMax,2,1303.79,185.26,273.8,2024-03-27,Tienda,Portugal,EUR
Router WiFi,Hogar,ElectroMax,4,1234.72,151.38,259.29,2024-05-06,Distribuidor,Alemania,EUR
Memoria RAM 16GB,Deportes,ProGear,5,1355.16,202.29,284.58,2024-05-01,Distribuidor,Alemania,EUR
Mouse Gamer,Audio,GlobalTech,3,246.83,33.26,51.83,2024-02-11,Distribuidor,Alemania,EUR
Colchoneta Yoga,Accesorios,FashionCorp,1,700.81,99.77,147.17,2024-03-31,Tienda,Italia,EUR
Tostadora,Hogar,ProGear,3,733.8,57.86,154.1,2024-02-07,Distribuidor,España,EUR
Pantalón Trekking,Audio,HomePlus,5,1559.52,97.11,327.5,2024-12-16,Distribuidor,Alemania,EUR
Guantes Gym,Audio,ElectroMax,2,240.88,2.79,50.58,2024-11-11,Tienda,Portugal,EUR
Tostadora,Deportes,Distribuciones Europa,3,744.85,42.89,156.42,2024-07-10,Distribuidor,Alemania,EUR
Laptop Pro,Audio,SportWorld,5,972.94,106.92,204.32,2024-11-21,Tienda,Francia,EUR
Smartphone X,Moda,TechCorp,5,805.55,16.89,169.17,2024-07-26,Tienda,Portugal,EUR
Cargador USB-C,Deportes,ElectroMax,1,464.1,11.5,97.46,2024-04-17,Distribuidor,Alemania,EUR
Ventilador Turbo,Deportes,LogiTech,2,1238.68,98.82,260.12,2024-10-18,Online,España,EUR
PowerBank 20k,Audio,LogiTech,5,1214.92,140.78,255.13,2024-08-13,Online,Italia,EUR
Laptop Air,Hogar,HomePlus,3,770.64,99.36,161.83,2024-12-28,Tienda,Francia,EUR
Teclado Mecánico,Deportes,LogiTech,4,660.14,69.86,138.63,2024-10-24,Tienda,Italia,EUR
Laptop Pro,Oficina,ElectroMax,1,1016.63,17.09,213.49,2024-06-19,Tienda,España,EUR
Cámara HD,Electrónica,ProGear,2,1377.35,10.3,289.24,2024-03-24,Online,España,EUR
Router WiFi,Electrónica,TechCorp,1,1169.14,54.69,245.52,2024-12-17,Distribuidor,Francia,EUR
Monitor 27,Oficina,TechCorp,2,103.38,8.94,21.71,2024-11-04,Online,Portugal,EUR
Barra de Sonido,Moda,TechCorp,2,793.59,73.81,166.65,2024-08-11,Tienda,Francia,EUR
Proyector HD,Accesorios,TechCorp,5,76.89,7.69,16.15,2024-08-08,Distribuidor,Portugal,EUR
Monitor 27,Video,GlobalTech,2,491.14,14.03,103.14,2024-07-01,Online,Alemania,EUR
Smartphone X,Oficina,TechCorp,1,1916.38,84.15,402.44,2024-11-28,Distribuidor,Alemania,EUR
Chaqueta Invierno,Deportes,Distribuciones Europa,3,1395.25,108.2,293.0,2024-04-19,Tienda,España,EUR
Proyector HD,Video,Distribuciones Europa,2,1540.24,155.63,323.45,2024-11-26,Distribuidor,Italia,EUR
Webcam FullHD,Video,MegaStore,4,328.63,20.26,69.01,2024-05-10,Online,Alemania,EUR
TV 65,Audio,HomePlus,2,21.47,1.11,4.51,2024-09-15,Online,España,EUR
Smartphone Mini,Hogar,SportWorld,2,402.63,7.13,84.55,2024-02-12,Tienda,Italia,EUR
Barra de Sonido,Moda,GlobalTech,4,970.91,67.28,203.89,2024-05-26,Tienda,España,EUR
Monitor 32,Electrónica,TechCorp,1,239.02,0.29,50.19,2024-09-06,Tienda,Portugal,EUR
Laptop Pro,Hogar,SportWorld,1,1251.33,32.38,262.78,2024-01-30,Distribuidor,Alemania,EUR
Plancha Vapor,Video,ElectroMax,3,1475.3,31.42,309.81,2024-01-12,Online,Portugal,EUR
Teclado Mecánico,Moda,ProGear,2,444.84,10.31,93.42,2024-12-31,Tienda,Francia,EUR
Lámpara LED,Electrónica,ElectroMax,1,715.31,89.25,150.22,2024-10-01,Tienda,Francia,EUR
Aspiradora Robot,Audio,GlobalTech,5,753.45,10.2,158.22,2024-04-25,Tienda,Portugal,EUR
Teclado Mecánico,Audio,TechCorp,4,377.69,24.45,79.31,2024-10-21,Online,Italia,EUR
Refrigerador Mini,Video,FashionCorp,1,621.89,6.18,130.6,2024-03-23,Online,Italia,EUR
Pelota Fitness,Accesorios,GlobalTech,5,14.3,1.91,3.0,2024-10-20,Distribuidor,Portugal,EUR
Drone Mini,Accesorios,Distribuciones Europa,4,1112.76,132.31,233.68,2024-06-23,Tienda,Portugal,EUR
Barra de Sonido,Moda,HomePlus,4,962.35,83.77,202.09,2024-12-02,Tienda,Francia,EUR
Cargador USB-C,Deportes,LogiTech,3,1032.22,104.36,216.77,2024-12-27,Tienda,España,EUR
Plancha Vapor,Electrónica,HomePlus,5,755.01,61.46,158.55,2024-10-17,Tienda,Portugal,EUR
Refrigerador Mini,Video,HomePlus,2,306.1,43.74,64.28,2024-10-03,Tienda,Italia,EUR
Chaqueta Invierno,Moda,TechCorp,4,249.42,34.18,52.38,2024-11-25,Distribuidor,España,EUR
Casco Bicicleta,Audio,SportWorld,2,1389.99,80.64,291.9,2024-02-27,Tienda,Francia,EUR
Monitor 32,Deportes,TechCorp,2,625.54,78.72,131.36,2024-04-27,Online,Italia,EUR
Pantalón Trekking,Electrónica,ElectroMax,2,978.52,145.15,205.49,2024-07-26,Tienda,España,EUR
Plancha Vapor,Moda,ProGear,3,1173.54,57.73,246.44,2024-05-28,Distribuidor,Alemania,EUR
HDD 2TB,Video,ElectroMax,5,1246.06,19.37,261.67,2024-06-03,Tienda,Alemania,EUR
Barra de Sonido,Moda,ProGear,3,1144.75,43.79,240.4,2024-03-25,Distribuidor,Francia,EUR
Mochila Travel,Hogar,SportWorld,1,462.52,42.74,97.13,2024-08-25,Tienda,Francia,EUR
Laptop Air,Hogar,GlobalTech,5,684.67,98.87,143.78,2024-08-09,Distribuidor,España,EUR
Smartwatch,Oficina,FashionCorp,1,1071.84,123.71,225.09,2024-05-28,Distribuidor,Portugal,EUR
Batidora Pro,Electrónica,ProGear,5,932.65,1.32,195.86,2024-09-23,Distribuidor,Portugal,EUR
Chaqueta Invierno,Deportes,ProGear,1,1472.89,61.81,309.31,2024-01-25,Distribuidor,Italia,EUR
Impresora Laser,Accesorios,GlobalTech,3,681.47,48.23,143.11,2024-09-05,Tienda,Alemania,EUR
Plancha Vapor,Audio,FashionCorp,1,821.65,121.66,172.55,2024-03-24,Distribuidor,Portugal,EUR
Colchoneta Yoga,Video,GlobalTech,5,429.83,40.68,90.26,2024-10-16,Distribuidor,Italia,EUR
Refrigerador Mini,Hogar,TechCorp,4,1622.27,53.83,340.68,2024-03-13,Distribuidor,Francia,EUR
Mochila Travel,Audio,Distribuciones Europa,4,674.3,33.43,141.6,2024-08-24,Online,Italia,EUR
Colchoneta Yoga,Hogar,MegaStore,3,398.62,9.39,83.71,2024-07-12,Distribuidor,Italia,EUR
Cargador USB-C,Moda,ProGear,1,1188.34,18.56,249.55,2024-05-15,Online,Francia,EUR
Router WiFi,Deportes,HomePlus,1,360.8,34.22,75.77,2024-10-10,Tienda,Francia,EUR
Casco Bicicleta,Audio,GlobalTech,2,654.95,40.88,137.54,2024-07-05,Online,Alemania,EUR
Escritorio Oficina,Deportes,TechCorp,3,512.66,24.33,107.66,2024-06-03,Online,Portugal,EUR
Pantalón Trekking,Deportes,TechCorp,4,1466.6,9.55,307.99,2024-01-20,Online,España,EUR
Monitor 32,Hogar,TechCorp,3,340.32,26.99,71.47,2024-03-15,Online,Francia,EUR
Laptop Air,Hogar,FashionCorp,1,538.95,41.12,113.18,2024-01-06,Tienda,Alemania,EUR
Microfono Pro,Oficina,LogiTech,3,1354.82,51.77,284.51,2024-05-12,Tienda,Italia,EUR
TV 55,Electrónica,HomePlus,5,472.46,45.44,99.22,2024-07-09,Tienda,Italia,EUR
Batidora Pro,Video,LogiTech,1,702.5,64.09,147.53,2024-06-17,Online,España,EUR
Memoria RAM 16GB,Accesorios,MegaStore,4,1455.03,158.41,305.56,2024-05-26,Online,Francia,EUR
Cargador USB-C,Video,GlobalTech,4,250.07,25.82,52.51,2024-06-19,Distribuidor,Italia,EUR
Impresora Laser,Deportes,MegaStore,1,1771.03,265.2,371.92,2024-12-12,Online,España,EUR
Pelota Fitness,Deportes,ProGear,4,755.14,62.91,158.58,2024-11-02,Distribuidor,España,EUR
Webcam FullHD,Oficina,TechCorp,3,2062.37,290.79,433.1,2024-12-06,Distribuidor,España,EUR
Cámara HD,Video,ProGear,3,673.55,21.08,141.45,2024-09-19,Distribuidor,Alemania,EUR
Cargador USB-C,Electrónica,ProGear,1,290.37,8.59,60.98,2024-07-24,Distribuidor,España,EUR
Monitor 27,Hogar,GlobalTech,1,1382.4,94.98,290.3,2024-10-26,Online,Alemania,EUR
Webcam FullHD,Video,HomePlus,1,1371.52,54.54,288.02,2024-04-23,Distribuidor,España,EUR
Smartwatch,Hogar,ElectroMax,4,248.55,21.68,52.2,2024-09-03,Tienda,Francia,EUR
Batidora Pro,Accesorios,MegaStore,5,1803.4,265.47,378.71,2024-11-03,Tienda,España,EUR
TV 65,Deportes,TechCorp,1,882.48,9.39,185.32,2024-03-29,Distribuidor,Alemania,EUR
Pantalón Trekking,Hogar,ProGear,4,935.95,29.05,196.55,2024-03-05,Tienda,España,EUR
Zapatillas Running,Deportes,TechCorp,5,1105.35,113.13,232.12,2024-04-07,Online,España,EUR
Batidora Pro,Electrónica,ProGear,1,1236.53,49.52,259.67,2024-03-24,Online,Francia,EUR
Proyector HD,Deportes,SportWorld,2,1348.09,177.07,283.1,2024-03-21,Tienda,Alemania,EUR
Ventilador Turbo,Accesorios,SportWorld,1,438.87,50.22,92.16,2024-04-29,Online,Portugal,EUR
Set Mancuernas,Audio,GlobalTech,2,1372.75,19.61,288.28,2024-02-23,Online,España,EUR
Pantalón Trekking,Moda,HomePlus,4,607.6,38.25,127.6,2024-10-17,Tienda,Portugal,EUR
SSD 1TB,Accesorios,ProGear,4,1067.03,76.99,224.08,2024-01-24,Tienda,Portugal,EUR
Aspiradora Robot,Moda,SportWorld,1,1188.83,149.88,249.65,2024-07-01,Tienda,Francia,EUR
PowerBank 20k,Accesorios,TechCorp,3,1675.38,33.07,351.83,2024-01-03,Online,España,EUR
Smartphone X,Audio,FashionCorp,4,1162.17,93.55,244.06,2024-10-07,Distribuidor,España,EUR
Smartphone X,Moda,ProGear,4,135.0,17.92,28.35,2024-03-11,Tienda,Alemania,EUR
Tablet Plus,Hogar,MegaStore,4,691.69,31.31,145.25,2024-07-11,Tienda,España,EUR
Laptop Pro,Accesorios,Distribuciones Europa,2,1090.56,15.88,229.02,2024-02-14,Online,Italia,EUR
Pelota Fitness,Audio,HomePlus,5,632.75,85.96,132.88,2024-07-11,Distribuidor,España,EUR
Smartphone X,Audio,LogiTech,4,16.8,1.22,3.53,2024-12-26,Online,Portugal,EUR
HDD 2TB,Audio,GlobalTech,1,1934.4,100.6,406.22,2024-11-29,Tienda,Alemania,EUR
Tablet Plus,Hogar,LogiTech,5,86.1,11.54,18.08,2024-06-02,Distribuidor,Portugal,EUR
Mochila Travel,Moda,LogiTech,4,1564.44,106.42,328.53,2024-03-19,Distribuidor,Alemania,EUR
Drone Mini,Hogar,GlobalTech,2,1380.37,182.12,289.88,2024-10-20,Distribuidor,Portugal,EUR
Colchoneta Yoga,Video,ElectroMax,5,596.42,49.78,125.25,2024-07-29,Online,Italia,EUR
Monitor 32,Electrónica,GlobalTech,4,989.51,73.24,207.8,2024-10-21,Tienda,España,EUR
Smartphone Mini,Accesorios,GlobalTech,4,1218.11,14.33,255.8,2024-08-06,Distribuidor,Alemania,EUR
SSD 1TB,Video,ProGear,4,490.94,49.23,103.1,2024-07-08,Online,Alemania,EUR
Laptop Pro,Video,HomePlus,4,363.37,6.36,76.31,2024-04-26,Tienda,España,EUR
Colchoneta Yoga,Electrónica,SportWorld,3,371.09,41.47,77.93,2024-05-17,Online,Francia,EUR
Tostadora,Accesorios,LogiTech,3,727.76,13.37,152.83,2024-12-20,Tienda,España,EUR
Pelota Fitness,Oficina,FashionCorp,3,436.5,17.62,91.66,2024-10-26,Tienda,Portugal,EUR
Barra de Sonido,Oficina,SportWorld,4,1584.25,113.38,332.69,2024-01-09,Online,Portugal,EUR
Router WiFi,Electrónica,Distribuciones Europa,1,323.94,47.07,68.03,2024-10-23,Distribuidor,Italia,EUR
Mouse Gamer,Accesorios,GlobalTech,1,1109.78,52.94,233.05,2024-02-08,Tienda,Portugal,EUR
Guantes Gym,Video,SportWorld,2,329.34,1.79,69.16,2024-04-30,Tienda,España,EUR
Lámpara LED,Oficina,SportWorld,5,1889.01,0.28,396.69,2024-11-30,Distribuidor,Portugal,EUR
Guantes Gym,Deportes,TechCorp,3,644.33,47.55,135.31,2024-06-25,Online,Francia,EUR
Casco Bicicleta,Accesorios,TechCorp,2,681.0,57.67,143.01,2024-09-04,Tienda,Portugal,EUR
Colchoneta Yoga,Audio,HomePlus,3,1317.37,96.93,276.65,2024-03-09,Online,Francia,EUR
Escritorio Oficina,Moda,SportWorld,5,2037.03,234.71,427.78,2024-12-22,Distribuidor,Alemania,EUR
Laptop Pro,Hogar,FashionCorp,3,706.51,81.51,148.37,2024-07-14,Distribuidor,Francia,EUR
Webcam FullHD,Video,GlobalTech,1,1241.46,9.78,260.71,2024-01-23,Online,España,EUR
Escritorio Oficina,Moda,ProGear,2,36.27,4.0,7.62,2024-07-05,Online,Portugal,EUR
HDD 2TB,Video,MegaStore,3,887.09,61.23,186.29,2024-07-12,Tienda,Portugal,EUR
Altavoz Bluetooth,Electrónica,SportWorld,3,355.73,19.69,74.7,2024-02-03,Tienda,Alemania,EUR
Pantalón Trekking,Moda,MegaStore,5,646.77,63.34,135.82,2024-04-22,Online,Alemania,EUR
Router WiFi,Deportes,FashionCorp,2,688.91,93.5,144.67,2024-04-03,Online,Portugal,EUR
Chaqueta Invierno,Accesorios,MegaStore,1,845.96,105.95,177.65,2024-11-20,Distribuidor,España,EUR
Cafetera Automática,Oficina,ElectroMax,4,1135.76,121.45,238.51,2024-06-20,Online,Italia,EUR
Set Mancuernas,Moda,FashionCorp,4,1666.81,46.48,350.03,2024-12-26,Online,España,EUR
Guantes Gym,Audio,TechCorp,3,335.48,13.35,70.45,2024-08-04,Tienda,Alemania,EUR
Escritorio Oficina,Video,LogiTech,4,149.23,8.26,31.34,2024-08-17,Online,España,EUR
Smartphone X,Audio,LogiTech,1,675.15,24.25,141.78,2024-10-27,Tienda,España,EUR
Casco Bicicleta,Electrónica,LogiTech,2,432.67,41.41,90.86,2024-01-27,Distribuidor,Alemania,EUR
Lámpara LED,Hogar,Distribuciones Europa,2,1496.76,174.45,314.32,2024-10-16,Online,Francia,EUR
Monitor 32,Audio,ProGear,5,2118.47,275.05,444.88,2024-11-08,Online,Italia,EUR
Zapatillas Running,Hogar,ProGear,1,1098.83,147.8,230.75,2024-06-17,Online,Alemania,EUR
Teclado Mecánico,Electrónica,MegaStore,3,258.06,18.61,54.19,2024-02-27,Tienda,España,EUR
Teclado Mecánico,Video,ElectroMax,4,1068.2,34.22,224.32,2024-12-16,Tienda,Italia,EUR
Smartwatch,Moda,Distribuciones Europa,1,1696.34,186.31,356.23,2024-11-11,Online,Francia,EUR
Chaqueta Invierno,Audio,Distribuciones Europa,1,310.63,32.7,65.23,2024-02-05,Tienda,Italia,EUR
Tostadora,Moda,TechCorp,2,1854.1,141.75,389.36,2024-12-14,Distribuidor,Portugal,EUR
Smartphone X,Electrónica,LogiTech,2,1514.84,73.37,318.12,2024-04-18,Tienda,Alemania,EUR
Pantalón Trekking,Hogar,GlobalTech,3,750.3,107.63,157.56,2024-06-01,Online,Alemania,EUR
Plancha Vapor,Audio,LogiTech,3,402.83,46.45,84.59,2024-09-11,Distribuidor,Italia,EUR
Cafetera Automática,Accesorios,TechCorp,1,877.56,56.37,184.29,2024-12-15,Distribuidor,Portugal,EUR
Cámara HD,Video,Distribuciones Europa,5,932.4,11.08,195.8,2024-12-25,Online,Alemania,EUR
Casco Bicicleta,Audio,FashionCorp,2,1068.75,80.48,224.44,2024-04-14,Online,Portugal,EUR
Smartphone Mini,Accesorios,HomePlus,2,257.71,3.24,54.12,2024-09-20,Distribuidor,Italia,EUR
Barra de Sonido,Audio,LogiTech,1,376.74,20.77,79.12,2024-06-12,Distribuidor,Alemania,EUR
TV 55,Video,ElectroMax,3,119.13,15.18,25.02,2024-08-05,Distribuidor,Francia,EUR
Monitor 27,Oficina,ElectroMax,5,1511.99,88.13,317.52,2024-12-08,Distribuidor,Italia,EUR
Teclado Mecánico,Deportes,SportWorld,3,1924.1,226.17,404.06,2024-12-01,Distribuidor,España,EUR
Impresora Laser,Audio,TechCorp,4,949.26,19.31,199.34,2024-06-29,Tienda,España,EUR
Impresora Laser,Oficina,GlobalTech,3,121.66,17.3,25.55,2024-04-10,Online,España,EUR
Colchoneta Yoga,Video,SportWorld,4,914.93,18.59,192.14,2024-07-14,Online,Alemania,EUR
HDD 2TB,Audio,GlobalTech,1,1302.21,21.72,273.46,2024-03-02,Online,España,EUR
Casco Bicicleta,Audio,LogiTech,1,803.78,15.37,168.79,2024-09-07,Tienda,Alemania,EUR
Aspiradora Robot,Oficina,FashionCorp,4,39.88,2.53,8.37,2024-04-21,Distribuidor,Alemania,EUR
Webcam FullHD,Oficina,MegaStore,2,210.13,15.68,44.13,2024-10-20,Distribuidor,España,EUR
Webcam FullHD,Moda,ElectroMax,5,2217.38,183.06,465.65,2024-11-16,Tienda,Italia,EUR
Ventilador Turbo,Audio,GlobalTech,2,1273.44,25.86,267.42,2024-05-23,Tienda,Italia,EUR
TV 65,Deportes,SportWorld,3,264.62,18.82,55.57,2024-05-20,Tienda,Francia,EUR
Smartphone X,Video,LogiTech,5,1095.88,71.78,230.13,2024-08-29,Distribuidor,España,EUR
Impresora Laser,Electrónica,LogiTech,2,736.67,65.65,154.7,2024-01-30,Distribuidor,Francia,EUR
SSD 1TB,Audio,Distribuciones Europa,5,1089.93,13.55,228.89,2024-08-23,Online,Italia,EUR
Set Mancuernas,Hogar,ElectroMax,4,652.75,4.1,137.08,2024-03-21,Tienda,España,EUR
Batidora Pro,Audio,ProGear,5,690.94,4.4,145.1,2024-07-01,Online,Italia,EUR
Cámara HD,Video,GlobalTech,2,1339.82,83.77,281.36,2024-10-02,Distribuidor,España,EUR
Smartphone X,Video,SportWorld,1,930.2,57.97,195.34,2024-02-04,Tienda,Portugal,EUR
Monitor 27,Video,ElectroMax,5,603.54,67.03,126.74,2024-07-03,Distribuidor,Portugal,EUR
Impresora Laser,Oficina,Distribuciones Europa,3,542.26,44.46,113.87,2024-03-09,Tienda,Portugal,EUR
Silla Gamer,Deportes,ElectroMax,3,620.43,55.21,130.29,2024-11-27,Online,Italia,EUR
Zapatillas Running,Hogar,MegaStore,1,131.49,7.16,27.61,2024-07-25,Distribuidor,Portugal,EUR
Cámara HD,Moda,FashionCorp,2,654.03,14.82,137.35,2024-04-01,Distribuidor,Francia,EUR
HDD 2TB,Moda,LogiTech,5,847.59,43.09,177.99,2024-10-23,Distribuidor,Francia,EUR
Pelota Fitness,Deportes,MegaStore,1,1206.07,124.22,253.27,2024-06-14,Distribuidor,España,EUR
Escritorio Oficina,Deportes,SportWorld,2,1314.91,48.49,276.13,2024-04-07,Distribuidor,España,EUR
Monitor 27,Electrónica,MegaStore,4,584.12,43.71,122.67,2024-09-29,Tienda,Italia,EUR
HDD 2TB,Oficina,TechCorp,2,934.31,27.81,196.21,2024-09-16,Online,Portugal,EUR
Batidora Pro,Audio,LogiTech,4,358.78,42.13,75.34,2024-02-11,Online,Portugal,EUR
Monitor 32,Accesorios,ElectroMax,1,278.94,16.27,58.58,2024-07-17,Online,Alemania,EUR
Laptop Pro,Moda,Distribuciones Europa,5,164.43,11.73,34.53,2024-12-28,Online,Francia,EUR
Refrigerador Mini,Video,MegaStore,5,1117.45,35.47,234.66,2024-02-23,Online,Alemania,EUR
Microfono Pro,Video,Distribuciones Europa,4,1176.62,135.99,247.09,2024-07-31,Distribuidor,España,EUR
Proyector HD,Hogar,FashionCorp,2,589.98,18.12,123.9,2024-02-08,Online,España,EUR
Tostadora,Audio,TechCorp,5,414.17,29.75,86.98,2024-03-19,Tienda,Alemania,EUR
Escritorio Oficina,Deportes,SportWorld,3,21.11,1.17,4.43,2024-01-30,Online,Portugal,EUR
Laptop Pro,Audio,HomePlus,3,1023.43,81.31,214.92,2024-07-14,Tienda,Italia,EUR
Refrigerador Mini,Moda,Distribuciones Europa,5,450.62,55.68,94.63,2024-08-02,Distribuidor,Alemania,EUR
Lámpara LED,Moda,MegaStore,1,490.83,40.95,103.07,2024-04-17,Tienda,Francia,EUR
Colchoneta Yoga,Video,GlobalTech,5,274.58,4.05,57.66,2024-02-27,Online,Portugal,EUR
Casco Bicicleta,Oficina,GlobalTech,2,66.15,5.41,13.89,2024-08-03,Distribuidor,Portugal,EUR
Refrigerador Mini,Video,Distribuciones Europa,1,249.05,11.5,52.3,2024-08-31,Tienda,Francia,EUR
Mouse Gamer,Hogar,Distribuciones Europa,2,461.6,11.83,96.94,2024-07-23,Tienda,España,EUR
Monitor 27,Video,ProGear,1,558.1,7.15,117.2,2024-05-15,Online,Portugal,EUR
SSD 1TB,Video,GlobalTech,3,857.78,116.96,180.13,2024-10-15,Distribuidor,España,EUR
Escritorio Oficina,Oficina,TechCorp,1,1794.73,16.88,376.89,2024-01-02,Online,Italia,EUR
Cafetera Automática,Electrónica,SportWorld,5,1859.47,94.32,390.49,2024-01-05,Online,Portugal,EUR
Smartphone Mini,Oficina,ProGear,3,908.96,50.85,190.88,2024-08-17,Tienda,Alemania,EUR
TV 65,Accesorios,LogiTech,4,550.7,27.96,115.65,2024-09-22,Tienda,Portugal,EUR
Auriculares Bluetooth,Accesorios,TechCorp,2,56.79,6.62,11.93,2024-08-18,Online,Francia,EUR
SSD 1TB,Deportes,GlobalTech,2,47.59,1.45,9.99,2024-11-26,Online,Italia,EUR
Aspiradora Robot,Hogar,TechCorp,3,788.59,18.19,165.6,2024-01-09,Distribuidor,Francia,EUR
Router WiFi,Accesorios,MegaStore,4,843.05,73.56,177.04,2024-07-28,Online,España,EUR
Laptop Pro,Deportes,SportWorld,5,1229.73,150.43,258.24,2024-07-17,Tienda,Alemania,EUR
Escritorio Oficina,Moda,FashionCorp,5,468.8,66.47,98.45,2024-08-18,Online,Francia,EUR
Mochila Travel,Deportes,GlobalTech,4,644.45,77.31,135.33,2024-07-25,Online,Italia,EUR
Gafas Sol,Deportes,ProGear,4,116.82,9.88,24.53,2024-10-16,Distribuidor,España,EUR
Barra de Sonido,Moda,ElectroMax,5,1024.22,94.05,215.09,2024-02-03,Tienda,Francia,EUR
Zapatillas Running,Audio,ProGear,5,1423.84,137.58,299.01,2024-03-05,Distribuidor,Portugal,EUR
Microfono Pro,Video,LogiTech,4,620.19,19.37,130.24,2024-07-28,Distribuidor,Italia,EUR
Monitor 27,Electrónica,GlobalTech,2,440.68,5.74,92.54,2024-06-14,Distribuidor,España,EUR
Monitor 32,Hogar,MegaStore,3,174.63,17.62,36.67,2024-06-16,Online,Francia,EUR
Smartphone Mini,Audio,FashionCorp,3,901.71,0.5,189.36,2024-01-03,Tienda,Italia,EUR
Altavoz Bluetooth,Electrónica,ElectroMax,3,1024.24,82.49,215.09,2024-12-21,Distribuidor,Italia,EUR
Chaqueta Invierno,Video,MegaStore,1,65.27,2.15,13.71,2024-02-06,Online,Alemania,EUR
Router WiFi,Deportes,MegaStore,5,812.25,6.97,170.57,2024-03-06,Tienda,Portugal,EUR
Tostadora,Hogar,ElectroMax,2,1042.37,105.73,218.9,2024-01-16,Tienda,Italia,EUR
Smartwatch,Electrónica,MegaStore,3,516.97,53.88,108.56,2024-08-03,Distribuidor,Francia,EUR
HDD 2TB,Accesorios,FashionCorp,4,827.74,101.14,173.83,2024-08-05,Tienda,Italia,EUR
Altavoz Bluetooth,Hogar,LogiTech,2,1542.07,200.08,323.83,2024-12-01,Distribuidor,Italia,EUR
Chaqueta Invierno,Accesorios,MegaStore,4,1683.21,202.48,353.47,2024-09-09,Tienda,Portugal,EUR
Microfono Pro,Electrónica,MegaStore,5,41.71,5.9,8.76,2024-06-24,Tienda,Italia,EUR
Impresora Laser,Hogar,Distribuciones Europa,1,199.18,24.54,41.83,2024-03-31,Tienda,Portugal,EUR
Batidora Pro,Accesorios,MegaStore,1,212.38,9.91,44.6,2024-10-15,Online,Portugal,EUR
HDD 2TB,Accesorios,MegaStore,5,145.12,9.2,30.48,2024-06-23,Distribuidor,Italia,EUR
Proyector HD,Audio,HomePlus,2,1521.63,25.64,319.54,2024-11-25,Tienda,Italia,EUR
Monitor 27,Hogar,TechCorp,5,754.28,64.92,158.4,2024-07-30,Online,Italia,EUR
Set Mancuernas,Audio,MegaStore,1,698.28,62.96,146.64,2024-06-21,Tienda,Portugal,EUR
Chaqueta Invierno,Oficina,ElectroMax,4,313.15,34.41,65.76,2024-05-17,Online,España,EUR
Lámpara LED,Oficina,HomePlus,5,676.1,43.53,141.98,2024-05-13,Distribuidor,Alemania,EUR
Refrigerador Mini,Audio,MegaStore,4,942.94,77.3,198.02,2024-06-19,Distribuidor,Francia,EUR
Mochila Travel,Electrónica,FashionCorp,4,668.18,70.71,140.32,2024-08-04,Tienda,España,EUR
Router WiFi,Deportes,GlobalTech,3,720.39,59.73,151.28,2024-04-15,Online,Italia,EUR
Plancha Vapor,Electrónica,SportWorld,1,509.39,26.29,106.97,2024-05-20,Online,Portugal,EUR
Mochila Travel,Hogar,LogiTech,2,967.03,50.46,203.08,2024-01-23,Online,Francia,EUR
Monitor 32,Audio,HomePlus,4,1642.91,27.12,345.01,2024-01-06,Tienda,Francia,EUR
Auriculares Bluetooth,Oficina,ProGear,1,1533.47,202.2,322.03,2024-04-16,Tienda,Portugal,EUR
Smartwatch,Accesorios,Distribuciones Europa,1,440.69,20.0,92.54,2024-02-01,Distribuidor,Francia,EUR
Microfono Pro,Video,HomePlus,3,477.75,24.22,100.33,2024-01-02,Online,Alemania,EUR
Monitor 32,Hogar,ElectroMax,4,644.52,65.23,135.35,2024-05-03,Online,España,EUR
Ventilador Turbo,Accesorios,ElectroMax,5,903.06,59.24,189.64,2024-05-12,Online,Francia,EUR
Webcam FullHD,Video,ElectroMax,4,806.26,59.93,169.31,2024-02-23,Online,Alemania,EUR
Escritorio Oficina,Deportes,FashionCorp,3,607.81,76.73,127.64,2024-02-27,Online,Alemania,EUR
TV 55,Moda,ElectroMax,1,97.24,10.25,20.42,2024-10-08,Tienda,Italia,EUR
Tablet Plus,Video,Distribuciones Europa,3,996.77,103.05,209.32,2024-06-16,Distribuidor,Portugal,EUR
Refrigerador Mini,Moda,SportWorld,5,913.67,43.49,191.87,2024-04-29,Distribuidor,Francia,EUR
Smartwatch,Hogar,LogiTech,2,380.41,46.17,79.89,2024-09-18,Distribuidor,Alemania,EUR
Gafas Sol,Moda,SportWorld,5,1232.1,71.08,258.74,2024-07-20,Distribuidor,España,EUR
Monitor 27,Moda,ElectroMax,5,691.31,95.27,145.18,2024-09-05,Tienda,Francia,EUR
Cargador USB-C,Deportes,ElectroMax,5,1883.84,91.76,395.61,2024-01-03,Online,Francia,EUR
Auriculares Bluetooth,Video,Distribuciones Europa,5,1228.64,55.06,258.01,2024-06-30,Tienda,Portugal,EUR
Drone Mini,Deportes,ProGear,1,1903.3,231.44,399.69,2024-11-29,Tienda,Alemania,EUR
Mochila Travel,Electrónica,ProGear,3,305.2,32.5,64.09,2024-06-03,Tienda,Francia,EUR
Chaqueta Invierno,Oficina,TechCorp,2,952.42,112.19,200.01,2024-03-01,Tienda,Francia,EUR
Mochila Travel,Hogar,MegaStore,5,738.94,100.87,155.18,2024-05-11,Tienda,Portugal,EUR
Guantes Gym,Video,FashionCorp,1,1230.12,180.69,258.33,2024-06-23,Online,Alemania,EUR
Zapatillas Running,Deportes,FashionCorp,5,1474.37,74.69,309.62,2024-05-18,Online,Francia,EUR
Laptop Pro,Audio,HomePlus,3,194.37,15.83,40.82,2024-07-30,Tienda,Alemania,EUR
Colchoneta Yoga,Deportes,ElectroMax,5,1350.11,150.13,283.52,2024-09-04,Tienda,Portugal,EUR
Memoria RAM 16GB,Deportes,MegaStore,2,689.77,91.42,144.85,2024-08-30,Tienda,España,EUR
TV 55,Audio,GlobalTech,2,1610.71,148.26,338.25,2024-11-17,Distribuidor,España,EUR
Chaqueta Invierno,Moda,MegaStore,1,1063.5,39.27,223.33,2024-02-27,Online,España,EUR
Altavoz Bluetooth,Moda,TechCorp,3,380.75,23.54,79.96,2024-11-24,Tienda,Italia,EUR
Lámpara LED,Oficina,LogiTech,4,439.27,50.97,92.25,2024-01-27,Tienda,Italia,EUR
Mochila Travel,Deportes,ElectroMax,2,1251.84,18.09,262.89,2024-08-12,Distribuidor,España,EUR
Set Mancuernas,Accesorios,LogiTech,1,195.19,21.89,40.99,2024-06-07,Distribuidor,España,EUR
Microfono Pro,Hogar,HomePlus,3,1012.47,102.6,212.62,2024-04-01,Distribuidor,Francia,EUR
Proyector HD,Audio,SportWorld,5,1918.59,134.69,402.9,2024-12-13,Distribuidor,Portugal,EUR
Lámpara LED,Deportes,FashionCorp,2,543.43,27.66,114.12,2024-08-19,Online,Alemania,EUR
Gafas Sol,Hogar,LogiTech,3,632.82,87.7,132.89,2024-08-19,Distribuidor,Italia,EUR
TV 65,Video,FashionCorp,4,632.08,75.31,132.74,2024-04-01,Distribuidor,Italia,EUR
Tostadora,Hogar,Distribuciones Europa,3,486.85,4.11,102.24,2024-07-24,Distribuidor,Portugal,EUR
Cafetera Automática,Audio,HomePlus,4,1346.37,67.7,282.74,2024-09-09,Online,Alemania,EUR
Smartphone Mini,Deportes,GlobalTech,4,1073.15,30.02,225.36,2024-10-30,Distribuidor,Portugal,EUR
HDD 2TB,Hogar,MegaStore,1,697.26,57.76,146.42,2024-01-25,Tienda,España,EUR
Zapatillas Running,Audio,HomePlus,1,298.73,20.3,62.73,2024-11-09,Distribuidor,España,EUR
Altavoz Bluetooth,Electrónica,ElectroMax,3,288.91,28.44,60.67,2024-08-21,Distribuidor,Italia,EUR
Reloj Deportivo,Hogar,Distribuciones Europa,1,1902.87,254.38,399.6,2024-12-31,Distribuidor,España,EUR
TV 55,Electrónica,HomePlus,4,1196.99,123.7,251.37,2024-05-02,Tienda,Portugal,EUR
Impresora Laser,Moda,MegaStore,5,803.57,82.87,168.75,2024-01-03,Online,España,EUR
TV 55,Deportes,FashionCorp,4,884.32,56.96,185.71,2024-05-23,Tienda,Francia,EUR
Altavoz Bluetooth,Electrónica,TechCorp,1,497.54,70.74,104.48,2024-06-29,Distribuidor,Portugal,EUR
Teclado Mecánico,Electrónica,ProGear,2,1252.34,25.63,262.99,2024-09-16,Online,España,EUR
Monitor 32,Audio,TechCorp,4,98.88,1.21,20.76,2024-09-11,Online,Portugal,EUR
Ventilador Turbo,Video,SportWorld,4,319.21,24.21,67.03,2024-06-21,Distribuidor,Italia,EUR
Escritorio Oficina,Moda,FashionCorp,5,970.79,110.35,203.87,2024-10-11,Tienda,Alemania,EUR
Chaqueta Invierno,Hogar,Distribuciones Europa,3,936.21,139.83,196.6,2024-10-08,Distribuidor,Portugal,EUR
Plancha Vapor,Hogar,ProGear,4,989.07,32.53,207.7,2024-04-17,Tienda,Alemania,EUR
Reloj Deportivo,Electrónica,ProGear,4,70.58,9.03,14.82,2024-06-07,Distribuidor,España,EUR
Casco Bicicleta,Hogar,MegaStore,5,55.74,6.74,11.71,2024-03-14,Distribuidor,España,EUR
TV 55,Audio,MegaStore,4,345.63,4.38,72.58,2024-02-20,Online,España,EUR
Mochila Travel,Hogar,MegaStore,2,717.26,66.78,150.62,2024-10-31,Tienda,Francia,EUR
Lámpara LED,Accesorios,LogiTech,4,661.02,44.01,138.81,2024-03-11,Distribuidor,España,EUR
Colchoneta Yoga,Moda,MegaStore,4,1661.14,105.96,348.84,2024-09-08,Online,Alemania,EUR
Plancha Vapor,Accesorios,LogiTech,2,1315.02,9.25,276.15,2024-05-12,Online,Francia,EUR
Monitor 32,Deportes,TechCorp,2,973.74,75.07,204.49,2024-06-22,Tienda,Francia,EUR
Batidora Pro,Hogar,TechCorp,4,895.31,6.98,188.02,2024-09-04,Tienda,Italia,EUR
Teclado Mecánico,Audio,SportWorld,2,49.1,2.75,10.31,2024-04-30,Tienda,Italia,EUR
Chaqueta Invierno,Accesorios,TechCorp,3,914.78,3.79,192.1,2024-10-20,Online,España,EUR
Pantalón Trekking,Video,TechCorp,3,1432.38,14.45,300.8,2024-10-30,Online,Italia,EUR
TV 65,Electrónica,MegaStore,2,92.81,12.7,19.49,2024-04-25,Tienda,Portugal,EUR
Colchoneta Yoga,Deportes,ProGear,5,814.15,34.37,170.97,2024-01-22,Distribuidor,Italia,EUR
Smartwatch,Audio,LogiTech,3,1556.2,208.24,326.8,2024-03-16,Online,Francia,EUR
HDD 2TB,Electrónica,ProGear,1,746.77,101.5,156.82,2024-12-10,Distribuidor,Francia,EUR
Teclado Mecánico,Oficina,ElectroMax,1,2044.74,258.1,429.4,2024-12-01,Online,España,EUR
Smartphone X,Accesorios,MegaStore,2,2025.64,133.55,425.38,2024-11-29,Online,Alemania,EUR
Barra de Sonido,Moda,ProGear,3,831.32,101.42,174.58,2024-08-22,Online,Italia,EUR
Lámpara LED,Video,HomePlus,4,254.22,2.48,53.39,2024-09-01,Distribuidor,Portugal,EUR
Cafetera Automática,Video,FashionCorp,1,841.9,106.82,176.8,2024-08-15,Online,Francia,EUR
SSD 1TB,Audio,ProGear,2,107.84,10.77,22.65,2024-01-31,Distribuidor,España,EUR
Tostadora,Moda,TechCorp,5,884.57,59.65,185.76,2024-08-26,Tienda,Italia,EUR
Chaqueta Invierno,Electrónica,SportWorld,2,792.55,47.15,166.44,2024-03-24,Distribuidor,Alemania,EUR
Escritorio Oficina,Hogar,TechCorp,1,2062.17,46.86,433.06,2024-12-06,Distribuidor,Italia,EUR
Aspiradora Robot,Audio,ElectroMax,2,295.59,0.18,62.07,2024-06-11,Distribuidor,Francia,EUR
Casco Bicicleta,Moda,GlobalTech,2,907.95,11.93,190.67,2024-11-01,Distribuidor,Francia,EUR
Guantes Gym,Moda,TechCorp,4,1706.98,72.74,358.47,2024-01-01,Online,Francia,EUR
Auriculares Bluetooth,Moda,FashionCorp,3,951.78,101.72,199.87,2024-11-16,Online,Portugal,EUR
Webcam FullHD,Electrónica,MegaStore,4,1846.27,29.84,387.72,2024-11-14,Tienda,Francia,EUR
TV 65,Accesorios,HomePlus,3,1444.02,192.09,303.24,2024-11-16,Distribuidor,Portugal,EUR
Barra de Sonido,Electrónica,FashionCorp,2,938.92,62.15,197.17,2024-03-03,Tienda,Francia,EUR
Ventilador Turbo,Deportes,TechCorp,3,1357.27,75.4,285.03,2024-05-29,Distribuidor,Francia,EUR
Gafas Sol,Moda,SportWorld,2,217.42,2.92,45.66,2024-02-12,Tienda,Francia,EUR
Webcam FullHD,Moda,ProGear,5,1724.41,156.52,362.13,2024-12-11,Online,España,EUR
Monitor 32,Deportes,Distribuciones Europa,1,479.23,40.24,100.64,2024-03-15,Distribuidor,Francia,EUR
Barra de Sonido,Video,FashionCorp,3,1080.87,102.54,226.98,2024-02-16,Tienda,Italia,EUR
Teclado Mecánico,Moda,MegaStore,2,645.34,79.22,135.52,2024-08-19,Tienda,Portugal,EUR
Altavoz Bluetooth,Accesorios,HomePlus,2,708.12,52.44,148.71,2024-06-08,Tienda,Francia,EUR
Monitor 27,Hogar,GlobalTech,2,1611.02,168.15,338.31,2024-09-09,Tienda,Portugal,EUR
Plancha Vapor,Hogar,ElectroMax,5,615.4,41.76,129.23,2024-06-16,Online,Francia,EUR
Zapatillas Running,Audio,MegaStore,3,992.88,40.94,208.5,2024-08-11,Online,España,EUR
Casco Bicicleta,Hogar,ProGear,3,958.96,32.29,201.38,2024-11-01,Distribuidor,Alemania,EUR
Silla Gamer,Video,MegaStore,5,27.56,3.86,5.79,2024-05-10,Online,Italia,EUR
Tablet Plus,Electrónica,Distribuciones Europa,3,643.8,41.13,135.2,2024-11-30,Distribuidor,Italia,EUR
Set Mancuernas,Electrónica,ProGear,5,891.21,37.65,187.15,2024-05-27,Distribuidor,Italia,EUR
Tablet Plus,Accesorios,LogiTech,1,207.53,23.28,43.58,2024-03-11,Tienda,Portugal,EUR
TV 55,Moda,GlobalTech,1,906.81,31.62,190.43,2024-07-04,Tienda,Alemania,EUR
Barra de Sonido,Hogar,MegaStore,2,29.48,3.79,6.19,2024-04-01,Online,Francia,EUR
Pantalón Trekking,Video,MegaStore,2,447.06,57.54,93.88,2024-11-19,Online,Alemania,EUR
Mouse Gamer,Moda,FashionCorp,5,643.66,34.47,135.17,2024-12-09,Tienda,Italia,EUR
PowerBank 20k,Oficina,FashionCorp,3,899.82,94.36,188.96,2024-02-18,Tienda,Francia,EUR
Tablet Plus,Hogar,TechCorp,3,644.79,47.27,135.41,2024-11-27,Distribuidor,España,EUR
Laptop Air,Audio,HomePlus,1,311.64,39.52,65.44,2024-09-30,Distribuidor,España,EUR
Cámara HD,Video,MegaStore,4,839.26,125.46,176.24,2024-08-18,Online,España,EUR
Monitor 27,Oficina,FashionCorp,5,1578.18,99.95,331.42,2024-09-27,Tienda,Italia,EUR
Laptop Air,Electrónica,FashionCorp,4,239.62,15.7,50.32,2024-06-20,Distribuidor,Francia,EUR
Guantes Gym,Electrónica,FashionCorp,2,544.67,50.89,114.38,2024-08-26,Distribuidor,Alemania,EUR
Casco Bicicleta,Deportes,MegaStore,3,1039.38,63.41,218.27,2024-05-29,Distribuidor,Alemania,EUR
Memoria RAM 16GB,Accesorios,MegaStore,4,758.48,99.27,159.28,2024-08-19,Tienda,Francia,EUR
Aspiradora Robot,Hogar,LogiTech,2,963.83,72.73,202.4,2024-10-13,Distribuidor,Alemania,EUR
Plancha Vapor,Audio,ProGear,1,327.52,17.16,68.78,2024-08-25,Tienda,España,EUR
Refrigerador Mini,Moda,GlobalTech,5,1323.92,48.03,278.02,2024-03-18,Tienda,España,EUR
Barra de Sonido,Video,FashionCorp,5,834.4,54.76,175.22,2024-12-08,Tienda,Alemania,EUR
Tostadora,Audio,HomePlus,3,861.01,98.99,180.81,2024-03-30,Tienda,Portugal,EUR
Smartphone X,Electrónica,TechCorp,5,1084.09,109.44,227.66,2024-03-28,Online,Alemania,EUR
Ventilador Turbo,Audio,SportWorld,2,570.36,69.08,119.78,2024-05-24,Online,Francia,EUR
Lámpara LED,Oficina,HomePlus,1,305.53,10.07,64.16,2024-01-07,Distribuidor,Francia,EUR
Router WiFi,Accesorios,TechCorp,1,691.29,82.37,145.17,2024-06-17,Tienda,Italia,EUR
Aspiradora Robot,Video,HomePlus,4,51.45,4.02,10.8,2024-06-25,Tienda,Francia,EUR
Chaqueta Invierno,Audio,GlobalTech,5,622.79,40.15,130.79,2024-07-26,Online,Italia,EUR
Aspiradora Robot,Oficina,LogiTech,4,537.96,36.79,112.97,2024-08-29,Tienda,España,EUR
Barra de Sonido,Video,GlobalTech,1,890.38,54.04,186.98,2024-03-30,Online,Alemania,EUR
Altavoz Bluetooth,Electrónica,ElectroMax,4,910.91,74.89,191.29,2024-05-06,Tienda,Portugal,EUR
Laptop Pro,Deportes,ElectroMax,4,351.78,34.56,73.87,2024-12-31,Tienda,Portugal,EUR
Microfono Pro,Electrónica,MegaStore,2,916.63,117.48,192.49,2024-05-11,Distribuidor,Portugal,EUR
Batidora Pro,Electrónica,Distribuciones Europa,1,1301.47,14.69,273.31,2024-02-29,Distribuidor,Portugal,EUR
TV 55,Electrónica,MegaStore,4,414.57,54.92,87.06,2024-06-08,Online,Alemania,EUR
Casco Bicicleta,Oficina,SportWorld,5,10.86,0.47,2.28,2024-02-18,Tienda,Alemania,EUR
Router WiFi,Hogar,GlobalTech,5,151.95,8.62,31.91,2024-06-23,Tienda,Alemania,EUR
Refrigerador Mini,Hogar,HomePlus,4,210.0,17.38,44.1,2024-02-12,Online,España,EUR
Batidora Pro,Accesorios,SportWorld,5,1231.5,150.89,258.62,2024-10-26,Online,Italia,EUR
Casco Bicicleta,Oficina,SportWorld,5,904.35,66.21,189.91,2024-09-24,Tienda,Portugal,EUR
Guantes Gym,Hogar,ProGear,1,1358.13,8.98,285.21,2024-10-03,Tienda,España,EUR
TV 55,Accesorios,HomePlus,3,329.57,13.87,69.21,2024-10-20,Online,España,EUR
TV 65,Moda,LogiTech,2,2037.31,273.43,427.84,2024-12-09,Distribuidor,Portugal,EUR
Laptop Pro,Deportes,ProGear,3,1239.87,156.56,260.37,2024-05-22,Tienda,Alemania,EUR
Cámara HD,Electrónica,GlobalTech,4,1808.49,19.66,379.78,2024-12-17,Distribuidor,España,EUR
Gafas Sol,Oficina,GlobalTech,3,802.22,98.76,168.47,2024-05-23,Distribuidor,Alemania,EUR
Memoria RAM 16GB,Deportes,LogiTech,1,1293.0,12.13,271.53,2024-02-01,Tienda,Italia,EUR
Cargador USB-C,Moda,ProGear,5,192.52,1.59,40.43,2024-08-03,Distribuidor,Alemania,EUR
Aspiradora Robot,Moda,SportWorld,2,441.9,65.65,92.8,2024-05-08,Distribuidor,Alemania,EUR
Altavoz Bluetooth,Accesorios,HomePlus,3,306.71,15.11,64.41,2024-07-29,Tienda,Francia,EUR
Monitor 32,Deportes,HomePlus,2,409.63,5.3,86.02,2024-09-30,Online,Alemania,EUR
Lámpara LED,Deportes,MegaStore,1,764.97,81.17,160.64,2024-06-06,Distribuidor,Francia,EUR
Barra de Sonido,Deportes,GlobalTech,4,1390.68,142.49,292.04,2024-12-31,Tienda,Francia,EUR
Refrigerador Mini,Hogar,Distribuciones Europa,5,259.67,27.85,54.53,2024-12-21,Distribuidor,España,EUR
Impresora Laser,Electrónica,LogiTech,1,1382.66,6.59,290.36,2024-02-23,Distribuidor,Portugal,EUR
Zapatillas Running,Electrónica,ElectroMax,5,1606.62,200.51,337.39,2024-01-15,Distribuidor,Francia,EUR
Ventilador Turbo,Electrónica,SportWorld,1,706.83,87.06,148.43,2024-08-29,Online,Francia,EUR
Pantalón Trekking,Hogar,Distribuciones Europa,4,758.79,55.69,159.35,2024-09-28,Distribuidor,Alemania,EUR
Pelota Fitness,Electrónica,ElectroMax,1,56.59,1.26,11.88,2024-08-11,Distribuidor,Italia,EUR
Casco Bicicleta,Electrónica,SportWorld,1,319.91,42.2,67.18,2024-05-26,Online,Alemania,EUR
Memoria RAM 16GB,Hogar,LogiTech,2,1212.42,87.5,254.61,2024-06-25,Online,Portugal,EUR
Smartphone Mini,Moda,MegaStore,5,1234.44,171.22,259.23,2024-12-25,Distribuidor,España,EUR
Barra de Sonido,Moda,FashionCorp,4,537.61,30.54,112.9,2024-02-02,Tienda,Alemania,EUR
Set Mancuernas,Oficina,TechCorp,4,869.71,121.79,182.64,2024-10-12,Online,Italia,EUR
Escritorio Oficina,Deportes,ElectroMax,3,236.25,7.24,49.61,2024-05-28,Distribuidor,Francia,EUR
Memoria RAM 16GB,Audio,SportWorld,3,1142.42,71.57,239.91,2024-04-22,Tienda,Italia,EUR
Smartwatch,Accesorios,TechCorp,1,1505.52,189.38,316.16,2024-12-18,Online,Italia,EUR
Smartphone X,Accesorios,Distribuciones Europa,1,1292.64,10.89,271.45,2024-04-25,Tienda,Italia,EUR
TV 65,Oficina,ElectroMax,4,820.0,23.38,172.2,2024-08-19,Tienda,Italia,EUR
Aspiradora Robot,Oficina,ElectroMax,4,812.48,76.29,170.62,2024-03-06,Online,Francia,EUR
Impresora Laser,Moda,TechCorp,1,690.06,101.07,144.91,2024-10-14,Distribuidor,Francia,EUR
Proyector HD,Deportes,ElectroMax,1,1306.66,89.87,274.4,2024-03-24,Distribuidor,Francia,EUR
Smartwatch,Video,ElectroMax,1,261.29,12.57,54.87,2024-05-15,Tienda,Portugal,EUR
Monitor 32,Deportes,HomePlus,3,857.4,3.29,180.05,2024-06-29,Distribuidor,Francia,EUR
Casco Bicicleta,Video,ProGear,4,48.68,0.74,10.22,2024-07-01,Online,Portugal,EUR
Microfono Pro,Accesorios,Distribuciones Europa,2,1242.08,61.95,260.84,2024-04-17,Distribuidor,Francia,EUR
Cámara HD,Deportes,Distribuciones Europa,2,184.43,1.85,38.73,2024-04-10,Online,España,EUR
Mochila Travel,Deportes,GlobalTech,2,559.29,41.24,117.45,2024-11-17,Tienda,España,EUR
Mouse Gamer,Audio,SportWorld,4,357.24,30.87,75.02,2024-06-01,Online,Alemania,EUR
Router WiFi,Accesorios,ProGear,5,1308.16,158.31,274.71,2024-05-24,Distribuidor,Portugal,EUR
Cafetera Automática,Accesorios,TechCorp,2,742.51,37.48,155.93,2024-04-22,Online,Italia,EUR
Webcam FullHD,Hogar,TechCorp,5,1260.71,130.49,264.75,2024-08-23,Distribuidor,Portugal,EUR
Auriculares Bluetooth,Moda,FashionCorp,3,808.46,47.28,169.78,2024-07-25,Online,Alemania,EUR
Altavoz Bluetooth,Accesorios,ProGear,1,1019.8,14.9,214.16,2024-05-06,Distribuidor,Francia,EUR
TV 55,Hogar,GlobalTech,4,486.45,71.53,102.15,2024-08-10,Online,España,EUR
Batidora Pro,Accesorios,ProGear,1,281.49,14.75,59.11,2024-03-14,Tienda,Italia,EUR
Monitor 27,Deportes,GlobalTech,1,635.91,81.94,133.54,2024-05-23,Distribuidor,Francia,EUR
Zapatillas Running,Accesorios,HomePlus,2,857.99,26.08,180.18,2024-09-26,Tienda,Alemania,EUR
Barra de Sonido,Hogar,LogiTech,3,310.58,41.65,65.22,2024-09-05,Online,Francia,EUR
Mochila Travel,Audio,SportWorld,5,880.89,84.38,184.99,2024-06-02,Distribuidor,Alemania,EUR
TV 55,Moda,FashionCorp,4,935.95,82.46,196.55,2024-10-18,Online,Portugal,EUR
Mochila Travel,Video,Distribuciones Europa,4,1363.14,18.66,286.26,2024-09-08,Online,España,EUR
Plancha Vapor,Video,ProGear,2,1101.98,89.32,231.42,2024-03-29,Online,Italia,EUR
Pantalón Trekking,Electrónica,Distribuciones Europa,5,473.33,29.53,99.4,2024-10-03,Online,Francia,EUR
Microfono Pro,Video,HomePlus,3,346.86,49.72,72.84,2024-07-28,Tienda,Alemania,EUR
Guantes Gym,Moda,Distribuciones Europa,5,250.3,26.48,52.56,2024-01-25,Distribuidor,Alemania,EUR
Monitor 32,Video,TechCorp,3,1356.03,150.73,284.77,2024-09-25,Distribuidor,España,EUR
Drone Mini,Oficina,TechCorp,5,1261.22,58.31,264.86,2024-01-06,Online,Francia,EUR
SSD 1TB,Deportes,MegaStore,1,952.51,5.45,200.03,2024-06-29,Online,Portugal,EUR
Gafas Sol,Oficina,GlobalTech,3,2038.48,119.36,428.08,2024-12-16,Distribuidor,Italia,EUR
SSD 1TB,Oficina,FashionCorp,2,62.98,4.38,13.23,2024-11-18,Online,Portugal,EUR
Reloj Deportivo,Moda,GlobalTech,1,287.88,1.79,60.45,2024-08-19,Tienda,Italia,EUR
Smartwatch,Audio,FashionCorp,5,660.95,26.02,138.8,2024-04-12,Online,España,EUR
Barra de Sonido,Video,GlobalTech,1,340.79,43.8,71.57,2024-10-16,Tienda,Portugal,EUR
Cargador USB-C,Accesorios,ProGear,4,883.41,68.47,185.52,2024-03-15,Online,Francia,EUR
Tablet Plus,Video,FashionCorp,5,1425.68,161.74,299.39,2024-11-08,Tienda,Italia,EUR
Impresora Laser,Oficina,LogiTech,5,1174.11,18.32,246.56,2024-12-09,Online,Italia,EUR
Set Mancuernas,Audio,LogiTech,5,646.35,10.05,135.73,2024-09-12,Online,Portugal,EUR
Monitor 27,Electrónica,MegaStore,2,483.0,33.19,101.43,2024-11-17,Tienda,España,EUR
Tablet Plus,Moda,ProGear,4,145.94,3.89,30.65,2024-07-13,Tienda,España,EUR
Reloj Deportivo,Moda,FashionCorp,1,924.1,47.37,194.06,2024-08-02,Distribuidor,Francia,EUR
Altavoz Bluetooth,Accesorios,TechCorp,5,342.94,36.94,72.02,2024-09-04,Distribuidor,Italia,EUR
Plancha Vapor,Moda,HomePlus,3,1446.14,149.84,303.69,2024-12-14,Tienda,Alemania,EUR
Altavoz Bluetooth,Deportes,ProGear,2,856.02,29.17,179.76,2024-02-10,Tienda,Portugal,EUR
Mochila Travel,Moda,LogiTech,2,610.41,31.79,128.19,2024-12-07,Tienda,Italia,EUR
Webcam FullHD,Moda,MegaStore,3,24.43,1.32,5.13,2024-12-14,Tienda,Francia,EUR
Auriculares Bluetooth,Oficina,SportWorld,2,731.06,47.14,153.52,2024-05-23,Distribuidor,España,EUR
Altavoz Bluetooth,Accesorios,ElectroMax,2,264.77,2.29,55.6,2024-01-01,Tienda,España,EUR
TV 55,Oficina,GlobalTech,2,462.02,51.08,97.02,2024-05-27,Online,Italia,EUR
Pantalón Trekking,Hogar,LogiTech,5,756.01,8.9,158.76,2024-01-31,Tienda,Alemania,EUR
Escritorio Oficina,Hogar,FashionCorp,5,1087.75,144.82,228.43,2024-06-28,Online,Alemania,EUR
TV 55,Deportes,TechCorp,3,1882.56,185.76,395.34,2024-01-16,Online,España,EUR
Casco Bicicleta,Moda,FashionCorp,5,1065.54,141.75,223.76,2024-11-08,Distribuidor,Alemania,EUR
Lámpara LED,Electrónica,GlobalTech,5,1029.24,5.01,216.14,2024-02-12,Online,Francia,EUR
Batidora Pro,Moda,Distribuciones Europa,5,886.28,60.12,186.12,2024-06-22,Distribuidor,España,EUR
Impresora Laser,Hogar,Distribuciones Europa,2,404.21,24.33,84.88,2024-06-24,Tienda,Italia,EUR
Mochila Travel,Deportes,Distribuciones Europa,1,962.51,89.4,202.13,2024-07-29,Distribuidor,Francia,EUR
Guantes Gym,Electrónica,LogiTech,3,787.72,100.33,165.42,2024-12-15,Distribuidor,Alemania,EUR
Silla Gamer,Accesorios,GlobalTech,1,1032.47,136.96,216.82,2024-03-20,Online,Italia,EUR
Pantalón Trekking,Oficina,MegaStore,4,579.59,53.91,121.71,2024-10-31,Tienda,Alemania,EUR
Colchoneta Yoga,Oficina,Distribuciones Europa,1,1074.37,85.87,225.62,2024-10-01,Tienda,Francia,EUR
Teclado Mecánico,Hogar,HomePlus,1,314.07,28.56,65.95,2024-10-13,Online,Portugal,EUR
Smartwatch,Deportes,LogiTech,4,365.39,34.06,76.73,2024-04-30,Online,Italia,EUR
Tablet Plus,Oficina,LogiTech,3,1593.81,143.4,334.7,2024-01-08,Distribuidor,Alemania,EUR
Tablet Plus,Electrónica,FashionCorp,5,1677.18,9.83,352.21,2024-11-04,Tienda,Alemania,EUR
Colchoneta Yoga,Audio,ProGear,2,352.15,16.02,73.95,2024-10-09,Online,Francia,EUR
Memoria RAM 16GB,Hogar,SportWorld,2,889.18,28.42,186.73,2024-06-14,Online,Portugal,EUR
Auriculares Bluetooth,Hogar,SportWorld,5,1514.6,101.68,318.07,2024-12-03,Online,España,EUR
SSD 1TB,Electrónica,TechCorp,3,280.48,30.56,58.9,2024-02-16,Online,Portugal,EUR
Gafas Sol,Moda,GlobalTech,4,752.51,45.05,158.03,2024-05-31,Distribuidor,Italia,EUR
Chaqueta Invierno,Deportes,ProGear,3,795.02,98.11,166.95,2024-10-07,Distribuidor,Portugal,EUR
PowerBank 20k,Moda,FashionCorp,2,136.22,7.44,28.61,2024-09-07,Distribuidor,Alemania,EUR
Monitor 27,Hogar,FashionCorp,3,694.0,3.47,145.74,2024-08-23,Online,Italia,EUR
SSD 1TB,Moda,FashionCorp,3,252.19,14.27,52.96,2024-08-19,Tienda,España,EUR
Memoria RAM 16GB,Electrónica,LogiTech,2,513.41,59.34,107.82,2024-09-24,Tienda,España,EUR
Smartphone Mini,Oficina,Distribuciones Europa,2,8.7,0.45,1.83,2024-08-23,Online,Italia,EUR
SSD 1TB,Video,TechCorp,4,240.11,10.43,50.42,2024-01-12,Distribuidor,Francia,EUR
Altavoz Bluetooth,Audio,SportWorld,5,315.46,46.99,66.25,2024-07-25,Tienda,Alemania,EUR
Microfono Pro,Video,HomePlus,2,565.24,46.12,118.7,2024-05-12,Distribuidor,España,EUR
Smartphone X,Video,LogiTech,3,127.13,11.03,26.7,2024-01-20,Online,Francia,EUR
Smartphone Mini,Audio,FashionCorp,5,248.91,21.02,52.27,2024-07-10,Tienda,Italia,EUR
HDD 2TB,Video,HomePlus,3,415.04,40.54,87.16,2024-01-25,Tienda,Italia,EUR
Proyector HD,Deportes,Distribuciones Europa,1,1496.3,154.64,314.22,2024-05-30,Online,Francia,EUR
Altavoz Bluetooth,Hogar,ProGear,4,286.97,40.28,60.26,2024-10-05,Tienda,Francia,EUR
Cafetera Automática,Moda,LogiTech,3,1400.92,12.65,294.19,2024-04-17,Online,Francia,EUR
Altavoz Bluetooth,Hogar,FashionCorp,5,549.65,16.88,115.43,2024-01-26,Distribuidor,Portugal,EUR
Drone Mini,Accesorios,LogiTech,4,674.22,34.36,141.59,2024-11-16,Tienda,Francia,EUR
Escritorio Oficina,Video,ProGear,3,871.11,62.85,182.93,2024-09-11,Tienda,Portugal,EUR
Tablet Plus,Accesorios,LogiTech,5,438.97,48.6,92.18,2024-06-20,Online,Portugal,EUR
Drone Mini,Audio,ProGear,5,1398.99,29.38,293.79,2024-11-22,Distribuidor,Portugal,EUR
PowerBank 20k,Oficina,Distribuciones Europa,3,1171.28,134.89,245.97,2024-02-06,Distribuidor,España,EUR
Zapatillas Running,Accesorios,SportWorld,4,1262.16,154.37,265.05,2024-08-20,Distribuidor,España,EUR
Auriculares Bluetooth,Audio,MegaStore,2,725.63,52.75,152.38,2024-07-05,Tienda,Portugal,EUR
Cafetera Automática,Audio,ElectroMax,1,1058.4,54.58,222.26,2024-04-18,Distribuidor,Alemania,EUR
Laptop Pro,Deportes,FashionCorp,4,18.51,0.12,3.89,2024-05-24,Distribuidor,Francia,EUR
Pantalón Trekking,Accesorios,Distribuciones Europa,1,1258.41,40.57,264.27,2024-03-25,Online,Francia,EUR
Impresora Laser,Deportes,LogiTech,2,264.52,13.4,55.55,2024-09-27,Online,Francia,EUR
Refrigerador Mini,Accesorios,MegaStore,4,991.0,21.54,208.11,2024-08-16,Distribuidor,Portugal,EUR
Teclado Mecánico,Video,HomePlus,4,514.45,45.94,108.03,2024-08-01,Distribuidor,Alemania,EUR
Smartphone X,Electrónica,SportWorld,4,1827.66,200.49,383.81,2024-12-17,Online,España,EUR
Zapatillas Running,Electrónica,FashionCorp,4,475.18,25.93,99.79,2024-10-17,Tienda,Francia,EUR
Casco Bicicleta,Audio,HomePlus,5,1180.52,125.7,247.91,2024-02-13,Online,Portugal,EUR
Drone Mini,Accesorios,Distribuciones Europa,3,506.1,58.83,106.28,2024-03-24,Online,Portugal,EUR
HDD 2TB,Audio,ElectroMax,1,113.13,8.63,23.76,2024-05-30,Tienda,España,EUR
Teclado Mecánico,Oficina,SportWorld,3,20.86,2.16,4.38,2024-06-20,Tienda,Francia,EUR
Webcam FullHD,Video,HomePlus,3,1311.08,1.12,275.33,2024-02-03,Online,Italia,EUR
Mouse Gamer,Deportes,GlobalTech,2,874.11,99.99,183.56,2024-11-03,Distribuidor,Italia,EUR
Barra de Sonido,Moda,SportWorld,5,491.59,50.28,103.23,2024-02-12,Tienda,Italia,EUR
Memoria RAM 16GB,Oficina,GlobalTech,4,899.52,78.15,188.9,2024-07-20,Tienda,España,EUR
Laptop Air,Audio,ElectroMax,1,1139.92,74.84,239.38,2024-06-12,Online,Francia,EUR
Smartphone X,Oficina,HomePlus,3,131.24,6.44,27.56,2024-01-20,Distribuidor,Francia,EUR
Laptop Air,Deportes,ElectroMax,1,803.66,60.1,168.77,2024-04-21,Distribuidor,Italia,EUR
Teclado Mecánico,Video,HomePlus,3,1376.58,54.45,289.08,2024-02-22,Distribuidor,Portugal,EUR
Escritorio Oficina,Audio,LogiTech,5,316.86,11.39,66.54,2024-11-08,Online,Alemania,EUR
Laptop Air,Deportes,ElectroMax,4,371.98,4.59,78.12,2024-03-21,Distribuidor,Alemania,EUR
Guantes Gym,Accesorios,SportWorld,4,647.01,67.26,135.87,2024-03-26,Tienda,España,EUR
Impresora Laser,Audio,TechCorp,3,606.35,56.44,127.33,2024-09-14,Online,Italia,EUR
Set Mancuernas,Moda,LogiTech,5,549.68,66.18,115.43,2024-12-11,Online,Italia,EUR
Pantalón Trekking,Video,HomePlus,1,395.99,10.94,83.16,2024-01-08,Online,Portugal,EUR
Casco Bicicleta,Hogar,ProGear,3,703.31,30.77,147.7,2024-08-12,Online,España,EUR
Colchoneta Yoga,Hogar,HomePlus,4,526.05,33.35,110.47,2024-10-26,Tienda,Alemania,EUR
Batidora Pro,Accesorios,ProGear,3,1902.18,136.65,399.46,2024-11-20,Distribuidor,España,EUR
Lámpara LED,Oficina,ElectroMax,1,519.85,9.78,109.17,2024-04-11,Distribuidor,Francia,EUR
Teclado Mecánico,Oficina,FashionCorp,3,199.53,6.28,41.9,2024-05-08,Online,Portugal,EUR
Cámara HD,Accesorios,MegaStore,3,311.42,17.38,65.4,2024-03-06,Online,España,EUR
Batidora Pro,Audio,Distribuciones Europa,4,29.55,1.37,6.21,2024-09-09,Tienda,Alemania,EUR
PowerBank 20k,Electrónica,LogiTech,5,818.94,73.24,171.98,2024-06-03,Tienda,Alemania,EUR
Barra de Sonido,Electrónica,GlobalTech,1,1133.35,120.36,238.0,2024-06-21,Tienda,Francia,EUR
Cargador USB-C,Accesorios,MegaStore,3,749.39,87.69,157.37,2024-07-18,Tienda,Alemania,EUR
Monitor 32,Moda,LogiTech,1,381.84,25.79,80.19,2024-08-10,Tienda,Francia,EUR
Monitor 27,Oficina,GlobalTech,3,164.7,6.09,34.59,2024-10-06,Distribuidor,Italia,EUR
Aspiradora Robot,Audio,GlobalTech,5,1353.42,117.82,284.22,2024-04-26,Distribuidor,Portugal,EUR
Zapatillas Running,Electrónica,ElectroMax,4,1755.95,78.4,368.75,2024-12-26,Tienda,España,EUR
Cámara HD,Deportes,TechCorp,3,556.15,28.77,116.79,2024-11-17,Tienda,Francia,EUR
Reloj Deportivo,Audio,ProGear,1,464.93,60.41,97.64,2024-05-20,Distribuidor,Portugal,EUR
Aspiradora Robot,Oficina,Distribuciones Europa,1,58.23,3.55,12.23,2024-08-12,Online,Alemania,EUR
Monitor 32,Accesorios,FashionCorp,2,406.95,41.85,85.46,2024-09-28,Distribuidor,Francia,EUR
TV 55,Electrónica,TechCorp,4,859.53,107.32,180.5,2024-02-01,Tienda,Portugal,EUR
Cámara HD,Moda,LogiTech,4,378.94,46.21,79.58,2024-09-17,Tienda,Francia,EUR
HDD 2TB,Deportes,MegaStore,1,125.01,14.24,26.25,2024-05-25,Online,Francia,EUR
Zapatillas Running,Electrónica,FashionCorp,5,245.31,27.67,51.52,2024-03-30,Tienda,Portugal,EUR
Cámara HD,Oficina,ProGear,5,650.05,95.9,136.51,2024-07-12,Tienda,Alemania,EUR
Guantes Gym,Electrónica,ElectroMax,4,104.62,0.12,21.97,2024-01-08,Online,Alemania,EUR
Casco Bicicleta,Hogar,ProGear,5,221.56,32.4,46.53,2024-11-17,Tienda,España,EUR
Smartphone Mini,Oficina,TechCorp,3,10.01,1.27,2.1,2024-06-30,Tienda,Alemania,EUR
Gafas Sol,Oficina,HomePlus,3,1595.91,7.2,335.14,2024-09-05,Tienda,Francia,EUR
Laptop Air,Deportes,ElectroMax,3,489.04,22.94,102.7,2024-10-11,Tienda,Portugal,EUR
Microfono Pro,Electrónica,ElectroMax,2,1087.97,161.28,228.47,2024-05-22,Distribuidor,Alemania,EUR
Batidora Pro,Electrónica,HomePlus,2,250.57,0.36,52.62,2024-08-05,Online,Francia,EUR
Tablet Plus,Video,ElectroMax,3,1723.12,149.17,361.86,2024-12-06,Distribuidor,Portugal,EUR
Lámpara LED,Video,FashionCorp,1,204.74,25.72,43.0,2024-07-02,Tienda,Portugal,EUR
Impresora Laser,Video,MegaStore,3,869.04,48.73,182.5,2024-04-26,Online,Francia,EUR
Pelota Fitness,Deportes,Distribuciones Europa,1,1105.45,74.21,232.14,2024-02-07,Online,España,EUR
Escritorio Oficina,Oficina,Distribuciones Europa,3,184.61,9.2,38.77,2024-03-11,Online,Francia,EUR
TV 65,Electrónica,LogiTech,5,31.02,3.68,6.51,2024-07-17,Tienda,Francia,EUR
Smartphone Mini,Audio,LogiTech,2,886.75,65.4,186.22,2024-07-08,Tienda,Italia,EUR
Memoria RAM 16GB,Electrónica,ProGear,5,581.66,51.25,122.15,2024-03-08,Online,Francia,EUR
Tablet Plus,Audio,LogiTech,4,1476.87,117.58,310.14,2024-02-09,Online,Francia,EUR
PowerBank 20k,Video,TechCorp,1,46.01,6.06,9.66,2024-04-30,Distribuidor,Francia,EUR
Colchoneta Yoga,Accesorios,TechCorp,1,867.58,33.93,182.19,2024-01-07,Distribuidor,Francia,EUR
Smartphone Mini,Oficina,GlobalTech,1,1148.96,156.38,241.28,2024-08-11,Online,Italia,EUR
HDD 2TB,Audio,SportWorld,1,905.02,54.29,190.05,2024-12-16,Distribuidor,Francia,EUR
HDD 2TB,Audio,TechCorp,4,139.52,1.27,29.3,2024-12-16,Online,Francia,EUR
Pantalón Trekking,Accesorios,HomePlus,2,508.71,20.06,106.83,2024-07-13,Distribuidor,España,EUR
Smartwatch,Deportes,GlobalTech,3,166.0,12.65,34.86,2024-05-12,Distribuidor,Francia,EUR
Guantes Gym,Accesorios,ElectroMax,3,891.11,117.31,187.13,2024-03-27,Tienda,Francia,EUR
Aspiradora Robot,Oficina,ElectroMax,2,1376.08,6.25,288.98,2024-01-20,Distribuidor,Francia,EUR
Laptop Pro,Hogar,FashionCorp,4,1446.45,19.86,303.75,2024-09-28,Tienda,Francia,EUR
Pelota Fitness,Audio,HomePlus,5,718.6,37.66,150.91,2024-02-10,Tienda,Francia,EUR
Smartwatch,Deportes,Distribuciones Europa,2,1364.67,39.52,286.58,2024-09-23,Online,Francia,EUR
Silla Gamer,Video,GlobalTech,2,401.75,27.77,84.37,2024-07-08,Distribuidor,Alemania,EUR
Tablet Plus,Moda,FashionCorp,2,1018.32,114.5,213.85,2024-09-11,Tienda,Italia,EUR
Memoria RAM 16GB,Hogar,ProGear,3,244.6,28.72,51.37,2024-09-16,Online,Portugal,EUR
Aspiradora Robot,Audio,GlobalTech,5,1079.8,6.77,226.76,2024-07-03,Distribuidor,España,EUR
Reloj Deportivo,Oficina,HomePlus,5,276.55,33.88,58.08,2024-03-08,Tienda,Alemania,EUR
PowerBank 20k,Moda,MegaStore,2,330.8,38.48,69.47,2024-04-20,Tienda,España,EUR
Microfono Pro,Deportes,LogiTech,5,582.77,17.82,122.38,2024-06-20,Distribuidor,España,EUR
Monitor 27,Oficina,ProGear,2,2043.57,189.54,429.15,2024-11-04,Distribuidor,Alemania,EUR
Reloj Deportivo,Hogar,ElectroMax,3,262.7,13.89,55.17,2024-10-29,Tienda,Francia,EUR
Tostadora,Moda,SportWorld,1,456.71,4.18,95.91,2024-12-16,Tienda,Portugal,EUR
Ventilador Turbo,Hogar,LogiTech,2,967.87,79.42,203.25,2024-05-12,Tienda,Portugal,EUR
Pelota Fitness,Moda,TechCorp,4,1218.56,57.8,255.9,2024-07-07,Distribuidor,España,EUR
Colchoneta Yoga,Oficina,LogiTech,5,307.48,6.81,64.57,2024-08-22,Distribuidor,Portugal,EUR
Cargador USB-C,Deportes,HomePlus,5,1163.34,172.76,244.3,2024-07-22,Distribuidor,Italia,EUR
Casco Bicicleta,Deportes,MegaStore,3,731.31,109.33,153.58,2024-06-28,Tienda,España,EUR
Ventilador Turbo,Hogar,MegaStore,2,50.04,1.45,10.51,2024-12-01,Online,Portugal,EUR
Router WiFi,Video,MegaStore,3,2106.98,50.95,442.47,2024-11-01,Tienda,España,EUR
TV 55,Deportes,FashionCorp,5,320.2,14.83,67.24,2024-11-18,Online,Italia,EUR
TV 55,Deportes,LogiTech,1,13.74,0.41,2.89,2024-05-03,Distribuidor,Francia,EUR
Colchoneta Yoga,Video,LogiTech,3,353.54,11.77,74.24,2024-07-07,Online,España,EUR
Smartwatch,Hogar,SportWorld,4,1212.05,39.54,254.53,2024-06-01,Tienda,España,EUR
Escritorio Oficina,Electrónica,HomePlus,5,2071.44,129.24,435.0,2024-12-21,Distribuidor,Portugal,EUR
Smartwatch,Deportes,LogiTech,5,276.14,6.57,57.99,2024-05-02,Tienda,Italia,EUR
Cafetera Automática,Deportes,Distribuciones Europa,2,2072.28,3.69,435.18,2024-11-02,Distribuidor,España,EUR
Ventilador Turbo,Video,HomePlus,4,101.51,1.53,21.32,2024-07-26,Online,Alemania,EUR
TV 55,Hogar,GlobalTech,1,913.52,101.23,191.84,2024-08-31,Online,Italia,EUR
Chaqueta Invierno,Oficina,ProGear,2,298.1,14.66,62.6,2024-08-23,Distribuidor,Francia,EUR
PowerBank 20k,Oficina,ProGear,1,849.04,121.97,178.3,2024-03-24,Distribuidor,Portugal,EUR
Lámpara LED,Video,MegaStore,5,1540.47,193.24,323.5,2024-01-22,Tienda,Portugal,EUR
Tablet Plus,Hogar,HomePlus,2,1488.13,140.48,312.51,2024-12-08,Online,España,EUR
Barra de Sonido,Audio,TechCorp,2,180.15,6.83,37.83,2024-06-07,Tienda,Alemania,EUR
Plancha Vapor,Audio,SportWorld,2,236.78,6.44,49.72,2024-07-17,Distribuidor,Italia,EUR
Auriculares Bluetooth,Oficina,ElectroMax,2,732.35,72.31,153.79,2024-08-31,Distribuidor,Alemania,EUR
Teclado Mecánico,Accesorios,ElectroMax,1,326.95,10.31,68.66,2024-10-30,Tienda,Portugal,EUR
Impresora Laser,Audio,SportWorld,2,955.44,92.1,200.64,2024-02-27,Online,Alemania,EUR
Ventilador Turbo,Electrónica,LogiTech,2,1114.8,72.9,234.11,2024-10-02,Tienda,España,EUR
Webcam FullHD,Moda,TechCorp,3,1118.8,127.83,234.95,2024-05-12,Distribuidor,Francia,EUR
Laptop Air,Accesorios,SportWorld,1,1174.33,15.04,246.61,2024-09-28,Distribuidor,España,EUR
Batidora Pro,Accesorios,HomePlus,3,1524.99,5.68,320.25,2024-04-04,Distribuidor,Italia,EUR
Smartphone Mini,Electrónica,FashionCorp,2,1071.98,31.23,225.12,2024-08-17,Tienda,Francia,EUR
Monitor 27,Deportes,ElectroMax,3,1039.22,55.2,218.24,2024-07-22,Distribuidor,Italia,EUR
Auriculares Bluetooth,Hogar,ElectroMax,4,603.78,59.48,126.79,2024-02-25,Distribuidor,Francia,EUR
Proyector HD,Moda,LogiTech,3,492.18,26.21,103.36,2024-07-18,Online,Francia,EUR
Impresora Laser,Video,ProGear,3,1420.87,185.59,298.38,2024-10-06,Tienda,Alemania,EUR
Chaqueta Invierno,Electrónica,HomePlus,3,184.67,5.31,38.78,2024-12-24,Tienda,Portugal,EUR
Ventilador Turbo,Accesorios,GlobalTech,5,277.0,16.98,58.17,2024-10-22,Online,Portugal,EUR
Mochila Travel,Video,MegaStore,5,697.93,45.8,146.57,2024-03-23,Tienda,Francia,EUR
Barra de Sonido,Electrónica,Distribuciones Europa,4,902.58,119.0,189.54,2024-12-28,Tienda,Italia,EUR
Monitor 32,Electrónica,MegaStore,2,214.67,25.64,45.08,2024-06-19,Tienda,Alemania,EUR
Batidora Pro,Deportes,SportWorld,2,685.02,38.91,143.85,2024-12-31,Distribuidor,Portugal,EUR
Memoria RAM 16GB,Moda,ProGear,1,710.71,19.0,149.25,2024-12-12,Distribuidor,España,EUR
Refrigerador Mini,Audio,ElectroMax,5,1543.41,194.52,324.12,2024-04-08,Online,Francia,EUR
Reloj Deportivo,Electrónica,HomePlus,4,1162.42,133.03,244.11,2024-02-15,Distribuidor,Italia,EUR
Router WiFi,Accesorios,Distribuciones Europa,4,476.65,63.85,100.1,2024-06-25,Distribuidor,Italia,EUR
Reloj Deportivo,Oficina,ProGear,5,693.16,89.43,145.56,2024-11-26,Tienda,Francia,EUR
Cargador USB-C,Moda,GlobalTech,4,1088.06,154.85,228.49,2024-06-18,Online,Francia,EUR
Tostadora,Video,FashionCorp,3,54.72,6.27,11.49,2024-08-20,Distribuidor,Italia,EUR
Microfono Pro,Audio,ProGear,1,441.32,61.53,92.68,2024-02-20,Online,Francia,EUR
Cafetera Automática,Electrónica,ElectroMax,5,2212.47,152.33,464.62,2024-11-30,Distribuidor,Portugal,EUR
Silla Gamer,Deportes,Distribuciones Europa,2,415.61,43.91,87.28,2024-06-06,Distribuidor,Alemania,EUR
Lámpara LED,Oficina,FashionCorp,2,1341.23,119.55,281.66,2024-02-13,Online,Alemania,EUR
Microfono Pro,Moda,SportWorld,2,254.05,9.16,53.35,2024-04-26,Online,Portugal,EUR
TV 65,Video,TechCorp,4,826.53,53.86,173.57,2024-07-30,Online,Portugal,EUR
Mochila Travel,Moda,TechCorp,1,297.48,34.7,62.47,2024-06-14,Online,Italia,EUR
Reloj Deportivo,Electrónica,LogiTech,4,1446.99,113.39,303.87,2024-01-26,Tienda,Francia,EUR
Guantes Gym,Hogar,TechCorp,2,941.49,29.73,197.71,2024-06-24,Distribuidor,Alemania,EUR
Proyector HD,Moda,Distribuciones Europa,2,466.46,23.04,97.96,2024-11-02,Online,Alemania,EUR
Drone Mini,Oficina,SportWorld,2,1476.83,52.18,310.13,2024-04-18,Online,Francia,EUR
Smartwatch,Oficina,TechCorp,2,1626.8,198.31,341.63,2024-03-10,Tienda,Alemania,EUR
Smartphone Mini,Electrónica,ProGear,4,276.24,20.64,58.01,2024-06-21,Online,Portugal,EUR
Microfono Pro,Moda,LogiTech,5,918.61,122.95,192.91,2024-01-26,Tienda,Francia,EUR
Plancha Vapor,Video,HomePlus,4,630.39,51.33,132.38,2024-07-08,Distribuidor,Portugal,EUR
Refrigerador Mini,Audio,Distribuciones Europa,4,1482.74,173.56,311.38,2024-10-20,Tienda,España,EUR
Chaqueta Invierno,Hogar,Distribuciones Europa,2,825.65,13.82,173.39,2024-10-19,Online,España,EUR
SSD 1TB,Hogar,GlobalTech,3,1053.64,111.11,221.26,2024-08-11,Online,Italia,EUR
Monitor 32,Video,GlobalTech,4,586.23,40.0,123.11,2024-04-12,Tienda,Portugal,EUR
SSD 1TB,Oficina,LogiTech,5,1002.81,11.72,210.59,2024-06-07,Distribuidor,Italia,EUR
Impresora Laser,Moda,TechCorp,3,1548.95,203.39,325.28,2024-04-20,Tienda,Alemania,EUR
Mochila Travel,Accesorios,SportWorld,4,1331.33,3.41,279.58,2024-05-14,Online,Francia,EUR
Plancha Vapor,Hogar,TechCorp,2,1357.1,137.94,284.99,2024-11-30,Tienda,Francia,EUR
Zapatillas Running,Moda,MegaStore,1,1307.35,159.19,274.54,2024-01-04,Distribuidor,Portugal,EUR
PowerBank 20k,Video,LogiTech,5,585.38,83.21,122.93,2024-12-06,Online,España,EUR
Batidora Pro,Hogar,FashionCorp,4,1451.78,117.59,304.87,2024-05-19,Online,Portugal,EUR
Monitor 27,Video,TechCorp,4,787.67,35.27,165.41,2024-04-08,Online,Portugal,EUR
Tablet Plus,Electrónica,ProGear,2,1394.33,159.89,292.81,2024-05-25,Online,Portugal,EUR
Casco Bicicleta,Moda,Distribuciones Europa,1,374.85,21.37,78.72,2024-12-05,Online,Alemania,EUR
Lámpara LED,Video,LogiTech,5,1886.29,199.76,396.12,2024-12-12,Online,Italia,EUR
Zapatillas Running,Hogar,MegaStore,2,1075.68,136.39,225.89,2024-06-02,Tienda,España,EUR
HDD 2TB,Deportes,ElectroMax,5,1018.53,41.48,213.89,2024-10-06,Tienda,Alemania,EUR
Guantes Gym,Oficina,Distribuciones Europa,5,16.34,0.03,3.43,2024-09-27,Distribuidor,España,EUR
Escritorio Oficina,Moda,LogiTech,1,500.69,69.79,105.14,2024-03-11,Online,Portugal,EUR
Cargador USB-C,Audio,TechCorp,3,1056.07,82.53,221.77,2024-03-28,Online,España,EUR
Monitor 27,Moda,LogiTech,4,296.5,15.03,62.27,2024-08-31,Online,Alemania,EUR
Microfono Pro,Oficina,ProGear,5,696.24,25.59,146.21,2024-08-08,Online,Italia,EUR
Cargador USB-C,Accesorios,FashionCorp,4,114.03,3.64,23.95,2024-02-26,Online,Alemania,EUR
Mochila Travel,Moda,HomePlus,2,825.4,97.64,173.33,2024-10-08,Online,Portugal,EUR
Chaqueta Invierno,Oficina,FashionCorp,1,423.97,59.26,89.03,2024-09-16,Tienda,España,EUR
Pelota Fitness,Audio,FashionCorp,1,251.25,27.96,52.76,2024-07-31,Tienda,Portugal,EUR
Proyector HD,Hogar,SportWorld,2,332.44,30.66,69.81,2024-06-11,Tienda,Portugal,EUR
Impresora Laser,Deportes,SportWorld,3,1086.29,129.38,228.12,2024-11-07,Online,Italia,EUR
Router WiFi,Accesorios,Distribuciones Europa,4,1455.6,167.19,305.68,2024-03-22,Tienda,Italia,EUR
Chaqueta Invierno,Electrónica,FashionCorp,2,109.85,0.5,23.07,2024-07-07,Tienda,Alemania,EUR
HDD 2TB,Deportes,ProGear,5,578.23,42.36,121.43,2024-09-26,Online,Francia,EUR
Laptop Air,Oficina,MegaStore,2,876.42,119.21,184.05,2024-01-07,Online,Italia,EUR
Cafetera Automática,Moda,GlobalTech,4,891.56,80.44,187.23,2024-02-18,Online,Portugal,EUR
Tostadora,Hogar,MegaStore,3,913.71,54.42,191.88,2024-08-23,Tienda,Portugal,EUR
Pantalón Trekking,Hogar,FashionCorp,2,683.15,9.49,143.46,2024-10-23,Distribuidor,Italia,EUR
Pantalón Trekking,Accesorios,Distribuciones Europa,4,62.48,1.76,13.12,2024-06-30,Tienda,Italia,EUR
Router WiFi,Accesorios,LogiTech,4,472.65,22.74,99.26,2024-07-18,Online,Francia,EUR
Guantes Gym,Deportes,FashionCorp,4,455.3,52.16,95.61,2024-03-04,Tienda,Italia,EUR
Plancha Vapor,Deportes,GlobalTech,4,1223.62,138.26,256.96,2024-07-30,Tienda,Alemania,EUR
Set Mancuernas,Moda,HomePlus,3,424.35,2.95,89.11,2024-10-28,Distribuidor,Italia,EUR
Proyector HD,Oficina,Distribuciones Europa,3,1327.34,30.04,278.74,2024-11-23,Tienda,Italia,EUR
Altavoz Bluetooth,Video,Distribuciones Europa,5,114.0,1.76,23.94,2024-11-10,Distribuidor,Portugal,EUR
Smartphone X,Video,SportWorld,5,858.92,28.71,180.37,2024-05-30,Distribuidor,España,EUR
Plancha Vapor,Electrónica,MegaStore,5,1385.02,44.12,290.85,2024-12-15,Distribuidor,Francia,EUR
Smartphone Mini,Oficina,Distribuciones Europa,2,844.34,48.68,177.31,2024-08-15,Tienda,Francia,EUR
TV 65,Audio,MegaStore,1,14.91,0.22,3.13,2024-02-08,Distribuidor,Alemania,EUR
Drone Mini,Moda,SportWorld,5,824.92,23.38,173.23,2024-03-11,Distribuidor,Italia,EUR
Impresora Laser,Hogar,LogiTech,5,226.87,13.57,47.64,2024-06-17,Online,España,EUR
Pantalón Trekking,Audio,HomePlus,4,523.74,36.92,109.99,2024-07-27,Distribuidor,España,EUR
Proyector HD,Moda,MegaStore,1,831.72,74.1,174.66,2024-02-16,Tienda,Portugal,EUR
Smartwatch,Hogar,ElectroMax,4,320.42,3.28,67.29,2024-01-14,Tienda,Italia,EUR
Refrigerador Mini,Hogar,LogiTech,5,1130.05,91.29,237.31,2024-07-27,Online,Alemania,EUR
Laptop Air,Deportes,GlobalTech,1,612.28,74.63,128.58,2024-09-28,Online,Italia,EUR
Barra de Sonido,Deportes,ProGear,4,1142.19,40.19,239.86,2024-12-26,Tienda,Francia,EUR
Batidora Pro,Electrónica,LogiTech,4,156.65,0.9,32.9,2024-04-02,Online,Alemania,EUR
Tostadora,Oficina,ProGear,3,1129.35,65.27,237.16,2024-04-17,Distribuidor,Alemania,EUR
Lámpara LED,Audio,GlobalTech,1,614.51,51.78,129.05,2024-09-22,Tienda,España,EUR
Smartphone Mini,Audio,LogiTech,5,831.13,113.29,174.54,2024-08-23,Tienda,Francia,EUR
Tostadora,Video,LogiTech,5,248.88,16.47,52.26,2024-11-06,Online,Francia,EUR
Barra de Sonido,Moda,GlobalTech,4,200.22,21.54,42.05,2024-03-02,Online,Italia,EUR
Microfono Pro,Audio,LogiTech,3,593.57,49.0,124.65,2024-01-14,Tienda,España,EUR
Drone Mini,Deportes,ElectroMax,2,1704.35,13.07,357.91,2024-11-26,Distribuidor,Alemania,EUR
Auriculares Bluetooth,Deportes,GlobalTech,2,958.75,117.43,201.34,2024-06-14,Tienda,Francia,EUR
Cargador USB-C,Deportes,ElectroMax,4,2065.51,185.04,433.76,2024-11-17,Online,Italia,EUR
Casco Bicicleta,Hogar,FashionCorp,4,161.26,0.21,33.86,2024-07-11,Tienda,Alemania,EUR
Microfono Pro,Moda,HomePlus,4,768.25,32.82,161.33,2024-10-26,Online,Francia,EUR
Microfono Pro,Video,ProGear,2,1072.56,144.23,225.24,2024-02-27,Tienda,España,EUR
Zapatillas Running,Hogar,FashionCorp,2,452.79,36.24,95.09,2024-12-14,Online,Italia,EUR
Proyector HD,Electrónica,LogiTech,4,1341.38,191.37,281.69,2024-12-16,Online,Francia,EUR
Microfono Pro,Electrónica,Distribuciones Europa,5,947.3,43.46,198.93,2024-10-19,Online,Alemania,EUR
Zapatillas Running,Deportes,HomePlus,2,208.26,19.36,43.73,2024-06-10,Tienda,Alemania,EUR
Memoria RAM 16GB,Electrónica,Distribuciones Europa,4,357.64,22.23,75.1,2024-06-27,Online,Italia,EUR
TV 65,Audio,GlobalTech,5,96.52,9.66,20.27,2024-09-29,Online,Portugal,EUR
Drone Mini,Video,ProGear,4,1086.9,112.12,228.25,2024-09-14,Tienda,Italia,EUR
Cámara HD,Video,MegaStore,1,760.06,33.04,159.61,2024-11-17,Online,Alemania,EUR
Cafetera Automática,Accesorios,HomePlus,2,121.43,14.74,25.5,2024-06-29,Online,Portugal,EUR
Router WiFi,Hogar,Distribuciones Europa,5,377.91,39.38,79.36,2024-11-25,Online,Italia,EUR
Gafas Sol,Moda,GlobalTech,2,1571.1,137.53,329.93,2024-01-19,Online,Francia,EUR
Microfono Pro,Oficina,TechCorp,5,59.88,5.55,12.57,2024-09-08,Distribuidor,Francia,EUR
Colchoneta Yoga,Audio,GlobalTech,1,286.3,0.91,60.12,2024-05-16,Tienda,Alemania,EUR
Proyector HD,Video,TechCorp,5,2070.25,36.43,434.75,2024-12-31,Distribuidor,España,EUR
Plancha Vapor,Accesorios,LogiTech,3,1827.32,266.93,383.74,2024-11-24,Tienda,España,EUR
Proyector HD,Audio,Distribuciones Europa,5,880.99,130.53,185.01,2024-04-26,Distribuidor,Portugal,EUR
Mochila Travel,Accesorios,HomePlus,1,1221.67,181.63,256.55,2024-06-10,Online,Francia,EUR
Proyector HD,Audio,Distribuciones Europa,4,965.11,49.82,202.67,2024-02-06,Online,Francia,EUR
Gafas Sol,Hogar,GlobalTech,2,542.73,75.15,113.97,2024-08-25,Online,Francia,EUR
Impresora Laser,Hogar,SportWorld,3,1075.31,1.55,225.82,2024-07-05,Online,España,EUR
TV 65,Hogar,FashionCorp,4,351.71,42.68,73.86,2024-08-02,Online,España,EUR
Mouse Gamer,Video,FashionCorp,5,232.88,7.94,48.9,2024-05-30,Tienda,Francia,EUR
Lámpara LED,Audio,GlobalTech,5,519.75,40.23,109.15,2024-05-03,Distribuidor,Alemania,EUR
Guantes Gym,Oficina,GlobalTech,3,614.68,74.52,129.08,2024-08-20,Distribuidor,Portugal,EUR
Monitor 27,Video,SportWorld,4,574.39,4.35,120.62,2024-07-06,Distribuidor,España,EUR
Laptop Air,Video,MegaStore,5,683.65,59.19,143.57,2024-02-17,Distribuidor,Francia,EUR
Ventilador Turbo,Oficina,MegaStore,4,82.33,6.32,17.29,2024-01-29,Online,Italia,EUR
Silla Gamer,Accesorios,SportWorld,3,854.25,20.97,179.39,2024-09-19,Distribuidor,Alemania,EUR
Laptop Air,Audio,GlobalTech,2,350.58,4.53,73.62,2024-01-10,Distribuidor,Italia,EUR
Smartwatch,Video,TechCorp,4,283.9,18.82,59.62,2024-02-02,Tienda,Alemania,EUR
Monitor 32,Hogar,MegaStore,4,705.32,97.77,148.12,2024-02-29,Distribuidor,Portugal,EUR
Tablet Plus,Deportes,GlobalTech,2,561.44,71.72,117.9,2024-05-31,Tienda,Francia,EUR
Guantes Gym,Oficina,ElectroMax,3,860.56,75.09,180.72,2024-03-21,Online,Alemania,EUR
Zapatillas Running,Moda,LogiTech,5,1223.89,98.9,257.02,2024-12-06,Online,Francia,EUR
Plancha Vapor,Accesorios,HomePlus,2,1082.19,129.57,227.26,2024-12-12,Distribuidor,España,EUR
Memoria RAM 16GB,Electrónica,SportWorld,5,624.61,55.49,131.17,2024-06-14,Online,Francia,EUR
Smartphone X,Hogar,Distribuciones Europa,3,798.25,82.19,167.63,2024-09-25,Distribuidor,Alemania,EUR
Laptop Pro,Video,ProGear,1,1041.21,19.76,218.65,2024-06-12,Tienda,Italia,EUR
Silla Gamer,Moda,MegaStore,2,163.05,15.33,34.24,2024-04-27,Distribuidor,Portugal,EUR
Tablet Plus,Audio,SportWorld,3,755.98,69.39,158.76,2024-01-18,Online,Italia,EUR
Router WiFi,Deportes,ProGear,2,496.01,43.6,104.16,2024-05-20,Online,Francia,EUR
SSD 1TB,Hogar,MegaStore,5,693.01,48.98,145.53,2024-02-21,Tienda,Alemania,EUR
Proyector HD,Moda,TechCorp,2,884.74,72.69,185.8,2024-07-14,Distribuidor,España,EUR
Monitor 27,Moda,MegaStore,2,445.95,8.84,93.65,2024-07-26,Distribuidor,España,EUR
Webcam FullHD,Video,TechCorp,3,1110.57,62.19,233.22,2024-03-07,Distribuidor,Francia,EUR
Webcam FullHD,Electrónica,ElectroMax,5,1161.96,110.21,244.01,2024-06-18,Online,Francia,EUR
Microfono Pro,Audio,FashionCorp,4,86.36,4.43,18.14,2024-05-09,Distribuidor,Italia,EUR
Drone Mini,Electrónica,GlobalTech,2,784.42,32.23,164.73,2024-03-28,Online,España,EUR
Ventilador Turbo,Video,Distribuciones Europa,3,1274.7,6.75,267.69,2024-12-12,Tienda,Francia,EUR
Proyector HD,Electrónica,Distribuciones Europa,4,271.2,31.32,56.95,2024-10-15,Tienda,Portugal,EUR
Pantalón Trekking,Oficina,FashionCorp,3,712.95,38.39,149.72,2024-07-20,Distribuidor,Italia,EUR
Reloj Deportivo,Electrónica,Distribuciones Europa,5,51.38,3.71,10.79,2024-02-09,Online,España,EUR
Aspiradora Robot,Hogar,SportWorld,4,660.66,67.09,138.74,2024-12-19,Online,España,EUR
Pantalón Trekking,Deportes,HomePlus,1,296.66,42.23,62.3,2024-07-29,Online,España,EUR
Laptop Air,Moda,GlobalTech,4,544.1,45.63,114.26,2024-03-30,Distribuidor,Francia,EUR
Lámpara LED,Hogar,LogiTech,5,42.42,3.88,8.91,2024-06-15,Tienda,Francia,EUR
TV 65,Moda,Distribuciones Europa,5,616.83,73.19,129.53,2024-02-08,Distribuidor,España,EUR
Pelota Fitness,Hogar,ProGear,2,432.43,20.0,90.81,2024-06-16,Online,Portugal,EUR
Cafetera Automática,Moda,ElectroMax,3,808.62,40.52,169.81,2024-08-21,Online,Alemania,EUR
Tablet Plus,Deportes,ProGear,5,1378.17,99.39,289.42,2024-05-04,Online,Portugal,EUR
Ventilador Turbo,Deportes,LogiTech,1,410.9,25.91,86.29,2024-10-07,Distribuidor,España,EUR
Teclado Mecánico,Video,LogiTech,2,1190.13,158.45,249.93,2024-08-23,Tienda,Portugal,EUR
Laptop Pro,Accesorios,HomePlus,4,56.43,3.2,11.85,2024-12-02,Online,Portugal,EUR
Mochila Travel,Hogar,TechCorp,4,920.18,120.2,193.24,2024-06-28,Tienda,Portugal,EUR
Silla Gamer,Hogar,LogiTech,4,1293.81,58.69,271.7,2024-02-29,Distribuidor,Portugal,EUR
Altavoz Bluetooth,Moda,SportWorld,4,576.61,64.5,121.09,2024-08-21,Online,España,EUR
Cámara HD,Moda,LogiTech,4,108.0,1.45,22.68,2024-10-20,Tienda,España,EUR
Cafetera Automática,Accesorios,Distribuciones Europa,2,1466.61,37.07,307.99,2024-04-20,Tienda,Italia,EUR
Gafas Sol,Oficina,ElectroMax,1,501.06,33.45,105.22,2024-10-20,Distribuidor,España,EUR
Teclado Mecánico,Audio,HomePlus,2,334.29,3.67,70.2,2024-10-11,Online,Italia,EUR
Impresora Laser,Video,LogiTech,5,951.27,49.71,199.77,2024-10-12,Online,Italia,EUR
Mochila Travel,Electrónica,ElectroMax,4,1114.12,25.71,233.97,2024-02-05,Online,Alemania,EUR
Silla Gamer,Video,MegaStore,4,906.22,85.18,190.31,2024-01-18,Distribuidor,España,EUR
Auriculares Bluetooth,Oficina,MegaStore,2,434.29,42.49,91.2,2024-02-22,Online,España,EUR
Laptop Air,Moda,HomePlus,5,932.28,137.67,195.78,2024-03-10,Online,Portugal,EUR
Plancha Vapor,Oficina,HomePlus,3,1419.37,39.76,298.07,2024-10-15,Tienda,Alemania,EUR
Drone Mini,Moda,ProGear,4,874.67,90.29,183.68,2024-04-10,Distribuidor,Italia,EUR
TV 55,Video,SportWorld,4,712.57,71.3,149.64,2024-01-29,Distribuidor,Portugal,EUR
Mouse Gamer,Video,Distribuciones Europa,1,664.63,75.84,139.57,2024-10-09,Distribuidor,Portugal,EUR
Mochila Travel,Audio,ProGear,4,719.03,100.69,151.0,2024-02-23,Tienda,España,EUR
Colchoneta Yoga,Accesorios,LogiTech,3,154.08,3.97,32.36,2024-06-18,Tienda,Francia,EUR
TV 55,Moda,LogiTech,3,602.58,30.56,126.54,2024-05-09,Tienda,España,EUR
Reloj Deportivo,Deportes,MegaStore,1,1023.08,133.0,214.85,2024-06-26,Tienda,Alemania,EUR
Plancha Vapor,Hogar,MegaStore,1,549.14,17.01,115.32,2024-03-06,Tienda,España,EUR
Webcam FullHD,Moda,ElectroMax,2,1611.2,231.55,338.35,2024-12-08,Online,Alemania,EUR
Auriculares Bluetooth,Moda,ElectroMax,3,746.57,55.63,156.78,2024-05-24,Tienda,Francia,EUR
Mochila Travel,Hogar,Distribuciones Europa,3,433.65,17.88,91.07,2024-12-08,Tienda,Francia,EUR
Webcam FullHD,Deportes,FashionCorp,1,12.27,1.75,2.58,2024-05-23,Tienda,Portugal,EUR
Lámpara LED,Video,MegaStore,4,2048.7,74.36,430.23,2024-11-29,Distribuidor,Francia,EUR
TV 65,Electrónica,MegaStore,1,223.47,17.68,46.93,2024-10-09,Tienda,Francia,EUR
Memoria RAM 16GB,Moda,ProGear,4,183.34,5.47,38.5,2024-03-30,Tienda,Francia,EUR
Smartwatch,Video,SportWorld,1,700.05,48.22,147.01,2024-04-17,Tienda,España,EUR
Impresora Laser,Oficina,SportWorld,5,136.72,13.42,28.71,2024-03-27,Tienda,Portugal,EUR
Set Mancuernas,Deportes,ElectroMax,1,287.6,33.88,60.4,2024-01-21,Distribuidor,Francia,EUR
Altavoz Bluetooth,Deportes,LogiTech,1,1050.37,16.04,220.58,2024-08-29,Tienda,Francia,EUR
Laptop Pro,Audio,Distribuciones Europa,1,450.92,51.8,94.69,2024-01-16,Tienda,España,EUR
Aspiradora Robot,Moda,SportWorld,4,410.59,30.6,86.22,2024-06-13,Tienda,Alemania,EUR
Altavoz Bluetooth,Moda,HomePlus,1,845.98,84.61,177.66,2024-06-03,Tienda,Portugal,EUR
Microfono Pro,Deportes,ElectroMax,5,755.6,55.74,158.68,2024-01-17,Online,Francia,EUR
Monitor 32,Moda,SportWorld,2,1116.8,86.69,234.53,2024-06-26,Distribuidor,Francia,EUR
Smartwatch,Deportes,LogiTech,2,776.52,94.1,163.07,2024-10-07,Online,Alemania,EUR
Chaqueta Invierno,Moda,ElectroMax,3,1054.93,69.21,221.54,2024-03-09,Distribuidor,Portugal,EUR
Pelota Fitness,Deportes,TechCorp,3,816.07,109.89,171.37,2024-04-09,Online,Francia,EUR
Mochila Travel,Video,FashionCorp,5,928.41,67.57,194.97,2024-07-25,Distribuidor,Alemania,EUR
Altavoz Bluetooth,Oficina,GlobalTech,1,589.93,45.47,123.89,2024-08-03,Online,España,EUR
HDD 2TB,Oficina,TechCorp,2,979.88,98.0,205.77,2024-11-19,Tienda,Francia,EUR
Drone Mini,Video,FashionCorp,2,934.0,22.05,196.14,2024-06-14,Online,Alemania,EUR
Escritorio Oficina,Moda,ProGear,5,1865.3,276.45,391.71,2024-01-17,Online,Portugal,EUR
Guantes Gym,Hogar,Distribuciones Europa,4,1071.6,78.67,225.04,2024-06-15,Tienda,Alemania,EUR
Proyector HD,Hogar,ElectroMax,3,312.99,43.45,65.73,2024-05-01,Tienda,Portugal,EUR
Tostadora,Deportes,HomePlus,5,133.93,0.15,28.13,2024-08-06,Online,Italia,EUR
Monitor 32,Moda,TechCorp,1,614.63,21.04,129.07,2024-01-13,Distribuidor,Portugal,EUR
Plancha Vapor,Video,HomePlus,5,66.81,1.63,14.03,2024-06-07,Tienda,Italia,EUR
Laptop Air,Hogar,ElectroMax,2,1110.75,130.45,233.26,2024-06-12,Tienda,Portugal,EUR
Webcam FullHD,Deportes,GlobalTech,2,2073.62,178.91,435.46,2024-11-11,Online,Italia,EUR
Altavoz Bluetooth,Deportes,FashionCorp,4,266.87,26.12,56.04,2024-06-02,Tienda,España,EUR
Refrigerador Mini,Video,ElectroMax,3,1721.64,245.69,361.54,2024-09-18,Online,Alemania,EUR
Cargador USB-C,Hogar,ProGear,2,848.14,30.36,178.11,2024-07-02,Online,Francia,EUR
Pantalón Trekking,Video,ElectroMax,1,619.84,42.01,130.17,2024-09-24,Distribuidor,Francia,EUR
Pelota Fitness,Oficina,MegaStore,1,918.82,96.78,192.95,2024-11-22,Tienda,Italia,EUR
Laptop Pro,Hogar,TechCorp,2,1693.33,185.99,355.6,2024-12-05,Online,Alemania,EUR
Teclado Mecánico,Moda,GlobalTech,4,199.51,10.29,41.9,2024-02-03,Distribuidor,Alemania,EUR
Cámara HD,Video,LogiTech,5,676.0,59.58,141.96,2024-09-15,Distribuidor,España,EUR
Chaqueta Invierno,Audio,TechCorp,5,885.2,87.57,185.89,2024-02-08,Distribuidor,Alemania,EUR
Batidora Pro,Hogar,LogiTech,2,24.65,0.3,5.18,2024-06-17,Tienda,Italia,EUR
Memoria RAM 16GB,Video,MegaStore,2,716.34,7.62,150.43,2024-05-22,Online,España,EUR
Lámpara LED,Hogar,GlobalTech,5,1300.96,158.59,273.2,2024-10-21,Online,Portugal,EUR
Monitor 27,Electrónica,GlobalTech,2,751.49,28.75,157.81,2024-02-07,Distribuidor,Portugal,EUR
Reloj Deportivo,Accesorios,LogiTech,4,696.23,97.16,146.21,2024-10-14,Tienda,Alemania,EUR
Silla Gamer,Audio,SportWorld,5,1491.0,124.74,313.11,2024-12-24,Tienda,Francia,EUR
Smartphone Mini,Moda,HomePlus,5,792.01,39.14,166.32,2024-03-19,Distribuidor,Italia,EUR
Cafetera Automática,Audio,MegaStore,1,1292.53,110.5,271.43,2024-02-16,Online,Alemania,EUR
Microfono Pro,Oficina,GlobalTech,5,1259.06,53.84,264.4,2024-05-13,Distribuidor,Italia,EUR
Ventilador Turbo,Accesorios,MegaStore,5,868.03,95.1,182.29,2024-02-07,Tienda,Portugal,EUR
PowerBank 20k,Deportes,HomePlus,4,1068.07,20.5,224.29,2024-07-27,Online,Portugal,EUR
Escritorio Oficina,Deportes,LogiTech,4,1450.59,18.81,304.62,2024-11-25,Distribuidor,Portugal,EUR
Aspiradora Robot,Video,ProGear,5,439.37,3.01,92.27,2024-10-02,Distribuidor,Portugal,EUR
Tostadora,Hogar,MegaStore,2,635.15,22.86,133.38,2024-12-27,Online,Portugal,EUR
Silla Gamer,Deportes,FashionCorp,1,193.57,18.85,40.65,2024-03-05,Tienda,Alemania,EUR
Router WiFi,Hogar,HomePlus,2,1269.33,33.97,266.56,2024-08-02,Distribuidor,Italia,EUR
Pantalón Trekking,Video,ElectroMax,3,273.54,5.66,57.44,2024-09-09,Tienda,Francia,EUR
Reloj Deportivo,Oficina,Distribuciones Europa,2,1234.5,93.5,259.25,2024-05-20,Distribuidor,España,EUR
Proyector HD,Accesorios,TechCorp,5,844.26,118.93,177.29,2024-11-08,Distribuidor,Portugal,EUR
HDD 2TB,Electrónica,TechCorp,1,984.78,135.47,206.8,2024-11-24,Tienda,Francia,EUR
SSD 1TB,Audio,GlobalTech,1,121.48,3.52,25.51,2024-08-31,Online,Alemania,EUR
Barra de Sonido,Audio,TechCorp,2,2202.88,157.58,462.6,2024-11-05,Tienda,Portugal,EUR
Guantes Gym,Video,SportWorld,1,935.02,138.99,196.35,2024-03-12,Tienda,Alemania,EUR
Laptop Pro,Audio,HomePlus,2,308.14,18.69,64.71,2024-01-23,Online,Alemania,EUR
TV 55,Moda,HomePlus,4,1045.79,149.54,219.62,2024-11-21,Distribuidor,España,EUR
Pantalón Trekking,Moda,LogiTech,2,281.0,0.31,59.01,2024-05-19,Tienda,Francia,EUR
Microfono Pro,Oficina,ElectroMax,5,1020.03,57.21,214.21,2024-03-03,Tienda,España,EUR
Smartphone Mini,Hogar,SportWorld,2,1345.44,26.6,282.54,2024-12-02,Online,Francia,EUR
Set Mancuernas,Accesorios,ElectroMax,3,1337.48,194.53,280.87,2024-03-25,Online,Alemania,EUR
Zapatillas Running,Video,GlobalTech,5,966.93,66.46,203.06,2024-06-02,Online,Alemania,EUR
TV 55,Accesorios,MegaStore,1,462.99,26.53,97.23,2024-12-16,Distribuidor,Francia,EUR
TV 55,Video,LogiTech,4,1131.1,100.0,237.53,2024-06-23,Tienda,Portugal,EUR
Ventilador Turbo,Moda,SportWorld,2,504.08,59.57,105.86,2024-07-04,Tienda,Alemania,EUR
PowerBank 20k,Video,MegaStore,4,1105.99,38.56,232.26,2024-07-03,Tienda,Francia,EUR
Cámara HD,Video,GlobalTech,1,1196.55,72.9,251.28,2024-02-15,Distribuidor,España,EUR
Barra de Sonido,Video,ElectroMax,2,954.82,58.19,200.51,2024-09-02,Online,Portugal,EUR
SSD 1TB,Accesorios,TechCorp,3,752.7,67.7,158.07,2024-07-03,Distribuidor,Portugal,EUR
Refrigerador Mini,Video,LogiTech,3,1280.52,158.46,268.91,2024-02-06,Online,Portugal,EUR
Colchoneta Yoga,Deportes,MegaStore,5,502.24,45.49,105.47,2024-01-13,Distribuidor,Alemania,EUR
Impresora Laser,Deportes,ProGear,4,597.85,68.6,125.55,2024-04-04,Online,España,EUR
TV 65,Accesorios,MegaStore,4,335.95,47.42,70.55,2024-08-09,Online,Francia,EUR
Lámpara LED,Deportes,ProGear,4,1089.98,5.44,228.9,2024-10-28,Distribuidor,Alemania,EUR
Microfono Pro,Accesorios,LogiTech,3,1241.66,77.61,260.75,2024-08-01,Tienda,Italia,EUR
Set Mancuernas,Video,LogiTech,5,1393.65,32.23,292.67,2024-01-20,Online,Portugal,EUR
Mochila Travel,Deportes,SportWorld,5,341.22,15.85,71.66,2024-06-25,Tienda,Italia,EUR
PowerBank 20k,Hogar,SportWorld,3,224.41,32.74,47.13,2024-06-19,Distribuidor,España,EUR
Silla Gamer,Hogar,HomePlus,4,137.47,4.59,28.87,2024-09-13,Distribuidor,Francia,EUR
Teclado Mecánico,Audio,ProGear,4,1781.94,30.16,374.21,2024-01-22,Distribuidor,Francia,EUR
Casco Bicicleta,Oficina,SportWorld,1,368.72,35.3,77.43,2024-10-31,Online,España,EUR
Smartphone Mini,Electrónica,ProGear,4,594.24,82.91,124.79,2024-06-07,Tienda,España,EUR
Mochila Travel,Hogar,ProGear,3,1255.08,62.86,263.57,2024-09-19,Distribuidor,Francia,EUR
Tostadora,Deportes,GlobalTech,3,538.92,64.76,113.17,2024-08-21,Online,Alemania,EUR
Chaqueta Invierno,Video,HomePlus,5,284.76,10.63,59.8,2024-04-15,Tienda,Alemania,EUR
TV 55,Deportes,SportWorld,5,280.82,34.11,58.97,2024-05-18,Tienda,Portugal,EUR
Zapatillas Running,Video,GlobalTech,4,637.03,56.36,133.78,2024-11-09,Distribuidor,Italia,EUR
Monitor 32,Hogar,HomePlus,2,1009.56,97.76,212.01,2024-09-06,Online,Portugal,EUR
Barra de Sonido,Deportes,ProGear,2,655.25,68.26,137.6,2024-10-04,Online,Alemania,EUR
Pelota Fitness,Moda,TechCorp,4,315.31,37.37,66.22,2024-03-21,Tienda,Alemania,EUR
Aspiradora Robot,Accesorios,ProGear,2,1999.3,289.08,419.85,2024-12-15,Tienda,Italia,EUR
Auriculares Bluetooth,Hogar,HomePlus,4,306.83,41.24,64.43,2024-09-22,Online,Alemania,EUR
Impresora Laser,Audio,GlobalTech,5,905.28,126.71,190.11,2024-06-10,Distribuidor,Portugal,EUR
Gafas Sol,Oficina,Distribuciones Europa,4,1467.19,21.11,308.11,2024-11-08,Online,Francia,EUR
Proyector HD,Oficina,ElectroMax,3,522.23,74.61,109.67,2024-12-10,Distribuidor,Portugal,EUR
Tablet Plus,Hogar,TechCorp,2,1050.65,150.4,220.64,2024-06-27,Tienda,España,EUR
Mouse Gamer,Video,GlobalTech,1,915.99,75.82,192.36,2024-05-03,Distribuidor,Francia,EUR
Aspiradora Robot,Audio,FashionCorp,5,765.51,19.42,160.76,2024-11-19,Online,Italia,EUR
Cargador USB-C,Moda,SportWorld,4,274.98,29.99,57.75,2024-10-17,Tienda,Portugal,EUR
Drone Mini,Deportes,Distribuciones Europa,4,803.44,74.45,168.72,2024-08-07,Tienda,España,EUR
Refrigerador Mini,Audio,SportWorld,5,79.89,3.13,16.78,2024-05-24,Online,Portugal,EUR
Plancha Vapor,Accesorios,TechCorp,5,2072.32,104.94,435.19,2024-11-08,Distribuidor,Alemania,EUR
Zapatillas Running,Moda,FashionCorp,3,1110.97,149.98,233.3,2024-02-23,Tienda,Portugal,EUR
Cafetera Automática,Oficina,MegaStore,1,1474.07,88.06,309.55,2024-01-22,Distribuidor,Portugal,EUR
Cafetera Automática,Oficina,FashionCorp,4,329.54,31.34,69.2,2024-05-31,Tienda,Italia,EUR
Cafetera Automática,Moda,MegaStore,5,583.27,76.16,122.49,2024-09-16,Tienda,España,EUR
Monitor 32,Accesorios,HomePlus,2,1162.43,2.95,244.11,2024-03-06,Tienda,España,EUR
Microfono Pro,Hogar,GlobalTech,5,353.01,40.11,74.13,2024-08-24,Tienda,Portugal,EUR
Microfono Pro,Oficina,HomePlus,2,1187.69,127.38,249.41,2024-02-19,Distribuidor,España,EUR
Pelota Fitness,Electrónica,SportWorld,2,1387.2,156.29,291.31,2024-04-14,Tienda,Portugal,EUR
Colchoneta Yoga,Accesorios,GlobalTech,1,1439.79,19.01,302.36,2024-12-06,Online,Francia,EUR
Tablet Plus,Video,GlobalTech,3,966.34,11.23,202.93,2024-05-24,Online,Italia,EUR
Plancha Vapor,Video,Distribuciones Europa,1,249.39,14.9,52.37,2024-06-17,Tienda,Portugal,EUR
Smartphone Mini,Accesorios,HomePlus,5,1592.17,227.23,334.36,2024-04-01,Distribuidor,Italia,EUR
Memoria RAM 16GB,Moda,TechCorp,1,26.6,2.52,5.59,2024-12-29,Tienda,Italia,EUR
Cámara HD,Deportes,MegaStore,3,374.06,50.01,78.55,2024-10-08,Online,Alemania,EUR
Casco Bicicleta,Moda,LogiTech,4,751.8,61.53,157.88,2024-09-26,Tienda,Alemania,EUR
Casco Bicicleta,Accesorios,SportWorld,1,1064.76,44.63,223.6,2024-11-28,Tienda,Italia,EUR
Reloj Deportivo,Accesorios,SportWorld,4,1691.78,223.75,355.27,2024-01-08,Online,España,EUR
Lámpara LED,Moda,FashionCorp,1,684.04,72.86,143.65,2024-12-29,Distribuidor,Italia,EUR
Silla Gamer,Video,ElectroMax,1,731.81,71.96,153.68,2024-07-03,Distribuidor,Alemania,EUR
Lámpara LED,Audio,Distribuciones Europa,5,1867.89,128.16,392.26,2024-11-08,Online,Portugal,EUR
PowerBank 20k,Hogar,LogiTech,3,1008.23,95.84,211.73,2024-07-13,Tienda,Italia,EUR
Plancha Vapor,Audio,ElectroMax,5,22.59,1.52,4.74,2024-05-30,Online,Portugal,EUR
SSD 1TB,Hogar,SportWorld,4,1249.99,187.25,262.5,2024-05-13,Tienda,Francia,EUR
Cafetera Automática,Hogar,GlobalTech,3,1268.98,48.48,266.49,2024-06-04,Tienda,Portugal,EUR
Zapatillas Running,Deportes,ProGear,5,1360.96,114.11,285.8,2024-09-18,Distribuidor,Alemania,EUR
PowerBank 20k,Deportes,LogiTech,3,104.21,5.68,21.88,2024-03-05,Distribuidor,Francia,EUR
Router WiFi,Accesorios,FashionCorp,5,1229.17,148.27,258.13,2024-02-20,Online,Portugal,EUR
PowerBank 20k,Moda,Distribuciones Europa,1,86.66,4.02,18.2,2024-02-03,Tienda,Francia,EUR
Cargador USB-C,Moda,GlobalTech,3,1204.48,120.1,252.94,2024-04-30,Distribuidor,Alemania,EUR
Cargador USB-C,Audio,FashionCorp,1,157.42,6.89,33.06,2024-03-28,Tienda,Italia,EUR
SSD 1TB,Audio,SportWorld,5,310.11,27.41,65.12,2024-02-14,Online,Alemania,EUR
Monitor 32,Deportes,LogiTech,4,539.41,47.6,113.28,2024-03-02,Online,Francia,EUR
Microfono Pro,Deportes,ElectroMax,1,154.96,2.38,32.54,2024-06-01,Distribuidor,Portugal,EUR
Monitor 32,Oficina,MegaStore,4,1236.53,133.45,259.67,2024-08-31,Distribuidor,Francia,EUR
Microfono Pro,Hogar,FashionCorp,1,948.95,9.75,199.28,2024-04-06,Distribuidor,Alemania,EUR
Teclado Mecánico,Accesorios,ElectroMax,1,610.07,54.62,128.11,2024-03-12,Online,Alemania,EUR
Monitor 32,Audio,MegaStore,2,1327.37,29.5,278.75,2024-02-15,Tienda,Italia,EUR
PowerBank 20k,Audio,SportWorld,2,1398.93,38.62,293.78,2024-03-13,Distribuidor,Francia,EUR
Cargador USB-C,Accesorios,MegaStore,4,1464.72,145.87,307.59,2024-12-26,Tienda,Francia,EUR
Pelota Fitness,Video,TechCorp,4,75.05,5.19,15.76,2024-05-27,Distribuidor,Francia,EUR
Batidora Pro,Electrónica,SportWorld,2,580.61,5.5,121.93,2024-09-22,Distribuidor,Alemania,EUR
Aspiradora Robot,Video,ProGear,3,1310.84,164.53,275.28,2024-01-21,Distribuidor,Italia,EUR
Tostadora,Moda,HomePlus,5,82.77,8.62,17.38,2024-01-31,Online,Alemania,EUR
Mochila Travel,Oficina,HomePlus,2,328.28,39.84,68.94,2024-01-15,Tienda,Italia,EUR
TV 65,Electrónica,SportWorld,3,1221.82,47.3,256.58,2024-09-12,Tienda,Francia,EUR
Monitor 32,Oficina,MegaStore,2,238.13,32.38,50.01,2024-10-02,Tienda,España,EUR
Plancha Vapor,Oficina,SportWorld,1,12.73,1.55,2.67,2024-06-24,Online,España,EUR
Teclado Mecánico,Deportes,FashionCorp,4,1353.56,85.45,284.25,2024-01-25,Tienda,Portugal,EUR
Laptop Pro,Moda,TechCorp,3,523.45,42.87,109.92,2024-02-08,Distribuidor,Italia,EUR
Monitor 32,Electrónica,ProGear,4,29.15,1.04,6.12,2024-02-22,Tienda,Italia,EUR
SSD 1TB,Oficina,HomePlus,4,1399.89,151.34,293.98,2024-10-28,Tienda,Alemania,EUR
Altavoz Bluetooth,Audio,LogiTech,3,29.96,3.25,6.29,2024-05-13,Tienda,España,EUR
Escritorio Oficina,Accesorios,ElectroMax,2,684.25,64.96,143.69,2024-04-12,Distribuidor,Francia,EUR
Chaqueta Invierno,Hogar,SportWorld,5,1330.39,43.24,279.38,2024-02-11,Tienda,Italia,EUR
Teclado Mecánico,Audio,FashionCorp,5,269.33,38.51,56.56,2024-10-13,Online,Francia,EUR
Casco Bicicleta,Moda,TechCorp,2,1363.99,86.29,286.44,2024-09-08,Tienda,Portugal,EUR
Refrigerador Mini,Accesorios,ElectroMax,1,1137.26,109.78,238.82,2024-06-13,Online,Francia,EUR
Proyector HD,Audio,Distribuciones Europa,3,1984.73,71.36,416.79,2024-11-02,Tienda,Francia,EUR
Casco Bicicleta,Electrónica,FashionCorp,5,629.58,38.48,132.21,2024-07-31,Distribuidor,España,EUR
Casco Bicicleta,Accesorios,ProGear,5,82.12,11.96,17.25,2024-03-25,Distribuidor,España,EUR
Gafas Sol,Oficina,LogiTech,1,1902.4,22.6,399.5,2024-11-17,Distribuidor,Alemania,EUR
Barra de Sonido,Accesorios,GlobalTech,4,349.88,24.38,73.47,2024-03-07,Distribuidor,España,EUR
Batidora Pro,Deportes,GlobalTech,1,36.44,1.97,7.65,2024-01-06,Distribuidor,Italia,EUR
Set Mancuernas,Electrónica,Distribuciones Europa,1,78.3,9.57,16.44,2024-09-26,Distribuidor,Francia,EUR
Webcam FullHD,Hogar,Distribuciones Europa,3,961.62,126.91,201.94,2024-01-17,Tienda,Francia,EUR
Monitor 27,Video,FashionCorp,3,228.92,7.26,48.07,2024-10-16,Tienda,Portugal,EUR
Lámpara LED,Video,HomePlus,1,270.4,33.0,56.78,2024-06-05,Tienda,Italia,EUR
PowerBank 20k,Moda,ProGear,4,157.84,7.14,33.15,2024-09-26,Distribuidor,Francia,EUR
Cámara HD,Audio,HomePlus,5,556.06,7.72,116.77,2024-03-31,Tienda,Portugal,EUR
Auriculares Bluetooth,Deportes,LogiTech,4,1202.68,124.44,252.56,2024-07-28,Distribuidor,Francia,EUR
PowerBank 20k,Electrónica,Distribuciones Europa,2,449.8,4.63,94.46,2024-06-26,Distribuidor,Portugal,EUR
Laptop Pro,Video,SportWorld,3,1323.65,135.33,277.97,2024-04-30,Tienda,España,EUR
Microfono Pro,Video,ProGear,3,471.72,42.49,99.06,2024-04-19,Distribuidor,España,EUR
Smartphone X,Electrónica,HomePlus,3,1142.22,155.31,239.87,2024-03-31,Distribuidor,Italia,EUR
Barra de Sonido,Audio,TechCorp,1,1380.64,197.72,289.93,2024-12-17,Distribuidor,España,EUR
Monitor 32,Audio,ProGear,4,463.16,32.99,97.26,2024-07-20,Tienda,Italia,EUR
Plancha Vapor,Video,Distribuciones Europa,3,289.93,0.67,60.89,2024-07-18,Online,Portugal,EUR
Microfono Pro,Accesorios,SportWorld,3,275.68,23.92,57.89,2024-07-03,Online,Italia,EUR
Barra de Sonido,Moda,GlobalTech,2,381.16,31.24,80.04,2024-12-01,Tienda,España,EUR
Lámpara LED,Moda,GlobalTech,2,90.78,3.49,19.06,2024-08-06,Online,Portugal,EUR
Drone Mini,Deportes,HomePlus,3,2003.23,223.94,420.68,2024-12-03,Online,España,EUR
Drone Mini,Audio,GlobalTech,1,918.11,90.31,192.8,2024-07-09,Tienda,Alemania,EUR
Mochila Travel,Oficina,LogiTech,2,549.02,79.05,115.29,2024-02-26,Distribuidor,Francia,EUR
Tablet Plus,Oficina,ProGear,2,1122.96,151.62,235.82,2024-05-05,Distribuidor,España,EUR
TV 55,Audio,ProGear,2,582.19,36.21,122.26,2024-08-11,Distribuidor,Italia,EUR
Microfono Pro,Electrónica,HomePlus,3,2058.07,45.36,432.19,2024-12-25,Tienda,España,EUR
Cámara HD,Oficina,ElectroMax,1,1354.24,117.66,284.39,2024-03-24,Tienda,Francia,EUR
TV 55,Audio,MegaStore,5,378.65,46.35,79.52,2024-02-07,Tienda,Alemania,EUR
Smartphone X,Oficina,LogiTech,2,503.23,56.18,105.68,2024-04-23,Tienda,Portugal,EUR
Laptop Pro,Oficina,ProGear,4,120.53,7.51,25.31,2024-09-27,Distribuidor,Francia,EUR
Cámara HD,Electrónica,FashionCorp,5,1267.7,65.14,266.22,2024-08-30,Online,Italia,EUR
Zapatillas Running,Electrónica,FashionCorp,4,293.62,20.24,61.66,2024-09-04,Distribuidor,Francia,EUR
Cafetera Automática,Accesorios,FashionCorp,4,1116.49,142.09,234.46,2024-05-07,Tienda,Italia,EUR
Teclado Mecánico,Audio,Distribuciones Europa,4,641.1,78.71,134.63,2024-04-26,Distribuidor,Italia,EUR
Chaqueta Invierno,Deportes,LogiTech,5,1006.35,102.1,211.33,2024-09-04,Online,Francia,EUR
Laptop Air,Oficina,LogiTech,2,1044.06,78.22,219.25,2024-07-31,Tienda,Italia,EUR
Smartwatch,Audio,HomePlus,3,795.0,24.6,166.95,2024-06-11,Distribuidor,Portugal,EUR
Gafas Sol,Hogar,TechCorp,1,1298.08,186.75,272.6,2024-05-30,Tienda,Portugal,EUR
Chaqueta Invierno,Electrónica,LogiTech,5,941.7,99.23,197.76,2024-06-12,Online,Alemania,EUR
Auriculares Bluetooth,Audio,SportWorld,3,1392.51,129.05,292.43,2024-12-04,Online,España,EUR
Colchoneta Yoga,Electrónica,Distribuciones Europa,2,1150.24,144.95,241.55,2024-09-24,Distribuidor,Alemania,EUR
Cargador USB-C,Oficina,FashionCorp,1,52.8,5.48,11.09,2024-04-22,Tienda,España,EUR
Tablet Plus,Audio,SportWorld,3,723.87,39.44,152.01,2024-09-06,Distribuidor,Portugal,EUR
Gafas Sol,Accesorios,HomePlus,3,924.21,133.92,194.08,2024-06-08,Distribuidor,España,EUR
Smartphone X,Hogar,LogiTech,5,23.19,1.14,4.87,2024-06-16,Distribuidor,Francia,EUR
Altavoz Bluetooth,Audio,LogiTech,3,411.98,24.88,86.52,2024-05-03,Online,Alemania,EUR
Colchoneta Yoga,Moda,LogiTech,3,736.71,91.99,154.71,2024-02-15,Distribuidor,Alemania,EUR
Monitor 27,Electrónica,ElectroMax,4,433.41,18.61,91.02,2024-11-02,Online,Francia,EUR
Pelota Fitness,Electrónica,TechCorp,4,292.96,3.87,61.52,2024-09-27,Tienda,España,EUR
Proyector HD,Electrónica,GlobalTech,4,1035.25,26.43,217.4,2024-06-14,Online,Portugal,EUR
Smartphone Mini,Audio,ElectroMax,5,648.07,89.95,136.09,2024-05-13,Tienda,Portugal,EUR
Monitor 27,Audio,Distribuciones Europa,5,842.31,72.81,176.89,2024-03-04,Tienda,Italia,EUR
Pelota Fitness,Video,ElectroMax,1,1457.72,63.31,306.12,2024-02-24,Tienda,Italia,EUR
Ventilador Turbo,Oficina,TechCorp,4,804.84,37.87,169.02,2024-04-18,Online,Alemania,EUR
Drone Mini,Deportes,ProGear,4,1468.06,80.32,308.29,2024-09-28,Tienda,Portugal,EUR
Tostadora,Deportes,SportWorld,1,32.34,2.72,6.79,2024-03-13,Tienda,Alemania,EUR
Pelota Fitness,Accesorios,GlobalTech,5,1265.49,91.43,265.75,2024-10-08,Distribuidor,Portugal,EUR
Pelota Fitness,Accesorios,GlobalTech,5,936.79,16.58,196.73,2024-07-01,Distribuidor,Portugal,EUR
Pelota Fitness,Oficina,LogiTech,5,1061.61,123.43,222.94,2024-05-16,Online,Alemania,EUR
Ventilador Turbo,Hogar,LogiTech,4,1688.05,195.37,354.49,2024-01-23,Distribuidor,España,EUR
PowerBank 20k,Audio,ElectroMax,1,1345.18,67.71,282.49,2024-02-29,Distribuidor,Francia,EUR
Microfono Pro,Hogar,ProGear,2,711.45,23.5,149.4,2024-12-06,Tienda,Alemania,EUR
Cafetera Automática,Video,ProGear,4,821.61,79.71,172.54,2024-04-12,Tienda,Alemania,EUR
Batidora Pro,Electrónica,ElectroMax,3,913.55,21.31,191.85,2024-09-03,Distribuidor,España,EUR
Altavoz Bluetooth,Accesorios,LogiTech,4,698.37,50.39,146.66,2024-01-04,Tienda,Alemania,EUR
Tablet Plus,Hogar,TechCorp,2,1092.2,30.56,229.36,2024-05-02,Online,Francia,EUR
Smartphone Mini,Accesorios,HomePlus,3,663.93,14.14,139.43,2024-06-11,Distribuidor,Portugal,EUR
Router WiFi,Oficina,FashionCorp,2,734.04,61.75,154.15,2024-04-28,Tienda,Alemania,EUR
SSD 1TB,Deportes,GlobalTech,2,106.39,5.21,22.34,2024-09-23,Online,Francia,EUR
Zapatillas Running,Deportes,FashionCorp,1,792.71,1.06,166.47,2024-05-02,Distribuidor,Portugal,EUR
Chaqueta Invierno,Hogar,GlobalTech,1,1216.59,163.76,255.48,2024-05-07,Tienda,España,EUR
Silla Gamer,Hogar,FashionCorp,1,30.79,0.17,6.47,2024-08-20,Online,España,EUR
Mochila Travel,Electrónica,ProGear,1,510.38,44.28,107.18,2024-12-16,Tienda,Francia,EUR
Microfono Pro,Oficina,SportWorld,2,366.74,52.07,77.02,2024-08-31,Online,Francia,EUR
Aspiradora Robot,Oficina,SportWorld,3,1021.98,140.7,214.62,2024-03-01,Distribuidor,Portugal,EUR
PowerBank 20k,Hogar,ElectroMax,1,1450.06,45.43,304.51,2024-01-23,Tienda,Portugal,EUR
Reloj Deportivo,Deportes,SportWorld,5,819.15,71.76,172.02,2024-12-09,Tienda,Alemania,EUR
Proyector HD,Hogar,ElectroMax,1,1746.45,244.06,366.75,2024-11-14,Distribuidor,Italia,EUR
PowerBank 20k,Moda,FashionCorp,2,207.29,11.02,43.53,2024-05-22,Distribuidor,Alemania,EUR
Refrigerador Mini,Oficina,MegaStore,4,1260.66,105.0,264.74,2024-10-04,Online,Alemania,EUR
Altavoz Bluetooth,Deportes,GlobalTech,3,74.37,4.26,15.62,2024-05-02,Tienda,Alemania,EUR
Pantalón Trekking,Moda,TechCorp,3,1002.77,147.3,210.58,2024-10-02,Tienda,Italia,EUR
Cámara HD,Accesorios,HomePlus,3,1627.66,235.23,341.81,2024-01-06,Tienda,Francia,EUR
Plancha Vapor,Oficina,SportWorld,5,1476.73,171.57,310.11,2024-10-08,Tienda,Francia,EUR
Zapatillas Running,Video,Distribuciones Europa,4,830.32,81.33,174.37,2024-04-28,Distribuidor,Portugal,EUR
Proyector HD,Audio,LogiTech,2,503.97,52.95,105.83,2024-04-16,Distribuidor,España,EUR
Lámpara LED,Moda,SportWorld,1,972.33,50.57,204.19,2024-08-01,Distribuidor,Alemania,EUR
Monitor 32,Deportes,SportWorld,5,854.0,16.35,179.34,2024-12-26,Online,Portugal,EUR
Monitor 27,Moda,ElectroMax,4,108.62,12.39,22.81,2024-02-28,Distribuidor,Alemania,EUR
Drone Mini,Accesorios,ProGear,1,816.09,70.57,171.38,2024-08-23,Distribuidor,Francia,EUR
Zapatillas Running,Oficina,TechCorp,2,146.39,12.77,30.74,2024-01-08,Online,Francia,EUR
Microfono Pro,Moda,ProGear,1,1009.03,78.46,211.9,2024-04-01,Tienda,Francia,EUR
Cafetera Automática,Moda,GlobalTech,3,73.28,9.15,15.39,2024-03-15,Distribuidor,Portugal,EUR
Plancha Vapor,Deportes,LogiTech,2,1519.57,222.76,319.11,2024-04-22,Distribuidor,Portugal,EUR
Smartphone X,Electrónica,Distribuciones Europa,1,1331.84,83.56,279.69,2024-09-27,Distribuidor,España,EUR
Cámara HD,Video,SportWorld,3,838.28,100.38,176.04,2024-06-04,Tienda,Portugal,EUR
Guantes Gym,Accesorios,FashionCorp,1,322.15,30.6,67.65,2024-07-18,Distribuidor,Francia,EUR
Teclado Mecánico,Deportes,MegaStore,5,890.16,45.07,186.93,2024-08-12,Distribuidor,Francia,EUR
Laptop Air,Deportes,GlobalTech,1,1629.07,137.25,342.1,2024-01-01,Online,Alemania,EUR
Webcam FullHD,Accesorios,LogiTech,4,619.27,67.08,130.05,2024-09-05,Tienda,Francia,EUR
Impresora Laser,Oficina,SportWorld,5,601.9,74.0,126.4,2024-08-11,Online,Italia,EUR
Smartphone Mini,Hogar,ElectroMax,4,553.36,50.28,116.21,2024-04-24,Tienda,España,EUR
Tostadora,Electrónica,MegaStore,1,604.72,51.22,126.99,2024-07-20,Tienda,Alemania,EUR
Altavoz Bluetooth,Accesorios,SportWorld,4,1542.23,91.38,323.87,2024-11-14,Distribuidor,Italia,EUR
Webcam FullHD,Audio,GlobalTech,1,532.55,74.46,111.84,2024-05-05,Tienda,Francia,EUR
Mouse Gamer,Moda,FashionCorp,1,209.55,30.69,44.01,2024-03-19,Online,Alemania,EUR
Cámara HD,Video,LogiTech,5,550.9,3.57,115.69,2024-07-27,Online,España,EUR
Lámpara LED,Oficina,ElectroMax,5,1304.21,188.6,273.88,2024-05-11,Tienda,Portugal,EUR
Colchoneta Yoga,Video,ProGear,4,561.05,14.57,117.82,2024-06-25,Distribuidor,Alemania,EUR
SSD 1TB,Deportes,HomePlus,4,921.78,22.58,193.57,2024-09-12,Distribuidor,Francia,EUR
Zapatillas Running,Hogar,ElectroMax,1,102.04,7.15,21.43,2024-09-28,Online,Portugal,EUR
Tostadora,Audio,ProGear,2,452.04,45.18,94.93,2024-01-13,Tienda,Francia,EUR
Microfono Pro,Audio,FashionCorp,3,1217.48,152.44,255.67,2024-02-08,Distribuidor,Francia,EUR
TV 65,Oficina,TechCorp,2,1010.11,47.09,212.12,2024-05-18,Tienda,Francia,EUR
Escritorio Oficina,Oficina,ProGear,3,733.31,85.99,154.0,2024-09-25,Tienda,Alemania,EUR
Monitor 32,Audio,ProGear,4,914.1,14.24,191.96,2024-12-19,Tienda,Alemania,EUR
Altavoz Bluetooth,Deportes,ElectroMax,3,245.58,5.72,51.57,2024-06-24,Distribuidor,Portugal,EUR
TV 65,Deportes,ProGear,2,1899.21,250.36,398.83,2024-01-21,Online,Italia,EUR
Escritorio Oficina,Hogar,ProGear,5,2202.21,254.29,462.46,2024-11-10,Distribuidor,Italia,EUR
Smartwatch,Oficina,Distribuciones Europa,3,654.86,75.14,137.52,2024-11-14,Tienda,Francia,EUR
Smartwatch,Audio,HomePlus,1,439.11,16.21,92.21,2024-11-24,Tienda,España,EUR
Gafas Sol,Oficina,MegaStore,3,511.11,20.88,107.33,2024-12-09,Distribuidor,Italia,EUR
Altavoz Bluetooth,Oficina,Distribuciones Europa,4,646.8,27.55,135.83,2024-07-24,Distribuidor,Alemania,EUR
Router WiFi,Moda,HomePlus,4,803.56,68.28,168.75,2024-06-19,Distribuidor,Portugal,EUR
TV 65,Video,ElectroMax,1,572.74,4.49,120.28,2024-02-26,Distribuidor,España,EUR
Cámara HD,Audio,GlobalTech,2,146.42,8.59,30.75,2024-01-03,Tienda,Italia,EUR
PowerBank 20k,Audio,ElectroMax,4,618.0,39.78,129.78,2024-05-27,Tienda,Portugal,EUR
Proyector HD,Audio,Distribuciones Europa,4,330.09,18.41,69.32,2024-03-19,Distribuidor,Alemania,EUR
Batidora Pro,Deportes,FashionCorp,5,1044.86,143.38,219.42,2024-04-05,Tienda,Alemania,EUR
Webcam FullHD,Video,ElectroMax,4,1102.3,31.18,231.48,2024-04-26,Tienda,Portugal,EUR
Pelota Fitness,Hogar,ProGear,1,545.4,19.15,114.53,2024-05-28,Online,Italia,EUR
Zapatillas Running,Moda,Distribuciones Europa,1,1383.47,180.28,290.53,2024-01-04,Distribuidor,Portugal,EUR
Tablet Plus,Audio,GlobalTech,4,428.99,6.51,90.09,2024-08-10,Distribuidor,Portugal,EUR
TV 65,Video,SportWorld,4,982.2,130.63,206.26,2024-08-14,Online,Portugal,EUR
Auriculares Bluetooth,Hogar,TechCorp,4,2206.8,225.46,463.43,2024-11-20,Online,Portugal,EUR
Mochila Travel,Audio,TechCorp,3,1070.86,3.38,224.88,2024-05-09,Online,Alemania,EUR
Plancha Vapor,Accesorios,TechCorp,3,188.56,18.22,39.6,2024-06-19,Tienda,Portugal,EUR
Pantalón Trekking,Moda,ProGear,1,1942.07,43.02,407.83,2024-01-28,Distribuidor,Italia,EUR
Laptop Air,Oficina,GlobalTech,4,707.0,82.92,148.47,2024-10-17,Distribuidor,Italia,EUR
Ventilador Turbo,Electrónica,LogiTech,5,1294.06,89.68,271.75,2024-01-31,Online,Francia,EUR
Escritorio Oficina,Audio,SportWorld,2,1448.74,190.24,304.24,2024-03-28,Tienda,Italia,EUR
Casco Bicicleta,Accesorios,TechCorp,1,729.25,94.84,153.14,2024-06-26,Tienda,España,EUR
Reloj Deportivo,Moda,HomePlus,4,27.83,1.83,5.84,2024-05-08,Tienda,Portugal,EUR
Escritorio Oficina,Electrónica,SportWorld,4,10.28,0.01,2.16,2024-02-13,Online,Portugal,EUR
Ventilador Turbo,Hogar,TechCorp,5,1684.62,94.97,353.77,2024-12-09,Tienda,Italia,EUR
Silla Gamer,Electrónica,ElectroMax,4,97.9,10.32,20.56,2024-03-25,Online,España,EUR
Mouse Gamer,Deportes,SportWorld,4,912.18,83.76,191.56,2024-03-04,Online,Francia,EUR
Impresora Laser,Accesorios,ProGear,5,1506.19,145.39,316.3,2024-04-23,Distribuidor,Alemania,EUR
Set Mancuernas,Audio,Distribuciones Europa,2,79.5,9.03,16.7,2024-01-02,Distribuidor,Italia,EUR
TV 65,Hogar,MegaStore,1,1273.44,85.48,267.42,2024-10-11,Online,Italia,EUR
Monitor 27,Deportes,FashionCorp,1,1150.89,120.17,241.69,2024-01-06,Online,Portugal,EUR
Plancha Vapor,Deportes,HomePlus,5,1195.45,40.52,251.04,2024-07-18,Distribuidor,Francia,EUR
Mouse Gamer,Deportes,FashionCorp,5,1123.5,90.34,235.94,2024-11-04,Online,España,EUR
Laptop Air,Oficina,GlobalTech,3,1170.33,1.33,245.77,2024-02-03,Online,Francia,EUR
Zapatillas Running,Electrónica,GlobalTech,3,22.93,0.4,4.82,2024-06-15,Distribuidor,España,EUR
Monitor 27,Deportes,GlobalTech,5,892.81,75.12,187.49,2024-07-15,Distribuidor,Portugal,EUR
Smartphone Mini,Deportes,FashionCorp,4,1026.89,42.5,215.65,2024-07-18,Distribuidor,España,EUR
Cargador USB-C,Audio,LogiTech,3,79.61,6.24,16.72,2024-07-05,Tienda,España,EUR
Drone Mini,Electrónica,GlobalTech,4,735.57,15.02,154.47,2024-07-26,Tienda,Portugal,EUR
Laptop Pro,Accesorios,HomePlus,2,1601.57,13.0,336.33,2024-11-10,Online,España,EUR
Pantalón Trekking,Video,TechCorp,5,157.81,11.07,33.14,2024-07-23,Online,Italia,EUR
Escritorio Oficina,Audio,TechCorp,4,1066.67,126.87,224.0,2024-05-11,Distribuidor,España,EUR
Reloj Deportivo,Oficina,GlobalTech,2,1223.82,91.55,257.0,2024-05-30,Tienda,Alemania,EUR
Aspiradora Robot,Hogar,HomePlus,2,760.79,10.72,159.77,2024-02-10,Distribuidor,Francia,EUR
Barra de Sonido,Moda,GlobalTech,3,469.2,22.94,98.53,2024-07-02,Tienda,Portugal,EUR
Auriculares Bluetooth,Oficina,FashionCorp,3,814.16,9.07,170.97,2024-01-24,Online,Francia,EUR
Memoria RAM 16GB,Electrónica,LogiTech,4,66.64,5.67,13.99,2024-11-28,Tienda,España,EUR
Cargador USB-C,Audio,TechCorp,1,1640.45,26.39,344.49,2024-12-30,Tienda,Portugal,EUR
Barra de Sonido,Electrónica,ElectroMax,3,343.86,19.91,72.21,2024-09-09,Distribuidor,España,EUR
Lámpara LED,Audio,LogiTech,5,911.81,106.88,191.48,2024-09-24,Tienda,España,EUR
HDD 2TB,Audio,LogiTech,1,635.31,41.26,133.42,2024-08-07,Distribuidor,Portugal,EUR
Silla Gamer,Audio,TechCorp,5,1233.41,170.27,259.02,2024-04-27,Distribuidor,Italia,EUR
Drone Mini,Video,ElectroMax,1,382.28,40.36,80.28,2024-04-07,Tienda,Alemania,EUR
Guantes Gym,Video,LogiTech,4,1249.91,97.87,262.48,2024-12-05,Tienda,Francia,EUR
Monitor 32,Hogar,GlobalTech,4,327.68,21.27,68.81,2024-08-04,Tienda,Alemania,EUR
Casco Bicicleta,Deportes,ElectroMax,3,559.19,32.59,117.43,2024-01-13,Distribuidor,Portugal,EUR
Pelota Fitness,Moda,TechCorp,2,595.57,30.22,125.07,2024-02-29,Online,Alemania,EUR
Cafetera Automática,Hogar,TechCorp,1,1153.49,105.2,242.23,2024-10-11,Tienda,España,EUR
Tablet Plus,Deportes,GlobalTech,1,1373.28,118.53,288.39,2024-02-01,Distribuidor,Portugal,EUR
Reloj Deportivo,Audio,ElectroMax,3,1223.4,93.12,256.91,2024-06-10,Distribuidor,España,EUR
Chaqueta Invierno,Audio,MegaStore,3,459.68,62.84,96.53,2024-07-07,Online,Italia,EUR
Smartphone X,Electrónica,ElectroMax,2,1205.44,79.56,253.14,2024-07-09,Distribuidor,Italia,EUR
Silla Gamer,Oficina,MegaStore,2,1280.11,168.76,268.82,2024-04-02,Online,Alemania,EUR
Pantalón Trekking,Accesorios,GlobalTech,1,59.84,0.18,12.57,2024-04-23,Tienda,España,EUR
Tostadora,Deportes,Distribuciones Europa,4,27.49,0.19,5.77,2024-05-18,Tienda,Alemania,EUR
Smartwatch,Hogar,MegaStore,4,1439.43,73.48,302.28,2024-02-08,Online,España,EUR
Zapatillas Running,Audio,Distribuciones Europa,5,1116.3,154.72,234.42,2024-03-01,Tienda,Italia,EUR
Colchoneta Yoga,Electrónica,HomePlus,4,706.31,19.65,148.33,2024-02-11,Tienda,España,EUR
Silla Gamer,Deportes,Distribuciones Europa,2,754.33,67.35,158.41,2024-08-01,Distribuidor,España,EUR
Proyector HD,Hogar,HomePlus,2,528.45,30.81,110.97,2024-06-06,Tienda,Alemania,EUR
Laptop Air,Accesorios,FashionCorp,3,1249.58,51.71,262.41,2024-08-25,Online,Portugal,EUR
Guantes Gym,Audio,SportWorld,1,430.59,42.55,90.42,2024-08-22,Online,Portugal,EUR
PowerBank 20k,Audio,HomePlus,2,170.81,13.21,35.87,2024-01-19,Distribuidor,Francia,EUR
Teclado Mecánico,Moda,TechCorp,1,816.5,30.06,171.47,2024-04-05,Online,Italia,EUR
Pantalón Trekking,Moda,Distribuciones Europa,1,1060.29,99.82,222.66,2024-03-31,Distribuidor,Italia,EUR
Chaqueta Invierno,Deportes,HomePlus,2,955.55,127.39,200.67,2024-06-28,Online,Portugal,EUR
Ventilador Turbo,Accesorios,ProGear,3,1232.55,70.23,258.84,2024-08-27,Distribuidor,Italia,EUR
Laptop Air,Audio,Distribuciones Europa,5,108.54,2.35,22.79,2024-09-26,Distribuidor,Italia,EUR
SSD 1TB,Deportes,GlobalTech,2,659.46,25.88,138.49,2024-01-09,Online,Alemania,EUR
TV 65,Video,ProGear,3,391.35,20.79,82.18,2024-03-27,Tienda,España,EUR
TV 65,Video,ElectroMax,1,394.07,19.89,82.75,2024-08-26,Online,Alemania,EUR
SSD 1TB,Electrónica,TechCorp,1,1237.85,44.86,259.95,2024-08-25,Tienda,Alemania,EUR
Altavoz Bluetooth,Oficina,FashionCorp,5,903.63,24.18,189.76,2024-08-05,Distribuidor,Italia,EUR
Router WiFi,Hogar,SportWorld,4,1985.72,267.67,417.0,2024-12-07,Distribuidor,Francia,EUR
Microfono Pro,Video,SportWorld,5,1158.81,151.66,243.35,2024-12-28,Tienda,Alemania,EUR
Lámpara LED,Accesorios,MegaStore,2,1257.16,102.87,264.0,2024-03-15,Tienda,Alemania,EUR
Colchoneta Yoga,Electrónica,FashionCorp,3,547.12,72.96,114.9,2024-07-20,Tienda,España,EUR
Set Mancuernas,Accesorios,FashionCorp,2,854.73,44.37,179.49,2024-11-09,Distribuidor,Francia,EUR
Webcam FullHD,Oficina,TechCorp,4,428.12,15.68,89.91,2024-04-04,Tienda,España,EUR
Microfono Pro,Oficina,SportWorld,5,1496.73,71.73,314.31,2024-01-05,Tienda,Francia,EUR
Tablet Plus,Electrónica,HomePlus,2,370.45,47.87,77.79,2024-01-11,Tienda,Italia,EUR
Chaqueta Invierno,Moda,Distribuciones Europa,1,690.9,76.28,145.09,2024-03-12,Tienda,Portugal,EUR
Microfono Pro,Video,ProGear,3,115.72,2.38,24.3,2024-04-24,Distribuidor,Portugal,EUR
Plancha Vapor,Oficina,ElectroMax,5,784.98,72.04,164.85,2024-09-19,Online,Portugal,EUR
Altavoz Bluetooth,Electrónica,HomePlus,4,1487.06,74.51,312.28,2024-10-10,Online,España,EUR
Plancha Vapor,Video,TechCorp,5,2042.16,174.62,428.85,2024-11-04,Tienda,Portugal,EUR
Barra de Sonido,Accesorios,SportWorld,4,17.86,2.55,3.75,2024-03-12,Tienda,Portugal,EUR
Mouse Gamer,Electrónica,Distribuciones Europa,5,348.12,38.15,73.11,2024-02-06,Distribuidor,Italia,EUR
Smartphone Mini,Video,Distribuciones Europa,3,852.92,8.72,179.11,2024-07-31,Distribuidor,Alemania,EUR
TV 55,Moda,SportWorld,3,718.69,38.63,150.92,2024-01-05,Online,España,EUR
Pelota Fitness,Accesorios,TechCorp,4,1102.3,27.48,231.48,2024-01-03,Tienda,España,EUR
Ventilador Turbo,Oficina,TechCorp,2,948.16,15.21,199.11,2024-07-08,Online,España,EUR
Reloj Deportivo,Deportes,LogiTech,4,1164.42,74.89,244.53,2024-01-16,Distribuidor,Italia,EUR
Ventilador Turbo,Accesorios,ProGear,4,304.33,5.0,63.91,2024-07-21,Online,Portugal,EUR
Laptop Pro,Video,MegaStore,1,2157.81,210.9,453.14,2024-11-17,Tienda,Portugal,EUR
Ventilador Turbo,Deportes,ElectroMax,5,696.34,24.16,146.23,2024-05-30,Distribuidor,Francia,EUR
Pelota Fitness,Accesorios,LogiTech,3,900.6,21.62,189.13,2024-05-04,Online,Alemania,EUR
Smartwatch,Oficina,ProGear,1,351.56,30.17,73.83,2024-02-12,Tienda,Francia,EUR
Router WiFi,Hogar,Distribuciones Europa,4,1937.55,245.45,406.89,2024-11-06,Online,Alemania,EUR
Batidora Pro,Hogar,Distribuciones Europa,4,943.88,12.27,198.21,2024-06-08,Online,Francia,EUR
Monitor 32,Accesorios,LogiTech,2,40.85,0.93,8.58,2024-01-31,Distribuidor,Portugal,EUR
Microfono Pro,Audio,FashionCorp,3,844.41,5.35,177.33,2024-11-02,Online,Francia,EUR
Monitor 32,Moda,LogiTech,2,865.46,104.69,181.75,2024-11-16,Online,España,EUR
Monitor 27,Audio,ProGear,4,976.61,60.35,205.09,2024-05-10,Online,Italia,EUR
Mochila Travel,Hogar,ProGear,5,837.14,24.87,175.8,2024-07-16,Distribuidor,Alemania,EUR
Smartwatch,Deportes,ElectroMax,5,905.0,104.35,190.05,2024-07-28,Online,Alemania,EUR
Mouse Gamer,Video,HomePlus,4,1338.56,66.04,281.1,2024-04-12,Tienda,España,EUR
Router WiFi,Oficina,MegaStore,3,439.67,18.52,92.33,2024-10-21,Distribuidor,Francia,EUR
Colchoneta Yoga,Video,TechCorp,2,112.6,13.17,23.65,2024-05-25,Distribuidor,Portugal,EUR
Silla Gamer,Deportes,GlobalTech,5,1975.1,241.5,414.77,2024-11-21,Tienda,Alemania,EUR
Reloj Deportivo,Deportes,SportWorld,2,383.57,31.92,80.55,2024-10-06,Online,Italia,EUR
Chaqueta Invierno,Oficina,LogiTech,4,1765.04,260.19,370.66,2024-01-27,Online,Italia,EUR
Laptop Air,Hogar,SportWorld,1,360.93,30.84,75.8,2024-09-27,Online,Alemania,EUR
TV 55,Electrónica,HomePlus,4,389.55,16.9,81.81,2024-02-28,Distribuidor,España,EUR
Teclado Mecánico,Deportes,TechCorp,3,285.95,29.52,60.05,2024-06-03,Tienda,Italia,EUR
Monitor 27,Accesorios,LogiTech,3,1338.01,72.18,280.98,2024-10-29,Distribuidor,Portugal,EUR
Tostadora,Audio,ElectroMax,3,700.73,100.85,147.15,2024-10-25,Tienda,Alemania,EUR
Cargador USB-C,Moda,ProGear,2,23.62,2.81,4.96,2024-10-08,Online,España,EUR
Auriculares Bluetooth,Audio,SportWorld,3,506.47,75.01,106.36,2024-07-20,Online,España,EUR
Guantes Gym,Hogar,HomePlus,3,909.27,135.59,190.95,2024-01-23,Online,Portugal,EUR
Set Mancuernas,Deportes,LogiTech,1,381.52,36.29,80.12,2024-03-08,Online,Portugal,EUR
Webcam FullHD,Accesorios,GlobalTech,4,1613.36,57.21,338.81,2024-11-16,Distribuidor,Alemania,EUR
Drone Mini,Audio,SportWorld,1,460.18,53.1,96.64,2024-05-22,Distribuidor,Portugal,EUR
Cámara HD,Deportes,ElectroMax,4,170.94,24.13,35.9,2024-07-30,Online,Alemania,EUR
Colchoneta Yoga,Oficina,ProGear,1,272.81,36.52,57.29,2024-08-02,Distribuidor,Francia,EUR
Aspiradora Robot,Deportes,ProGear,2,1235.67,41.82,259.49,2024-02-01,Online,Portugal,EUR
Tostadora,Deportes,ElectroMax,5,595.05,2.52,124.96,2024-02-03,Tienda,Alemania,EUR
Laptop Pro,Oficina,ElectroMax,4,339.91,9.29,71.38,2024-12-04,Distribuidor,Portugal,EUR
Laptop Pro,Video,MegaStore,3,254.42,22.52,53.43,2024-07-20,Online,Francia,EUR
Gafas Sol,Audio,MegaStore,2,864.1,82.54,181.46,2024-10-07,Distribuidor,Italia,EUR
Silla Gamer,Moda,FashionCorp,2,936.8,129.46,196.73,2024-05-30,Distribuidor,Francia,EUR
Casco Bicicleta,Oficina,MegaStore,1,848.18,83.93,178.12,2024-10-23,Distribuidor,España,EUR
Cafetera Automática,Hogar,ProGear,5,1029.28,77.21,216.15,2024-03-21,Online,Portugal,EUR
Ventilador Turbo,Video,ProGear,5,1758.03,10.97,369.19,2024-01-17,Distribuidor,Alemania,EUR
Escritorio Oficina,Electrónica,Distribuciones Europa,1,1193.47,165.21,250.63,2024-12-26,Tienda,Italia,EUR
Auriculares Bluetooth,Hogar,TechCorp,1,722.61,71.66,151.75,2024-09-16,Distribuidor,Italia,EUR
Pantalón Trekking,Electrónica,TechCorp,1,219.66,15.54,46.13,2024-01-06,Distribuidor,Francia,EUR
TV 55,Moda,Distribuciones Europa,2,228.08,13.61,47.9,2024-05-07,Online,Portugal,EUR
Tostadora,Oficina,FashionCorp,4,1849.56,6.69,388.41,2024-11-18,Tienda,España,EUR
Smartphone X,Audio,ProGear,4,1194.38,55.96,250.82,2024-01-19,Online,Francia,EUR
Laptop Pro,Accesorios,ProGear,3,528.66,65.59,111.02,2024-06-30,Tienda,Francia,EUR
Colchoneta Yoga,Accesorios,FashionCorp,5,271.09,26.14,56.93,2024-10-07,Distribuidor,Portugal,EUR
Proyector HD,Audio,ElectroMax,3,963.14,55.74,202.26,2024-08-25,Online,Italia,EUR
Memoria RAM 16GB,Electrónica,TechCorp,3,1164.75,14.06,244.6,2024-08-15,Distribuidor,Portugal,EUR
Barra de Sonido,Moda,FashionCorp,3,617.69,91.58,129.71,2024-12-14,Distribuidor,Francia,EUR
TV 65,Oficina,LogiTech,1,1028.57,51.62,216.0,2024-03-17,Online,España,EUR
Laptop Pro,Audio,Distribuciones Europa,5,509.63,44.18,107.02,2024-01-30,Online,Alemania,EUR
Chaqueta Invierno,Moda,TechCorp,1,222.66,9.49,46.76,2024-08-20,Online,España,EUR
Laptop Pro,Electrónica,MegaStore,2,908.6,77.5,190.81,2024-06-11,Tienda,Francia,EUR
Webcam FullHD,Hogar,HomePlus,5,1214.9,96.42,255.13,2024-06-26,Distribuidor,Italia,EUR
TV 65,Moda,GlobalTech,4,829.17,83.66,174.13,2024-06-12,Tienda,Francia,EUR
Cafetera Automática,Moda,MegaStore,2,1118.13,51.94,234.81,2024-10-21,Tienda,Alemania,EUR
Guantes Gym,Moda,LogiTech,2,1083.61,61.03,227.56,2024-09-27,Distribuidor,Portugal,EUR
Proyector HD,Video,TechCorp,2,986.52,75.8,207.17,2024-01-05,Distribuidor,Alemania,EUR
Mouse Gamer,Video,LogiTech,1,302.3,17.38,63.48,2024-01-09,Online,España,EUR
Teclado Mecánico,Video,ProGear,1,583.86,18.19,122.61,2024-07-04,Online,Francia,EUR
Cámara HD,Audio,SportWorld,4,588.56,14.08,123.6,2024-07-18,Distribuidor,Francia,EUR
Impresora Laser,Hogar,LogiTech,4,792.39,13.19,166.4,2024-05-07,Distribuidor,España,EUR
Cargador USB-C,Video,MegaStore,3,654.86,2.43,137.52,2024-09-09,Distribuidor,Italia,EUR
Pantalón Trekking,Electrónica,ProGear,1,1577.52,188.11,331.28,2024-04-30,Online,España,EUR
Memoria RAM 16GB,Hogar,Distribuciones Europa,2,1256.52,185.32,263.87,2024-06-04,Distribuidor,Portugal,EUR
Router WiFi,Moda,ElectroMax,4,121.77,6.4,25.57,2024-12-03,Online,Italia,EUR
Lámpara LED,Video,Distribuciones Europa,5,408.42,37.73,85.77,2024-02-02,Tienda,Alemania,EUR
Plancha Vapor,Video,SportWorld,1,499.06,58.96,104.8,2024-07-08,Online,Francia,EUR
Altavoz Bluetooth,Accesorios,GlobalTech,3,196.97,24.34,41.36,2024-07-31,Distribuidor,Italia,EUR
Set Mancuernas,Audio,TechCorp,2,911.33,119.25,191.38,2024-07-13,Distribuidor,Francia,EUR
Webcam FullHD,Audio,LogiTech,4,122.99,4.08,25.83,2024-05-01,Online,Portugal,EUR
Cargador USB-C,Oficina,HomePlus,5,771.04,9.32,161.92,2024-09-11,Tienda,Portugal,EUR
Proyector HD,Video,LogiTech,4,1511.2,58.7,317.35,2024-11-02,Distribuidor,Alemania,EUR
Smartphone X,Accesorios,HomePlus,2,1156.75,30.01,242.92,2024-04-16,Distribuidor,Francia,EUR
Laptop Pro,Accesorios,GlobalTech,5,698.57,93.57,146.7,2024-07-03,Online,Portugal,EUR
Teclado Mecánico,Accesorios,FashionCorp,3,216.78,19.22,45.52,2024-07-01,Distribuidor,Francia,EUR
Aspiradora Robot,Deportes,Distribuciones Europa,3,1189.9,28.92,249.88,2024-09-11,Tienda,España,EUR
Barra de Sonido,Electrónica,MegaStore,5,1128.59,107.23,237.0,2024-05-05,Distribuidor,Alemania,EUR
Cafetera Automática,Accesorios,Distribuciones Europa,2,1290.93,4.02,271.1,2024-12-10,Tienda,España,EUR
Gafas Sol,Video,MegaStore,1,1043.88,106.44,219.21,2024-06-27,Tienda,Portugal,EUR
Smartphone X,Video,TechCorp,4,142.68,7.28,29.96,2024-11-21,Online,España,EUR
Cargador USB-C,Moda,HomePlus,1,461.91,32.79,97.0,2024-10-30,Tienda,Portugal,EUR
Smartphone Mini,Electrónica,FashionCorp,1,1685.77,154.62,354.01,2024-09-17,Tienda,Italia,EUR
Reloj Deportivo,Accesorios,SportWorld,2,870.88,109.63,182.88,2024-08-07,Online,Portugal,EUR
TV 65,Deportes,FashionCorp,3,655.77,24.62,137.71,2024-08-04,Online,España,EUR
TV 65,Hogar,HomePlus,2,1428.6,162.64,300.01,2024-09-23,Distribuidor,Portugal,EUR
Barra de Sonido,Electrónica,GlobalTech,4,828.5,107.36,173.98,2024-04-03,Online,España,EUR
Tablet Plus,Electrónica,Distribuciones Europa,4,346.77,30.04,72.82,2024-07-01,Tienda,Portugal,EUR
Pantalón Trekking,Moda,TechCorp,4,1543.49,99.32,324.13,2024-03-06,Online,Francia,EUR
Ventilador Turbo,Oficina,SportWorld,2,731.73,105.38,153.66,2024-08-18,Distribuidor,Francia,EUR
Webcam FullHD,Video,MegaStore,2,1138.65,162.39,239.12,2024-12-27,Tienda,Alemania,EUR
Zapatillas Running,Video,ElectroMax,3,1190.08,19.09,249.92,2024-10-10,Distribuidor,Portugal,EUR
Chaqueta Invierno,Accesorios,TechCorp,4,234.21,6.09,49.18,2024-11-09,Online,España,EUR
Router WiFi,Moda,HomePlus,4,623.61,17.29,130.96,2024-11-27,Tienda,Alemania,EUR
Pantalón Trekking,Video,TechCorp,4,155.72,12.7,32.7,2024-04-25,Distribuidor,Francia,EUR
Batidora Pro,Accesorios,LogiTech,3,840.25,97.65,176.45,2024-07-28,Tienda,Alemania,EUR
Laptop Pro,Audio,MegaStore,2,212.42,14.1,44.61,2024-01-27,Distribuidor,España,EUR
Cargador USB-C,Deportes,MegaStore,2,1183.68,151.89,248.57,2024-06-05,Tienda,Alemania,EUR
Auriculares Bluetooth,Moda,SportWorld,2,1818.92,0.57,381.97,2024-01-05,Tienda,Portugal,EUR
Altavoz Bluetooth,Video,GlobalTech,4,321.68,41.01,67.55,2024-03-12,Online,Italia,EUR
Plancha Vapor,Accesorios,ProGear,2,1292.02,129.45,271.32,2024-12-16,Online,Alemania,EUR
Smartwatch,Accesorios,SportWorld,1,915.89,66.1,192.34,2024-10-18,Online,Francia,EUR
Impresora Laser,Video,FashionCorp,3,1424.65,113.7,299.18,2024-02-08,Distribuidor,España,EUR
Memoria RAM 16GB,Deportes,ProGear,4,1203.0,67.22,252.63,2024-03-08,Online,Italia,EUR
Microfono Pro,Electrónica,GlobalTech,3,583.62,9.03,122.56,2024-08-29,Online,Francia,EUR
Casco Bicicleta,Moda,LogiTech,1,1755.66,161.53,368.69,2024-12-02,Online,Alemania,EUR
Monitor 32,Hogar,FashionCorp,2,539.61,76.17,113.32,2024-11-30,Distribuidor,España,EUR
Microfono Pro,Accesorios,LogiTech,5,440.13,20.34,92.43,2024-05-08,Distribuidor,Portugal,EUR
Set Mancuernas,Moda,MegaStore,5,667.64,20.29,140.2,2024-08-26,Tienda,España,EUR
Refrigerador Mini,Hogar,SportWorld,3,216.39,10.43,45.44,2024-02-20,Online,España,EUR
Pelota Fitness,Oficina,TechCorp,5,1065.61,97.94,223.78,2024-06-27,Online,España,EUR
Smartphone Mini,Accesorios,ElectroMax,4,945.85,13.88,198.63,2024-03-15,Distribuidor,Francia,EUR
Mouse Gamer,Hogar,ElectroMax,4,672.8,25.24,141.29,2024-09-10,Online,Italia,EUR
Casco Bicicleta,Oficina,Distribuciones Europa,2,942.08,134.27,197.84,2024-07-27,Tienda,Portugal,EUR
TV 65,Electrónica,Distribuciones Europa,4,518.82,23.27,108.95,2024-02-24,Distribuidor,Portugal,EUR
Mouse Gamer,Audio,GlobalTech,1,448.04,39.74,94.09,2024-10-05,Online,Francia,EUR
Pantalón Trekking,Video,FashionCorp,5,71.29,1.36,14.97,2024-01-02,Tienda,Portugal,EUR
Colchoneta Yoga,Moda,MegaStore,3,911.38,47.85,191.39,2024-05-20,Online,Alemania,EUR
Refrigerador Mini,Oficina,GlobalTech,5,1582.3,13.4,332.28,2024-04-27,Tienda,Portugal,EUR
Pelota Fitness,Moda,MegaStore,1,1189.23,166.66,249.74,2024-03-25,Tienda,Portugal,EUR
Tablet Plus,Moda,GlobalTech,5,852.56,104.34,179.04,2024-06-12,Tienda,Alemania,EUR
Cargador USB-C,Video,MegaStore,1,1573.07,43.8,330.34,2024-11-23,Distribuidor,Portugal,EUR
Escritorio Oficina,Audio,FashionCorp,5,1147.4,101.62,240.95,2024-10-06,Distribuidor,Francia,EUR
Casco Bicicleta,Hogar,ElectroMax,1,1218.94,18.19,255.98,2024-12-15,Online,España,EUR
Batidora Pro,Deportes,Distribuciones Europa,1,299.86,27.28,62.97,2024-02-29,Distribuidor,Alemania,EUR
Colchoneta Yoga,Moda,TechCorp,3,840.28,67.22,176.46,2024-03-12,Tienda,Francia,EUR
Barra de Sonido,Electrónica,ElectroMax,2,1122.82,142.87,235.79,2024-05-01,Tienda,España,EUR
Proyector HD,Accesorios,ProGear,5,1446.01,14.38,303.66,2024-02-19,Online,Italia,EUR
Barra de Sonido,Audio,ProGear,2,301.98,9.36,63.42,2024-03-09,Distribuidor,Francia,EUR
Batidora Pro,Accesorios,SportWorld,3,309.74,9.13,65.05,2024-09-18,Tienda,España,EUR
Casco Bicicleta,Oficina,ElectroMax,5,25.06,0.54,5.26,2024-09-17,Distribuidor,Italia,EUR
Mouse Gamer,Accesorios,MegaStore,5,441.58,36.15,92.73,2024-07-02,Online,Italia,EUR
Barra de Sonido,Moda,FashionCorp,1,436.94,8.74,91.76,2024-04-30,Distribuidor,España,EUR
Router WiFi,Audio,FashionCorp,2,741.96,110.43,155.81,2024-07-12,Distribuidor,Francia,EUR
Casco Bicicleta,Oficina,ElectroMax,4,1133.19,124.84,237.97,2024-11-08,Online,España,EUR
Proyector HD,Accesorios,HomePlus,3,761.02,44.39,159.81,2024-03-18,Tienda,Portugal,EUR
Memoria RAM 16GB,Accesorios,GlobalTech,3,1805.96,9.95,379.25,2024-01-18,Online,Italia,EUR
Casco Bicicleta,Moda,GlobalTech,4,436.63,47.72,91.69,2024-10-23,Distribuidor,España,EUR
Reloj Deportivo,Hogar,Distribuciones Europa,4,85.52,6.25,17.96,2024-07-28,Tienda,Portugal,EUR
Smartphone Mini,Accesorios,Distribuciones Europa,3,1171.01,112.22,245.91,2024-04-24,Distribuidor,Portugal,EUR
Webcam FullHD,Hogar,LogiTech,5,1748.71,125.65,367.23,2024-12-24,Tienda,Italia,EUR
Barra de Sonido,Accesorios,TechCorp,5,566.89,20.72,119.05,2024-02-19,Tienda,Portugal,EUR
Cafetera Automática,Deportes,MegaStore,1,660.04,89.19,138.61,2024-05-18,Distribuidor,Italia,EUR
Refrigerador Mini,Electrónica,ProGear,2,2214.48,303.94,465.04,2024-11-14,Distribuidor,Alemania,EUR
Silla Gamer,Oficina,MegaStore,5,917.5,12.67,192.67,2024-03-05,Distribuidor,Portugal,EUR
Reloj Deportivo,Audio,Distribuciones Europa,1,1631.26,162.58,342.56,2024-11-13,Online,Francia,EUR
Ventilador Turbo,Moda,Distribuciones Europa,2,901.76,7.33,189.37,2024-08-08,Distribuidor,Portugal,EUR
Laptop Pro,Deportes,GlobalTech,2,681.22,80.57,143.06,2024-08-30,Online,Francia,EUR
Zapatillas Running,Oficina,MegaStore,3,507.88,25.37,106.65,2024-04-02,Tienda,Portugal,EUR
Reloj Deportivo,Hogar,MegaStore,1,326.91,36.59,68.65,2024-03-25,Distribuidor,Francia,EUR
Smartphone Mini,Deportes,GlobalTech,1,767.51,82.49,161.18,2024-05-02,Tienda,Alemania,EUR
Silla Gamer,Accesorios,GlobalTech,2,591.42,37.69,124.2,2024-12-12,Distribuidor,Francia,EUR
Reloj Deportivo,Electrónica,MegaStore,2,954.92,37.32,200.53,2024-10-24,Tienda,Portugal,EUR
Mouse Gamer,Deportes,GlobalTech,5,727.7,24.27,152.82,2024-08-27,Online,España,EUR
Monitor 27,Deportes,MegaStore,3,118.12,5.04,24.81,2024-07-10,Online,Italia,EUR
Ventilador Turbo,Electrónica,LogiTech,2,500.55,57.98,105.12,2024-11-22,Online,España,EUR
Lámpara LED,Accesorios,Distribuciones Europa,2,709.58,54.55,149.01,2024-07-08,Tienda,Alemania,EUR
Smartphone X,Accesorios,Distribuciones Europa,5,974.23,83.26,204.59,2024-12-19,Distribuidor,Alemania,EUR
Tostadora,Hogar,GlobalTech,2,602.68,52.84,126.56,2024-07-06,Distribuidor,Portugal,EUR
Impresora Laser,Electrónica,ElectroMax,4,1094.91,44.0,229.93,2024-08-26,Tienda,Italia,EUR
Reloj Deportivo,Oficina,Distribuciones Europa,2,150.84,11.63,31.68,2024-11-25,Online,Alemania,EUR
Auriculares Bluetooth,Video,FashionCorp,1,1220.26,108.1,256.25,2024-07-07,Tienda,Italia,EUR
Teclado Mecánico,Audio,SportWorld,1,693.63,70.63,145.66,2024-06-04,Tienda,Francia,EUR
Webcam FullHD,Hogar,ProGear,1,699.97,58.13,146.99,2024-11-27,Distribuidor,España,EUR
Tostadora,Oficina,MegaStore,3,589.58,19.44,123.81,2024-01-15,Tienda,España,EUR
Silla Gamer,Audio,MegaStore,3,269.44,0.87,56.58,2024-07-10,Tienda,España,EUR
Laptop Pro,Oficina,ProGear,3,326.1,15.21,68.48,2024-03-11,Online,Alemania,EUR
TV 55,Accesorios,LogiTech,5,820.75,84.37,172.36,2024-04-29,Online,Francia,EUR
Lámpara LED,Moda,TechCorp,4,2044.2,194.19,429.28,2024-12-27,Distribuidor,España,EUR
Auriculares Bluetooth,Electrónica,ProGear,3,1224.2,131.64,257.08,2024-10-18,Distribuidor,Italia,EUR
Cargador USB-C,Moda,Distribuciones Europa,4,918.21,80.24,192.82,2024-02-03,Distribuidor,España,EUR
Chaqueta Invierno,Deportes,ProGear,3,1711.02,225.72,359.31,2024-12-15,Tienda,Italia,EUR
Cámara HD,Electrónica,GlobalTech,3,802.27,46.66,168.48,2024-02-08,Online,Francia,EUR
Proyector HD,Video,GlobalTech,1,291.85,26.24,61.29,2024-04-13,Tienda,Portugal,EUR
Aspiradora Robot,Audio,ElectroMax,1,1128.27,24.63,236.94,2024-11-25,Distribuidor,España,EUR
Silla Gamer,Hogar,ElectroMax,1,206.45,4.83,43.35,2024-08-07,Online,Italia,EUR
Memoria RAM 16GB,Moda,LogiTech,2,633.81,50.63,133.1,2024-10-31,Distribuidor,Alemania,EUR
Impresora Laser,Oficina,LogiTech,5,2208.66,42.7,463.82,2024-11-25,Tienda,España,EUR
Plancha Vapor,Moda,MegaStore,4,589.13,86.04,123.72,2024-04-23,Tienda,Alemania,EUR
Cámara HD,Oficina,ProGear,5,574.07,28.91,120.55,2024-04-20,Tienda,Italia,EUR
Teclado Mecánico,Moda,MegaStore,1,1123.51,65.29,235.94,2024-07-02,Tienda,Alemania,EUR
Refrigerador Mini,Audio,LogiTech,1,643.06,82.42,135.04,2024-06-29,Distribuidor,Italia,EUR
Impresora Laser,Deportes,GlobalTech,5,1288.43,139.66,270.57,2024-09-06,Tienda,España,EUR
Chaqueta Invierno,Accesorios,SportWorld,4,48.14,2.17,10.11,2024-03-29,Tienda,Alemania,EUR
Teclado Mecánico,Oficina,FashionCorp,1,105.35,9.85,22.12,2024-05-15,Tienda,Alemania,EUR
Mochila Travel,Hogar,MegaStore,4,1544.48,84.95,324.34,2024-09-01,Tienda,España,EUR
Barra de Sonido,Video,GlobalTech,4,219.53,10.95,46.1,2024-08-09,Online,Francia,EUR
Batidora Pro,Moda,LogiTech,2,1360.71,184.09,285.75,2024-01-28,Online,Alemania,EUR
HDD 2TB,Oficina,HomePlus,5,268.51,2.69,56.39,2024-06-16,Online,Portugal,EUR
Cámara HD,Accesorios,HomePlus,2,1127.56,108.28,236.79,2024-04-03,Online,Francia,EUR
Zapatillas Running,Moda,MegaStore,5,786.23,86.15,165.11,2024-04-04,Distribuidor,España,EUR
Cargador USB-C,Audio,HomePlus,2,827.53,12.57,173.78,2024-09-21,Tienda,Alemania,EUR
Webcam FullHD,Oficina,Distribuciones Europa,5,1114.51,81.13,234.05,2024-05-16,Tienda,Francia,EUR
Pantalón Trekking,Accesorios,GlobalTech,1,271.85,9.56,57.09,2024-12-02,Distribuidor,España,EUR
Lámpara LED,Moda,FashionCorp,5,356.48,27.59,74.86,2024-06-23,Online,Francia,EUR
Pelota Fitness,Electrónica,LogiTech,1,781.34,41.37,164.08,2024-12-03,Tienda,Italia,EUR
SSD 1TB,Video,ProGear,1,328.01,31.51,68.88,2024-03-22,Tienda,España,EUR
Escritorio Oficina,Hogar,LogiTech,5,884.6,22.18,185.77,2024-06-19,Online,Portugal,EUR
Cámara HD,Electrónica,SportWorld,5,572.19,46.24,120.16,2024-02-12,Online,España,EUR
Set Mancuernas,Accesorios,Distribuciones Europa,4,754.23,0.9,158.39,2024-06-08,Tienda,España,EUR
HDD 2TB,Moda,LogiTech,3,931.8,99.25,195.68,2024-07-13,Distribuidor,Alemania,EUR
Monitor 32,Deportes,ElectroMax,2,137.67,7.39,28.91,2024-07-31,Tienda,Francia,EUR
Ventilador Turbo,Accesorios,GlobalTech,5,30.93,4.52,6.5,2024-10-19,Online,Italia,EUR
Mouse Gamer,Video,TechCorp,5,54.0,7.46,11.34,2024-06-06,Distribuidor,Italia,EUR
Silla Gamer,Audio,ProGear,4,1019.12,66.4,214.02,2024-06-29,Tienda,Alemania,EUR
SSD 1TB,Deportes,TechCorp,3,1079.52,75.55,226.7,2024-04-28,Distribuidor,Alemania,EUR
Router WiFi,Video,TechCorp,2,650.03,30.74,136.51,2024-06-18,Distribuidor,Portugal,EUR
Cafetera Automática,Video,MegaStore,4,264.84,36.03,55.62,2024-10-20,Distribuidor,Portugal,EUR
Batidora Pro,Hogar,MegaStore,3,1182.18,165.71,248.26,2024-01-13,Online,Alemania,EUR
Altavoz Bluetooth,Audio,FashionCorp,5,924.24,47.22,194.09,2024-10-08,Tienda,Francia,EUR
Plancha Vapor,Electrónica,FashionCorp,5,58.84,0.17,12.36,2024-12-30,Tienda,Italia,EUR
Monitor 27,Audio,SportWorld,1,848.73,17.85,178.23,2024-06-26,Distribuidor,Francia,EUR
Zapatillas Running,Oficina,TechCorp,1,182.52,9.5,38.33,2024-02-29,Tienda,Portugal,EUR
Memoria RAM 16GB,Accesorios,ElectroMax,3,814.93,56.16,171.14,2024-06-04,Tienda,Portugal,EUR
Smartphone X,Oficina,GlobalTech,5,1169.25,18.31,245.54,2024-12-29,Online,Francia,EUR
Plancha Vapor,Deportes,ProGear,2,1143.2,113.15,240.07,2024-10-19,Distribuidor,Alemania,EUR
Drone Mini,Hogar,HomePlus,3,1142.07,66.17,239.83,2024-10-22,Distribuidor,Francia,EUR
Monitor 27,Audio,LogiTech,1,1701.77,104.06,357.37,2024-12-16,Online,Portugal,EUR
Cámara HD,Accesorios,LogiTech,5,119.31,13.02,25.06,2024-05-28,Online,Alemania,EUR
Monitor 27,Audio,MegaStore,4,1544.79,205.58,324.41,2024-04-11,Distribuidor,Portugal,EUR
Lámpara LED,Deportes,LogiTech,3,1136.79,13.46,238.73,2024-09-03,Online,Alemania,EUR
Router WiFi,Moda,ElectroMax,2,657.46,43.34,138.07,2024-07-11,Distribuidor,Francia,EUR
Webcam FullHD,Electrónica,TechCorp,4,831.43,48.74,174.6,2024-11-01,Tienda,Francia,EUR
Gafas Sol,Deportes,MegaStore,2,239.11,28.49,50.21,2024-04-25,Tienda,Portugal,EUR
Cafetera Automática,Oficina,TechCorp,2,45.7,0.43,9.6,2024-07-11,Tienda,Francia,EUR
Cafetera Automática,Electrónica,FashionCorp,1,286.66,41.71,60.2,2024-06-13,Online,Portugal,EUR
Drone Mini,Accesorios,FashionCorp,1,176.94,15.74,37.16,2024-03-09,Online,Francia,EUR
Cafetera Automática,Accesorios,LogiTech,5,872.27,130.06,183.18,2024-01-29,Distribuidor,Francia,EUR
Lámpara LED,Accesorios,LogiTech,4,310.0,24.61,65.1,2024-01-31,Tienda,Italia,EUR
Ventilador Turbo,Electrónica,HomePlus,4,1207.84,107.86,253.65,2024-12-04,Online,Italia,EUR
Tostadora,Hogar,Distribuciones Europa,3,413.14,52.04,86.76,2024-03-16,Distribuidor,Alemania,EUR
Batidora Pro,Deportes,HomePlus,4,315.45,14.91,66.24,2024-07-27,Tienda,Portugal,EUR
HDD 2TB,Oficina,MegaStore,2,1446.29,92.96,303.72,2024-10-25,Tienda,España,EUR
Aspiradora Robot,Hogar,TechCorp,3,825.32,115.88,173.32,2024-03-02,Tienda,Francia,EUR
HDD 2TB,Electrónica,LogiTech,3,1475.8,25.31,309.92,2024-03-21,Tienda,Alemania,EUR
Proyector HD,Electrónica,SportWorld,5,936.77,85.38,196.72,2024-08-11,Tienda,Alemania,EUR
Pelota Fitness,Electrónica,FashionCorp,1,612.27,8.18,128.58,2024-08-21,Distribuidor,España,EUR
PowerBank 20k,Moda,FashionCorp,3,527.7,3.7,110.82,2024-06-03,Online,Francia,EUR
Monitor 32,Moda,GlobalTech,4,53.59,1.54,11.25,2024-12-28,Tienda,Alemania,EUR
Drone Mini,Accesorios,SportWorld,2,176.56,11.73,37.08,2024-05-16,Online,España,EUR
Impresora Laser,Electrónica,Distribuciones Europa,1,245.55,10.22,51.57,2024-02-29,Distribuidor,Italia,EUR
Batidora Pro,Oficina,GlobalTech,4,91.86,3.2,19.29,2024-04-19,Distribuidor,Portugal,EUR
TV 55,Oficina,ProGear,3,1467.41,110.67,308.16,2024-04-04,Tienda,Francia,EUR
Colchoneta Yoga,Hogar,GlobalTech,1,1270.04,125.19,266.71,2024-06-19,Distribuidor,Alemania,EUR
TV 55,Accesorios,LogiTech,4,522.85,57.3,109.8,2024-10-07,Online,España,EUR
Smartphone Mini,Electrónica,FashionCorp,3,1478.5,157.8,310.49,2024-03-23,Distribuidor,Italia,EUR
TV 55,Hogar,MegaStore,3,1065.54,152.58,223.76,2024-05-09,Tienda,España,EUR
TV 65,Electrónica,FashionCorp,5,561.91,29.53,118.0,2024-01-09,Distribuidor,Alemania,EUR
HDD 2TB,Hogar,Distribuciones Europa,1,457.2,27.16,96.01,2024-05-01,Distribuidor,Francia,EUR
Pelota Fitness,Electrónica,SportWorld,5,126.09,18.77,26.48,2024-10-18,Tienda,Francia,EUR
Proyector HD,Video,HomePlus,2,317.12,12.08,66.6,2024-09-26,Tienda,Portugal,EUR
Altavoz Bluetooth,Electrónica,MegaStore,3,172.0,16.02,36.12,2024-06-30,Tienda,Alemania,EUR
PowerBank 20k,Video,ElectroMax,5,153.58,3.05,32.25,2024-03-05,Distribuidor,Portugal,EUR
PowerBank 20k,Accesorios,LogiTech,3,771.35,14.51,161.98,2024-07-01,Distribuidor,España,EUR
Teclado Mecánico,Accesorios,ElectroMax,3,710.83,59.68,149.27,2024-10-04,Tienda,Alemania,EUR
Smartwatch,Oficina,ProGear,1,104.25,5.94,21.89,2024-05-26,Online,Italia,EUR
Smartphone Mini,Accesorios,LogiTech,2,413.58,10.65,86.85,2024-07-11,Online,Portugal,EUR
SSD 1TB,Oficina,FashionCorp,5,543.22,17.14,114.08,2024-10-07,Tienda,Francia,EUR
HDD 2TB,Oficina,ProGear,4,581.09,39.7,122.03,2024-09-16,Tienda,Italia,EUR
Laptop Air,Hogar,ElectroMax,3,1139.19,135.45,239.23,2024-02-03,Online,Italia,EUR
Tostadora,Electrónica,SportWorld,3,1410.59,173.17,296.22,2024-11-23,Tienda,Alemania,EUR
Teclado Mecánico,Audio,Distribuciones Europa,1,663.88,71.07,139.41,2024-07-04,Distribuidor,España,EUR
Cámara HD,Audio,TechCorp,4,987.67,26.51,207.41,2024-12-19,Online,Italia,EUR
TV 55,Video,HomePlus,1,1183.37,27.59,248.51,2024-10-28,Tienda,Portugal,EUR
SSD 1TB,Moda,TechCorp,1,1394.88,37.44,292.92,2024-11-09,Tienda,Alemania,EUR
Drone Mini,Electrónica,HomePlus,4,2053.84,127.52,431.31,2024-12-11,Distribuidor,Francia,EUR
PowerBank 20k,Deportes,FashionCorp,3,222.57,22.78,46.74,2024-10-06,Distribuidor,Italia,EUR
Plancha Vapor,Video,MegaStore,1,1085.79,96.6,228.02,2024-05-04,Online,Italia,EUR
Altavoz Bluetooth,Audio,HomePlus,5,507.6,73.36,106.6,2024-12-31,Distribuidor,España,EUR
Proyector HD,Hogar,SportWorld,2,118.12,0.96,24.81,2024-08-22,Distribuidor,Portugal,EUR
Auriculares Bluetooth,Deportes,LogiTech,3,686.57,56.21,144.18,2024-08-24,Distribuidor,Italia,EUR
SSD 1TB,Accesorios,GlobalTech,2,1098.69,128.38,230.72,2024-10-23,Online,Italia,EUR
Altavoz Bluetooth,Oficina,ProGear,4,535.47,30.72,112.45,2024-08-22,Tienda,Italia,EUR
Ventilador Turbo,Hogar,ProGear,4,759.18,108.29,159.43,2024-08-21,Tienda,Alemania,EUR
Microfono Pro,Oficina,HomePlus,5,162.65,10.91,34.16,2024-06-02,Distribuidor,Portugal,EUR
Refrigerador Mini,Video,SportWorld,2,437.64,16.61,91.9,2024-08-27,Tienda,Italia,EUR
Batidora Pro,Electrónica,SportWorld,1,70.76,6.32,14.86,2024-04-21,Tienda,Italia,EUR
Zapatillas Running,Audio,HomePlus,4,988.06,39.07,207.49,2024-09-19,Tienda,Italia,EUR
Mouse Gamer,Hogar,ProGear,5,903.11,119.73,189.65,2024-08-31,Distribuidor,Francia,EUR
Guantes Gym,Oficina,Distribuciones Europa,2,509.55,33.88,107.01,2024-03-30,Tienda,Portugal,EUR
Set Mancuernas,Accesorios,HomePlus,5,464.74,60.18,97.6,2024-01-19,Online,Italia,EUR
Cargador USB-C,Deportes,ElectroMax,2,1199.52,62.76,251.9,2024-08-07,Tienda,Italia,EUR
Plancha Vapor,Video,Distribuciones Europa,3,888.2,39.65,186.52,2024-10-14,Tienda,España,EUR
Laptop Pro,Hogar,HomePlus,5,110.41,12.26,23.19,2024-07-10,Online,Italia,EUR
SSD 1TB,Hogar,GlobalTech,2,769.3,103.95,161.55,2024-02-15,Online,Francia,EUR
Reloj Deportivo,Electrónica,MegaStore,4,864.98,52.92,181.65,2024-06-09,Distribuidor,Francia,EUR
Smartphone Mini,Deportes,Distribuciones Europa,3,308.53,19.65,64.79,2024-11-30,Tienda,Italia,EUR
Batidora Pro,Moda,ElectroMax,5,1137.54,88.31,238.88,2024-08-18,Distribuidor,Alemania,EUR
Smartphone X,Deportes,GlobalTech,2,1474.44,16.32,309.63,2024-12-12,Tienda,España,EUR
Cámara HD,Electrónica,Distribuciones Europa,1,768.36,50.66,161.36,2024-09-06,Tienda,Portugal,EUR
Silla Gamer,Deportes,FashionCorp,2,1601.55,9.57,336.33,2024-04-30,Tienda,Alemania,EUR
Proyector HD,Deportes,HomePlus,4,512.3,27.32,107.58,2024-03-19,Tienda,España,EUR
Cámara HD,Oficina,HomePlus,4,1597.35,208.28,335.44,2024-03-10,Online,España,EUR
Auriculares Bluetooth,Oficina,ProGear,4,296.98,41.26,62.37,2024-06-15,Distribuidor,Italia,EUR
Zapatillas Running,Video,MegaStore,3,1112.55,67.46,233.64,2024-12-01,Distribuidor,Portugal,EUR
Tostadora,Electrónica,HomePlus,2,26.17,2.54,5.5,2024-08-03,Online,Alemania,EUR
Mochila Travel,Moda,ElectroMax,4,673.57,22.98,141.45,2024-08-25,Distribuidor,Portugal,EUR
Aspiradora Robot,Audio,MegaStore,4,167.82,22.43,35.24,2024-10-16,Online,Alemania,EUR
Cámara HD,Audio,LogiTech,2,339.91,32.97,71.38,2024-07-23,Online,Portugal,EUR
Ventilador Turbo,Electrónica,FashionCorp,5,186.41,14.07,39.15,2024-08-12,Distribuidor,España,EUR
Guantes Gym,Audio,ElectroMax,5,996.7,26.72,209.31,2024-04-30,Online,Portugal,EUR
Drone Mini,Hogar,SportWorld,1,536.75,37.07,112.72,2024-08-16,Tienda,España,EUR
Memoria RAM 16GB,Oficina,Distribuciones Europa,1,368.93,43.87,77.48,2024-07-12,Distribuidor,Portugal,EUR
TV 55,Deportes,ProGear,4,922.36,112.1,193.7,2024-03-03,Tienda,Italia,EUR
Laptop Pro,Accesorios,ProGear,3,509.96,23.11,107.09,2024-07-09,Tienda,Italia,EUR
Guantes Gym,Electrónica,HomePlus,1,1265.2,8.55,265.69,2024-11-23,Distribuidor,España,EUR
Smartphone Mini,Moda,ProGear,4,1543.74,48.02,324.19,2024-01-15,Tienda,España,EUR
TV 65,Accesorios,TechCorp,1,684.06,33.35,143.65,2024-01-30,Online,Alemania,EUR
Mochila Travel,Deportes,MegaStore,5,334.98,2.53,70.35,2024-07-05,Tienda,Alemania,EUR
Reloj Deportivo,Moda,FashionCorp,4,433.95,3.71,91.13,2024-06-16,Online,España,EUR
Zapatillas Running,Hogar,LogiTech,3,1061.05,22.46,222.82,2024-02-25,Distribuidor,Italia,EUR
Teclado Mecánico,Audio,ElectroMax,4,1006.01,81.02,211.26,2024-12-26,Tienda,Italia,EUR
Auriculares Bluetooth,Accesorios,ElectroMax,1,385.94,55.91,81.05,2024-10-29,Online,Italia,EUR
Pantalón Trekking,Accesorios,GlobalTech,5,369.0,37.34,77.49,2024-10-19,Online,Portugal,EUR
PowerBank 20k,Moda,LogiTech,2,436.37,31.66,91.64,2024-01-05,Distribuidor,Portugal,EUR
Drone Mini,Hogar,GlobalTech,2,319.53,17.27,67.1,2024-03-29,Online,Alemania,EUR
SSD 1TB,Deportes,TechCorp,1,1457.68,38.95,306.11,2024-11-04,Distribuidor,España,EUR
Webcam FullHD,Video,GlobalTech,1,450.25,4.31,94.55,2024-04-07,Online,Italia,EUR
Aspiradora Robot,Accesorios,FashionCorp,5,242.82,12.16,50.99,2024-07-30,Tienda,Portugal,EUR
PowerBank 20k,Video,SportWorld,5,635.73,9.99,133.5,2024-09-14,Distribuidor,Francia,EUR
Laptop Air,Deportes,MegaStore,1,667.04,55.39,140.08,2024-02-22,Distribuidor,Portugal,EUR
Microfono Pro,Accesorios,SportWorld,2,1313.38,18.53,275.81,2024-11-22,Tienda,Portugal,EUR
Monitor 27,Video,GlobalTech,4,1004.79,143.87,211.01,2024-09-26,Online,Italia,EUR
Drone Mini,Accesorios,LogiTech,4,747.8,11.91,157.04,2024-12-08,Tienda,Portugal,EUR
Cafetera Automática,Video,GlobalTech,2,484.98,41.8,101.85,2024-06-20,Online,Francia,EUR
TV 55,Hogar,ProGear,5,1341.16,154.54,281.64,2024-10-09,Online,España,EUR
Casco Bicicleta,Electrónica,ElectroMax,3,38.47,0.03,8.08,2024-07-08,Online,Italia,EUR
Cámara HD,Oficina,MegaStore,3,411.48,3.49,86.41,2024-04-08,Online,Francia,EUR
Microfono Pro,Moda,Distribuciones Europa,3,1633.69,16.83,343.07,2024-03-31,Online,Alemania,EUR
Plancha Vapor,Deportes,MegaStore,2,677.35,68.42,142.24,2024-05-08,Distribuidor,Italia,EUR
Webcam FullHD,Video,SportWorld,4,350.6,34.4,73.63,2024-06-28,Tienda,Alemania,EUR
HDD 2TB,Hogar,ElectroMax,1,43.34,3.85,9.1,2024-09-08,Tienda,Italia,EUR
Tablet Plus,Video,HomePlus,1,408.99,49.95,85.89,2024-04-26,Distribuidor,Italia,EUR
Tostadora,Oficina,SportWorld,2,885.15,77.3,185.88,2024-04-01,Distribuidor,Alemania,EUR
Colchoneta Yoga,Electrónica,ProGear,5,281.98,19.79,59.22,2024-10-11,Online,Francia,EUR
TV 55,Electrónica,Distribuciones Europa,1,693.24,101.76,145.58,2024-06-03,Tienda,Francia,EUR
Router WiFi,Video,LogiTech,3,861.34,96.77,180.88,2024-06-22,Online,Alemania,EUR
SSD 1TB,Video,SportWorld,2,793.35,69.33,166.6,2024-11-02,Tienda,Francia,EUR
Gafas Sol,Moda,HomePlus,4,133.62,10.38,28.06,2024-10-23,Distribuidor,Francia,EUR
Pantalón Trekking,Video,LogiTech,5,203.79,8.32,42.8,2024-01-18,Tienda,España,EUR
Smartwatch,Video,LogiTech,4,1397.1,38.4,293.39,2024-02-06,Distribuidor,España,EUR
Laptop Pro,Hogar,HomePlus,5,241.9,28.85,50.8,2024-03-03,Online,Alemania,EUR
Aspiradora Robot,Audio,ProGear,5,614.91,73.33,129.13,2024-07-14,Tienda,Portugal,EUR
Smartphone X,Electrónica,ProGear,5,1805.72,115.98,379.2,2024-12-06,Tienda,Alemania,EUR
Colchoneta Yoga,Audio,LogiTech,3,1212.94,95.77,254.72,2024-10-08,Distribuidor,España,EUR
Guantes Gym,Video,TechCorp,5,852.18,57.78,178.96,2024-07-29,Tienda,Alemania,EUR
Reloj Deportivo,Electrónica,MegaStore,2,1076.09,52.57,225.98,2024-02-12,Tienda,Alemania,EUR
SSD 1TB,Deportes,GlobalTech,3,1106.16,135.2,232.29,2024-08-20,Tienda,Alemania,EUR
Auriculares Bluetooth,Deportes,Distribuciones Europa,2,1104.22,60.52,231.89,2024-02-16,Distribuidor,Portugal,EUR
Memoria RAM 16GB,Hogar,TechCorp,5,333.43,5.23,70.02,2024-04-25,Distribuidor,Italia,EUR
Laptop Pro,Accesorios,ProGear,2,370.59,13.35,77.82,2024-07-23,Tienda,Francia,EUR
Casco Bicicleta,Hogar,TechCorp,5,1851.19,12.2,388.75,2024-01-20,Tienda,Francia,EUR
Plancha Vapor,Video,LogiTech,2,465.53,10.03,97.76,2024-10-17,Distribuidor,Italia,EUR
Mouse Gamer,Oficina,ElectroMax,5,1078.62,155.41,226.51,2024-11-30,Distribuidor,Alemania,EUR
Ventilador Turbo,Audio,Distribuciones Europa,1,1586.77,105.03,333.22,2024-09-17,Distribuidor,Portugal,EUR
HDD 2TB,Deportes,GlobalTech,4,675.56,47.97,141.87,2024-05-01,Distribuidor,Portugal,EUR
HDD 2TB,Moda,ElectroMax,2,165.23,8.42,34.7,2024-08-01,Online,Alemania,EUR
Set Mancuernas,Moda,ProGear,5,190.84,13.71,40.08,2024-07-14,Tienda,Alemania,EUR
Set Mancuernas,Video,FashionCorp,5,1527.24,162.84,320.72,2024-03-01,Online,España,EUR
Smartphone Mini,Hogar,SportWorld,1,1120.87,94.07,235.38,2024-12-17,Tienda,Portugal,EUR
SSD 1TB,Oficina,Distribuciones Europa,1,419.24,32.42,88.04,2024-02-01,Distribuidor,España,EUR
Monitor 27,Audio,ElectroMax,4,1071.2,87.97,224.95,2024-07-28,Online,Francia,EUR
Drone Mini,Electrónica,GlobalTech,2,955.76,80.41,200.71,2024-08-06,Distribuidor,España,EUR
Proyector HD,Hogar,HomePlus,4,933.38,133.33,196.01,2024-11-21,Distribuidor,España,EUR
Drone Mini,Electrónica,SportWorld,2,1259.95,6.77,264.59,2024-11-11,Distribuidor,España,EUR
Aspiradora Robot,Hogar,Distribuciones Europa,2,1037.04,27.46,217.78,2024-09-26,Online,Francia,EUR
TV 55,Hogar,Distribuciones Europa,5,200.63,19.13,42.13,2024-07-26,Tienda,Francia,EUR
Aspiradora Robot,Electrónica,FashionCorp,3,1148.69,72.54,241.22,2024-09-30,Tienda,Alemania,EUR
Colchoneta Yoga,Audio,TechCorp,1,378.73,5.75,79.53,2024-04-20,Distribuidor,Alemania,EUR
Auriculares Bluetooth,Accesorios,ProGear,1,182.92,12.34,38.41,2024-08-23,Distribuidor,Italia,EUR
Memoria RAM 16GB,Oficina,GlobalTech,1,851.53,106.32,178.82,2024-10-19,Online,Alemania,EUR
Reloj Deportivo,Oficina,Distribuciones Europa,1,920.72,32.23,193.35,2024-12-28,Distribuidor,Alemania,EUR
Chaqueta Invierno,Deportes,ElectroMax,5,31.72,4.52,6.66,2024-06-09,Distribuidor,Alemania,EUR
HDD 2TB,Accesorios,ElectroMax,5,885.66,123.54,185.99,2024-09-02,Distribuidor,Portugal,EUR
Escritorio Oficina,Audio,HomePlus,2,252.34,35.32,52.99,2024-05-10,Online,Alemania,EUR
Cámara HD,Electrónica,MegaStore,1,513.4,4.02,107.81,2024-05-31,Online,Portugal,EUR
Mochila Travel,Deportes,FashionCorp,1,563.7,53.71,118.38,2024-04-25,Tienda,Francia,EUR
Aspiradora Robot,Oficina,FashionCorp,4,1087.6,122.68,228.4,2024-05-03,Online,Italia,EUR
Smartwatch,Moda,ElectroMax,2,476.25,21.57,100.01,2024-04-13,Tienda,Italia,EUR
Cámara HD,Audio,ProGear,1,214.65,27.09,45.08,2024-09-08,Distribuidor,España,EUR
Pelota Fitness,Accesorios,MegaStore,4,888.06,131.22,186.49,2024-04-14,Online,Italia,EUR
Guantes Gym,Oficina,HomePlus,1,1480.94,17.53,311.0,2024-04-11,Tienda,Francia,EUR
Cámara HD,Oficina,SportWorld,3,1297.63,28.45,272.5,2024-02-23,Tienda,Italia,EUR
Monitor 27,Oficina,TechCorp,5,316.69,13.55,66.5,2024-12-02,Distribuidor,Italia,EUR
Plancha Vapor,Oficina,TechCorp,5,1322.52,42.51,277.73,2024-11-15,Distribuidor,Alemania,EUR
Barra de Sonido,Moda,ElectroMax,4,637.01,41.63,133.77,2024-02-16,Online,Alemania,EUR
Cafetera Automática,Hogar,Distribuciones Europa,5,800.28,37.64,168.06,2024-01-25,Distribuidor,Portugal,EUR
Smartphone X,Electrónica,Distribuciones Europa,2,106.39,2.09,22.34,2024-08-16,Tienda,Alemania,EUR
TV 65,Accesorios,ProGear,4,928.81,119.12,195.05,2024-04-01,Distribuidor,Portugal,EUR
Casco Bicicleta,Audio,TechCorp,5,182.43,19.01,38.31,2024-01-30,Distribuidor,Alemania,EUR
SSD 1TB,Video,SportWorld,5,475.72,3.08,99.9,2024-06-05,Online,Portugal,EUR
Microfono Pro,Moda,GlobalTech,4,498.45,38.88,104.67,2024-11-24,Tienda,Italia,EUR
PowerBank 20k,Electrónica,TechCorp,4,443.61,62.29,93.16,2024-01-03,Tienda,Francia,EUR
Set Mancuernas,Video,ElectroMax,3,1070.17,137.8,224.74,2024-09-18,Online,Alemania,EUR
Monitor 27,Deportes,ProGear,3,213.18,23.8,44.77,2024-09-06,Online,Alemania,EUR
Barra de Sonido,Video,ProGear,1,886.22,26.01,186.11,2024-02-07,Distribuidor,Francia,EUR
Ventilador Turbo,Oficina,TechCorp,2,461.08,36.83,96.83,2024-07-22,Distribuidor,España,EUR
Ventilador Turbo,Hogar,ProGear,3,453.26,29.39,95.18,2024-04-02,Tienda,España,EUR
Tostadora,Accesorios,ElectroMax,3,490.42,57.02,102.99,2024-08-08,Tienda,Francia,EUR
Cargador USB-C,Accesorios,LogiTech,1,308.6,7.68,64.81,2024-08-16,Distribuidor,Italia,EUR
Proyector HD,Video,LogiTech,1,1691.97,37.41,355.31,2024-12-14,Distribuidor,Alemania,EUR
Cargador USB-C,Moda,MegaStore,2,1109.68,56.21,233.03,2024-01-10,Distribuidor,Francia,EUR
Microfono Pro,Electrónica,HomePlus,1,1073.04,4.31,225.34,2024-11-27,Distribuidor,España,EUR
Drone Mini,Moda,ElectroMax,4,1314.03,183.94,275.95,2024-12-03,Distribuidor,Italia,EUR
TV 65,Audio,ProGear,1,178.66,1.09,37.52,2024-09-23,Distribuidor,Francia,EUR
Laptop Air,Video,HomePlus,3,807.58,78.91,169.59,2024-03-28,Online,Francia,EUR
Tablet Plus,Audio,LogiTech,2,1224.08,139.71,257.06,2024-06-18,Tienda,España,EUR
Guantes Gym,Deportes,GlobalTech,3,1025.59,104.25,215.37,2024-08-22,Online,Francia,EUR
Cafetera Automática,Oficina,Distribuciones Europa,1,1150.01,44.87,241.5,2024-04-08,Tienda,Francia,EUR
Chaqueta Invierno,Oficina,ProGear,2,1582.25,31.58,332.27,2024-12-06,Tienda,Portugal,EUR
Colchoneta Yoga,Video,GlobalTech,2,251.07,18.08,52.72,2024-06-22,Tienda,España,EUR
Drone Mini,Oficina,LogiTech,5,1150.84,78.52,241.68,2024-05-07,Distribuidor,Italia,EUR
Webcam FullHD,Accesorios,FashionCorp,2,415.96,57.31,87.35,2024-07-06,Distribuidor,Francia,EUR
Aspiradora Robot,Oficina,TechCorp,2,1285.98,154.73,270.06,2024-10-21,Tienda,Portugal,EUR
Smartphone Mini,Electrónica,TechCorp,3,1209.99,46.55,254.1,2024-08-21,Distribuidor,España,EUR
Aspiradora Robot,Electrónica,LogiTech,3,1673.5,117.55,351.44,2024-01-20,Distribuidor,Italia,EUR
Aspiradora Robot,Accesorios,ElectroMax,2,1164.12,152.03,244.47,2024-02-15,Distribuidor,Portugal,EUR
Mochila Travel,Hogar,SportWorld,4,834.22,96.43,175.19,2024-03-30,Distribuidor,Portugal,EUR
Chaqueta Invierno,Hogar,MegaStore,5,942.49,24.83,197.92,2024-02-07,Online,España,EUR
Monitor 27,Electrónica,HomePlus,5,360.69,11.25,75.74,2024-07-31,Online,España,EUR
Set Mancuernas,Hogar,Distribuciones Europa,4,1058.22,21.17,222.23,2024-09-20,Online,Italia,EUR
Smartwatch,Accesorios,ElectroMax,1,69.41,3.54,14.58,2024-04-03,Tienda,Alemania,EUR
SSD 1TB,Oficina,TechCorp,2,278.4,7.97,58.46,2024-10-27,Distribuidor,Alemania,EUR
Tablet Plus,Audio,MegaStore,2,1156.35,69.78,242.83,2024-07-06,Tienda,España,EUR
Cargador USB-C,Audio,HomePlus,4,1521.93,136.39,319.61,2024-12-16,Online,Italia,EUR
Altavoz Bluetooth,Oficina,GlobalTech,1,1000.07,23.39,210.01,2024-03-12,Online,Portugal,EUR
Proyector HD,Electrónica,ProGear,4,208.95,6.6,43.88,2024-02-21,Online,Portugal,EUR
Monitor 27,Hogar,MegaStore,1,1331.98,146.28,279.72,2024-05-03,Distribuidor,Portugal,EUR
Laptop Air,Deportes,HomePlus,5,1604.91,79.31,337.03,2024-03-22,Distribuidor,Portugal,EUR
Aspiradora Robot,Accesorios,HomePlus,1,1006.92,108.54,211.45,2024-08-02,Distribuidor,Italia,EUR
Monitor 27,Deportes,ElectroMax,2,1899.46,130.36,398.89,2024-12-01,Distribuidor,Italia,EUR
TV 55,Audio,LogiTech,2,410.96,39.21,86.3,2024-03-10,Online,Portugal,EUR
Plancha Vapor,Oficina,FashionCorp,1,1129.73,162.2,237.24,2024-06-28,Online,España,EUR
Mochila Travel,Hogar,TechCorp,3,450.73,32.94,94.65,2024-02-10,Tienda,Portugal,EUR
Aspiradora Robot,Oficina,GlobalTech,2,758.56,36.16,159.3,2024-12-16,Distribuidor,España,EUR
Memoria RAM 16GB,Electrónica,Distribuciones Europa,2,745.6,9.99,156.58,2024-09-07,Distribuidor,Portugal,EUR
Impresora Laser,Electrónica,Distribuciones Europa,5,317.59,2.75,66.69,2024-07-20,Online,Francia,EUR
Monitor 32,Video,TechCorp,2,242.43,28.69,50.91,2024-11-13,Online,Portugal,EUR
Microfono Pro,Accesorios,SportWorld,2,745.2,70.63,156.49,2024-02-02,Distribuidor,España,EUR
Pelota Fitness,Moda,ProGear,4,626.9,18.01,131.65,2024-09-06,Tienda,España,EUR
Laptop Pro,Audio,FashionCorp,2,1229.22,43.57,258.14,2024-05-01,Tienda,Alemania,EUR
Pantalón Trekking,Hogar,FashionCorp,1,288.68,31.69,60.62,2024-07-27,Tienda,Francia,EUR
Aspiradora Robot,Oficina,HomePlus,3,421.39,15.08,88.49,2024-12-15,Online,Italia,EUR
Altavoz Bluetooth,Deportes,SportWorld,3,656.39,87.43,137.84,2024-10-21,Tienda,Italia,EUR
Chaqueta Invierno,Electrónica,Distribuciones Europa,1,207.98,7.19,43.68,2024-06-30,Distribuidor,Alemania,EUR
Barra de Sonido,Accesorios,ProGear,1,1532.48,96.95,321.82,2024-04-14,Distribuidor,Portugal,EUR
Auriculares Bluetooth,Video,MegaStore,4,655.49,14.25,137.65,2024-03-09,Tienda,Italia,EUR
Gafas Sol,Accesorios,LogiTech,4,2069.01,229.87,434.49,2024-11-27,Online,Portugal,EUR
TV 65,Video,MegaStore,5,746.98,72.28,156.87,2024-05-31,Distribuidor,Portugal,EUR
Proyector HD,Oficina,GlobalTech,5,978.3,146.57,205.44,2024-11-17,Online,Francia,EUR
Impresora Laser,Deportes,LogiTech,5,334.49,23.56,70.24,2024-08-09,Online,Alemania,EUR
Aspiradora Robot,Audio,Distribuciones Europa,2,491.88,49.69,103.29,2024-01-26,Distribuidor,Portugal,EUR
Auriculares Bluetooth,Deportes,SportWorld,4,209.94,16.81,44.09,2024-08-06,Online,Alemania,EUR
PowerBank 20k,Moda,SportWorld,2,935.83,9.05,196.52,2024-07-29,Online,España,EUR
Barra de Sonido,Moda,TechCorp,4,770.43,60.75,161.79,2024-04-23,Online,Alemania,EUR
Lámpara LED,Audio,ElectroMax,1,590.63,86.64,124.03,2024-03-04,Tienda,Alemania,EUR
Pelota Fitness,Moda,LogiTech,1,1357.01,202.24,284.97,2024-12-02,Tienda,Italia,EUR
Teclado Mecánico,Moda,Distribuciones Europa,3,260.67,3.65,54.74,2024-03-15,Tienda,Portugal,EUR
Cafetera Automática,Accesorios,HomePlus,1,1606.15,235.23,337.29,2024-09-03,Online,Francia,EUR
Memoria RAM 16GB,Electrónica,GlobalTech,4,854.7,103.74,179.49,2024-01-25,Online,Portugal,EUR
Monitor 27,Electrónica,HomePlus,4,305.73,20.23,64.2,2024-11-02,Online,Alemania,EUR
Smartwatch,Audio,MegaStore,4,842.26,61.02,176.87,2024-06-21,Tienda,Francia,EUR
Barra de Sonido,Hogar,Distribuciones Europa,3,706.76,83.92,148.42,2024-12-19,Distribuidor,Portugal,EUR
TV 55,Hogar,LogiTech,1,606.89,24.7,127.45,2024-02-15,Online,Alemania,EUR
TV 65,Electrónica,SportWorld,1,803.92,49.79,168.82,2024-06-11,Distribuidor,Portugal,EUR
Tablet Plus,Hogar,Distribuciones Europa,1,1357.92,155.9,285.16,2024-04-06,Online,Francia,EUR
Chaqueta Invierno,Accesorios,MegaStore,1,1548.9,131.46,325.27,2024-11-23,Distribuidor,Francia,EUR
Webcam FullHD,Electrónica,GlobalTech,1,1182.19,132.17,248.26,2024-02-04,Tienda,Portugal,EUR
Set Mancuernas,Oficina,LogiTech,2,247.76,8.33,52.03,2024-04-28,Tienda,Portugal,EUR
Tablet Plus,Oficina,Distribuciones Europa,2,1416.56,4.52,297.48,2024-12-25,Online,España,EUR
Tablet Plus,Moda,MegaStore,2,635.83,7.67,133.52,2024-10-30,Tienda,Italia,EUR
Smartwatch,Audio,ElectroMax,5,1155.08,32.19,242.57,2024-02-08,Tienda,Alemania,EUR
Set Mancuernas,Hogar,SportWorld,3,1164.96,138.97,244.64,2024-07-15,Distribuidor,Alemania,EUR
Proyector HD,Video,Distribuciones Europa,3,458.12,31.82,96.21,2024-02-16,Distribuidor,España,EUR
Tablet Plus,Deportes,LogiTech,1,1005.63,42.26,211.18,2024-05-06,Distribuidor,Italia,EUR
Escritorio Oficina,Video,SportWorld,1,552.12,66.63,115.95,2024-08-10,Online,España,EUR
Monitor 27,Deportes,FashionCorp,5,988.41,45.68,207.57,2024-07-26,Tienda,Portugal,EUR
Gafas Sol,Accesorios,LogiTech,2,314.47,23.2,66.04,2024-09-28,Tienda,Francia,EUR
Zapatillas Running,Oficina,MegaStore,2,603.95,37.68,126.83,2024-07-18,Online,Francia,EUR
Pantalón Trekking,Oficina,HomePlus,2,366.89,24.59,77.05,2024-07-30,Online,Italia,EUR
Colchoneta Yoga,Audio,ProGear,3,316.86,8.39,66.54,2024-02-21,Distribuidor,Francia,EUR
Cargador USB-C,Deportes,ElectroMax,1,773.6,3.78,162.46,2024-01-31,Tienda,Italia,EUR
Gafas Sol,Video,ElectroMax,3,664.3,83.65,139.5,2024-06-08,Tienda,Francia,EUR
Casco Bicicleta,Audio,HomePlus,5,192.84,5.6,40.5,2024-06-19,Tienda,Alemania,EUR
Set Mancuernas,Electrónica,ElectroMax,5,509.38,58.74,106.97,2024-02-16,Tienda,Francia,EUR
Ventilador Turbo,Audio,GlobalTech,2,1251.91,19.43,262.9,2024-10-09,Online,Francia,EUR
Batidora Pro,Electrónica,HomePlus,1,555.28,70.46,116.61,2024-10-10,Tienda,Francia,EUR
Memoria RAM 16GB,Accesorios,ElectroMax,3,1007.09,146.39,211.49,2024-05-06,Tienda,Italia,EUR
Mouse Gamer,Electrónica,ProGear,2,1173.43,127.41,246.42,2024-05-23,Tienda,Alemania,EUR
Silla Gamer,Deportes,MegaStore,4,981.91,11.61,206.2,2024-07-20,Tienda,España,EUR
Batidora Pro,Audio,TechCorp,3,890.52,67.65,187.01,2024-03-12,Distribuidor,España,EUR
Teclado Mecánico,Moda,FashionCorp,4,1247.75,89.81,262.03,2024-05-03,Tienda,Italia,EUR
Ventilador Turbo,Accesorios,ProGear,1,1396.77,164.63,293.32,2024-05-21,Tienda,Francia,EUR
Cámara HD,Oficina,FashionCorp,3,665.3,26.92,139.71,2024-05-19,Distribuidor,Alemania,EUR
Set Mancuernas,Moda,GlobalTech,1,1419.69,9.16,298.13,2024-05-03,Tienda,Portugal,EUR
Guantes Gym,Hogar,Distribuciones Europa,5,924.43,35.69,194.13,2024-03-12,Online,Portugal,EUR
Cámara HD,Accesorios,LogiTech,1,37.54,3.13,7.88,2024-01-11,Distribuidor,Portugal,EUR
Drone Mini,Audio,ElectroMax,2,1468.08,116.32,308.3,2024-04-02,Tienda,Francia,EUR
Tostadora,Electrónica,LogiTech,5,446.57,50.56,93.78,2024-12-29,Online,Portugal,EUR
TV 65,Hogar,TechCorp,4,683.62,38.58,143.56,2024-03-09,Distribuidor,Alemania,EUR
Altavoz Bluetooth,Oficina,HomePlus,2,969.33,6.85,203.56,2024-03-09,Distribuidor,Alemania,EUR
Casco Bicicleta,Oficina,ElectroMax,4,751.58,55.2,157.83,2024-09-30,Online,Alemania,EUR
Monitor 32,Oficina,LogiTech,2,381.67,52.92,80.15,2024-01-23,Online,Francia,EUR
Altavoz Bluetooth,Hogar,SportWorld,4,695.97,104.36,146.15,2024-04-30,Online,Alemania,EUR
Casco Bicicleta,Video,TechCorp,4,557.43,31.91,117.06,2024-03-15,Distribuidor,Portugal,EUR
Colchoneta Yoga,Hogar,SportWorld,5,1135.23,115.06,238.4,2024-08-20,Distribuidor,Francia,EUR
Set Mancuernas,Deportes,Distribuciones Europa,3,132.15,13.62,27.75,2024-09-01,Online,Alemania,EUR
Memoria RAM 16GB,Deportes,Distribuciones Europa,5,475.8,68.28,99.92,2024-11-29,Distribuidor,Italia,EUR
Monitor 27,Hogar,TechCorp,3,785.49,96.67,164.95,2024-07-03,Distribuidor,Portugal,EUR
Silla Gamer,Oficina,TechCorp,4,1986.99,189.07,417.27,2024-12-19,Tienda,Italia,EUR
Teclado Mecánico,Accesorios,LogiTech,5,518.94,62.69,108.98,2024-04-08,Tienda,Francia,EUR
Drone Mini,Oficina,LogiTech,1,366.3,25.3,76.92,2024-11-17,Distribuidor,Francia,EUR
Silla Gamer,Electrónica,GlobalTech,3,696.48,89.77,146.26,2024-06-15,Distribuidor,Francia,EUR
Escritorio Oficina,Moda,LogiTech,4,1806.47,221.94,379.36,2024-01-13,Online,Francia,EUR
Pelota Fitness,Audio,FashionCorp,2,749.37,60.33,157.37,2024-08-06,Tienda,Alemania,EUR
Impresora Laser,Deportes,TechCorp,3,296.4,39.56,62.24,2024-09-14,Distribuidor,Francia,EUR
Batidora Pro,Video,ElectroMax,3,550.72,60.17,115.65,2024-11-23,Tienda,Alemania,EUR
Reloj Deportivo,Audio,GlobalTech,3,651.64,27.41,136.84,2024-10-21,Online,Italia,EUR
HDD 2TB,Hogar,ElectroMax,1,1177.88,17.34,247.35,2024-01-07,Distribuidor,Alemania,EUR
Colchoneta Yoga,Deportes,HomePlus,2,714.26,21.02,149.99,2024-10-07,Tienda,Portugal,EUR
Webcam FullHD,Video,TechCorp,2,501.73,39.09,105.36,2024-05-27,Tienda,España,EUR
Lámpara LED,Deportes,HomePlus,1,542.32,57.99,113.89,2024-03-02,Online,España,EUR
Tablet Plus,Hogar,HomePlus,4,275.07,35.09,57.76,2024-11-03,Distribuidor,Italia,EUR
Guantes Gym,Deportes,ElectroMax,5,715.1,76.91,150.17,2024-01-09,Distribuidor,España,EUR
Teclado Mecánico,Electrónica,MegaStore,5,286.62,41.25,60.19,2024-07-15,Tienda,Italia,EUR
Smartwatch,Accesorios,MegaStore,2,1533.71,42.65,322.08,2024-03-25,Distribuidor,Italia,EUR
Smartphone Mini,Electrónica,LogiTech,3,1536.95,215.49,322.76,2024-04-26,Distribuidor,Italia,EUR
Pantalón Trekking,Audio,SportWorld,5,992.72,34.2,208.47,2024-02-20,Tienda,Alemania,EUR
Smartphone X,Video,ProGear,5,333.48,46.22,70.03,2024-05-29,Tienda,Francia,EUR
Cargador USB-C,Deportes,ElectroMax,4,849.42,127.05,178.38,2024-04-23,Tienda,Portugal,EUR
HDD 2TB,Electrónica,FashionCorp,4,1453.99,212.51,305.34,2024-09-26,Tienda,Portugal,EUR
Gafas Sol,Video,LogiTech,2,757.49,98.0,159.07,2024-09-14,Tienda,Francia,EUR
Teclado Mecánico,Electrónica,SportWorld,3,1444.86,98.18,303.42,2024-09-04,Online,Francia,EUR
PowerBank 20k,Video,MegaStore,5,366.93,28.53,77.06,2024-04-16,Online,Francia,EUR
Mouse Gamer,Electrónica,MegaStore,3,884.06,37.51,185.65,2024-01-17,Online,Francia,EUR
Impresora Laser,Deportes,TechCorp,5,1027.73,29.53,215.82,2024-08-23,Online,Portugal,EUR
SSD 1TB,Video,FashionCorp,2,709.77,89.5,149.05,2024-10-04,Tienda,Francia,EUR
Barra de Sonido,Accesorios,LogiTech,4,1583.42,176.87,332.52,2024-09-05,Distribuidor,Alemania,EUR
Monitor 32,Electrónica,ProGear,5,1212.01,153.76,254.52,2024-10-06,Online,España,EUR
Gafas Sol,Video,LogiTech,4,1160.16,42.71,243.63,2024-05-11,Distribuidor,Alemania,EUR
Pantalón Trekking,Deportes,MegaStore,3,1516.57,119.4,318.48,2024-04-14,Online,Italia,EUR
Proyector HD,Electrónica,HomePlus,4,307.01,34.53,64.47,2024-03-05,Online,Portugal,EUR
HDD 2TB,Accesorios,ElectroMax,3,657.79,6.8,138.14,2024-06-28,Online,Portugal,EUR
Cafetera Automática,Hogar,MegaStore,1,1155.22,141.88,242.6,2024-10-21,Online,Alemania,EUR
Monitor 27,Deportes,ElectroMax,2,1534.05,40.0,322.15,2024-12-17,Distribuidor,España,EUR
Guantes Gym,Moda,ProGear,4,745.6,78.03,156.58,2024-07-24,Online,Alemania,EUR
Microfono Pro,Oficina,MegaStore,3,1128.39,2.12,236.96,2024-05-20,Online,Italia,EUR
Router WiFi,Moda,ElectroMax,2,958.19,90.99,201.22,2024-07-30,Online,Alemania,EUR
Tablet Plus,Oficina,LogiTech,3,340.97,17.78,71.6,2024-10-31,Tienda,Alemania,EUR
Drone Mini,Video,SportWorld,5,1041.66,96.28,218.75,2024-07-12,Online,Italia,EUR
Refrigerador Mini,Electrónica,MegaStore,4,110.51,14.73,23.21,2024-01-17,Tienda,Francia,EUR
Guantes Gym,Oficina,SportWorld,5,1427.37,79.38,299.75,2024-03-31,Online,Alemania,EUR
Escritorio Oficina,Accesorios,FashionCorp,4,2217.13,206.35,465.6,2024-11-12,Distribuidor,España,EUR
Escritorio Oficina,Video,FashionCorp,5,113.13,2.73,23.76,2024-07-23,Tienda,Alemania,EUR
Laptop Pro,Oficina,FashionCorp,4,378.33,25.16,79.45,2024-05-18,Distribuidor,Italia,EUR
PowerBank 20k,Deportes,HomePlus,1,558.11,33.64,117.2,2024-04-01,Distribuidor,Alemania,EUR
Guantes Gym,Audio,TechCorp,5,801.58,49.71,168.33,2024-08-15,Tienda,Francia,EUR
Smartwatch,Accesorios,ProGear,2,471.01,1.52,98.91,2024-11-22,Distribuidor,Francia,EUR
Ventilador Turbo,Video,MegaStore,4,1494.32,72.13,313.81,2024-11-12,Tienda,Portugal,EUR
HDD 2TB,Oficina,LogiTech,2,849.87,5.34,178.47,2024-12-09,Online,Italia,EUR
HDD 2TB,Audio,FashionCorp,4,1630.59,94.82,342.42,2024-03-07,Distribuidor,Francia,EUR
Refrigerador Mini,Electrónica,HomePlus,1,295.14,13.02,61.98,2024-09-14,Tienda,Portugal,EUR
Chaqueta Invierno,Electrónica,HomePlus,4,812.73,74.89,170.67,2024-11-22,Online,Italia,EUR
Casco Bicicleta,Electrónica,MegaStore,2,1412.61,169.39,296.65,2024-04-06,Online,Alemania,EUR
Guantes Gym,Oficina,LogiTech,1,844.93,103.91,177.44,2024-05-12,Distribuidor,España,EUR
Router WiFi,Accesorios,LogiTech,2,1123.44,99.42,235.92,2024-07-04,Distribuidor,Portugal,EUR
Cámara HD,Deportes,HomePlus,2,279.23,22.91,58.64,2024-01-24,Tienda,Portugal,EUR
PowerBank 20k,Electrónica,ProGear,4,1095.0,124.68,229.95,2024-06-14,Distribuidor,Portugal,EUR
Pelota Fitness,Accesorios,ProGear,2,205.29,13.21,43.11,2024-05-05,Distribuidor,Alemania,EUR
Aspiradora Robot,Moda,MegaStore,5,1469.63,131.75,308.62,2024-02-04,Distribuidor,Francia,EUR
Set Mancuernas,Moda,LogiTech,3,521.5,45.7,109.52,2024-03-15,Online,Portugal,EUR
Router WiFi,Electrónica,MegaStore,2,1182.78,14.9,248.38,2024-12-12,Distribuidor,Portugal,EUR
Set Mancuernas,Electrónica,Distribuciones Europa,4,1035.38,23.18,217.43,2024-06-09,Online,Alemania,EUR
Batidora Pro,Deportes,LogiTech,3,1026.12,141.65,215.49,2024-05-31,Distribuidor,Alemania,EUR
Laptop Air,Deportes,TechCorp,3,940.91,1.81,197.59,2024-09-11,Distribuidor,Portugal,EUR
Smartphone Mini,Video,TechCorp,4,142.46,6.0,29.92,2024-07-19,Online,Alemania,EUR
Laptop Pro,Electrónica,GlobalTech,4,45.74,6.13,9.61,2024-06-16,Distribuidor,Francia,EUR
SSD 1TB,Hogar,LogiTech,3,1675.91,91.51,351.94,2024-09-29,Online,Italia,EUR
Cafetera Automática,Oficina,HomePlus,4,1032.06,9.24,216.73,2024-11-12,Tienda,Francia,EUR
Chaqueta Invierno,Electrónica,FashionCorp,2,638.17,79.2,134.02,2024-07-15,Tienda,Portugal,EUR
Laptop Air,Accesorios,TechCorp,3,824.56,89.98,173.16,2024-03-21,Online,Alemania,EUR
Set Mancuernas,Video,ElectroMax,4,229.23,32.16,48.14,2024-01-31,Online,Italia,EUR
Cargador USB-C,Audio,Distribuciones Europa,1,514.28,31.45,108.0,2024-12-25,Distribuidor,Italia,EUR
Reloj Deportivo,Oficina,LogiTech,5,258.18,5.94,54.22,2024-03-09,Tienda,Portugal,EUR
Monitor 27,Accesorios,Distribuciones Europa,3,217.14,12.7,45.6,2024-05-25,Tienda,Alemania,EUR
SSD 1TB,Video,Distribuciones Europa,5,883.38,47.4,185.51,2024-02-04,Distribuidor,Alemania,EUR
TV 65,Hogar,FashionCorp,2,1501.5,212.76,315.31,2024-04-21,Online,Italia,EUR
Pantalón Trekking,Deportes,ElectroMax,5,1361.49,116.33,285.91,2024-01-31,Tienda,España,EUR
Laptop Air,Hogar,GlobalTech,4,441.72,50.81,92.76,2024-02-28,Distribuidor,Portugal,EUR
Drone Mini,Video,TechCorp,4,787.09,77.8,165.29,2024-06-02,Tienda,Italia,EUR
Proyector HD,Deportes,FashionCorp,3,1353.65,34.05,284.27,2024-04-12,Tienda,Francia,EUR
Laptop Air,Video,HomePlus,3,868.02,15.31,182.28,2024-11-04,Distribuidor,Alemania,EUR
Cafetera Automática,Electrónica,GlobalTech,3,221.24,24.32,46.46,2024-08-16,Distribuidor,Portugal,EUR
Mochila Travel,Hogar,ElectroMax,1,1666.92,48.26,350.05,2024-09-27,Tienda,Francia,EUR
Webcam FullHD,Audio,LogiTech,2,940.01,26.65,197.4,2024-08-14,Tienda,Francia,EUR
Laptop Pro,Accesorios,TechCorp,2,479.08,34.63,100.61,2024-06-27,Online,Italia,EUR
Webcam FullHD,Video,GlobalTech,1,856.3,42.84,179.82,2024-05-12,Tienda,España,EUR
Tostadora,Oficina,SportWorld,1,625.9,76.87,131.44,2024-02-17,Tienda,Francia,EUR
Smartphone X,Moda,ElectroMax,4,231.4,4.88,48.59,2024-02-06,Tienda,Italia,EUR
Altavoz Bluetooth,Audio,ProGear,2,288.18,10.67,60.52,2024-08-01,Distribuidor,España,EUR
Batidora Pro,Moda,ProGear,2,497.2,66.6,104.41,2024-05-11,Tienda,España,EUR
Cámara HD,Moda,Distribuciones Europa,4,349.82,49.63,73.46,2024-04-05,Online,Francia,EUR
Silla Gamer,Deportes,LogiTech,5,44.8,2.49,9.41,2024-10-05,Distribuidor,Portugal,EUR
Guantes Gym,Accesorios,MegaStore,1,1500.28,66.22,315.06,2024-01-18,Online,Portugal,EUR
Guantes Gym,Accesorios,ProGear,5,546.1,0.51,114.68,2024-01-01,Online,Portugal,EUR
Casco Bicicleta,Oficina,FashionCorp,4,195.21,26.88,40.99,2024-01-19,Distribuidor,Italia,EUR
Proyector HD,Video,LogiTech,5,369.86,7.69,77.67,2024-01-14,Online,España,EUR
SSD 1TB,Audio,MegaStore,2,355.03,36.58,74.56,2024-01-13,Tienda,España,EUR
Silla Gamer,Moda,TechCorp,1,381.64,43.39,80.14,2024-10-06,Online,Portugal,EUR
Impresora Laser,Audio,MegaStore,3,1701.27,171.49,357.27,2024-01-18,Tienda,Francia,EUR
Reloj Deportivo,Moda,ElectroMax,3,1096.06,85.34,230.17,2024-01-04,Distribuidor,Italia,EUR
Chaqueta Invierno,Audio,TechCorp,5,199.02,10.09,41.79,2024-12-31,Distribuidor,España,EUR
Gafas Sol,Audio,MegaStore,2,1993.95,197.22,418.73,2024-12-09,Online,España,EUR
Reloj Deportivo,Accesorios,ElectroMax,2,1011.82,8.47,212.48,2024-05-28,Distribuidor,Portugal,EUR
Teclado Mecánico,Hogar,TechCorp,4,1047.84,19.39,220.05,2024-04-23,Tienda,España,EUR
Cámara HD,Accesorios,GlobalTech,3,555.93,34.62,116.75,2024-04-30,Tienda,Alemania,EUR
Cafetera Automática,Oficina,MegaStore,2,1186.66,99.31,249.2,2024-06-11,Tienda,Alemania,EUR
Tablet Plus,Video,ProGear,3,1193.96,143.25,250.73,2024-05-30,Distribuidor,Francia,EUR
Plancha Vapor,Moda,LogiTech,5,1541.56,191.51,323.73,2024-04-02,Tienda,España,EUR
Barra de Sonido,Electrónica,Distribuciones Europa,3,475.75,1.05,99.91,2024-11-11,Distribuidor,Portugal,EUR
Ventilador Turbo,Oficina,ElectroMax,3,455.83,5.29,95.72,2024-05-29,Distribuidor,Portugal,EUR
Set Mancuernas,Video,TechCorp,3,767.3,9.11,161.13,2024-01-25,Distribuidor,España,EUR
Microfono Pro,Hogar,HomePlus,5,1406.94,209.63,295.46,2024-12-27,Distribuidor,Alemania,EUR
SSD 1TB,Moda,HomePlus,5,1017.14,142.81,213.6,2024-03-30,Distribuidor,España,EUR
Cámara HD,Accesorios,HomePlus,1,1237.6,180.05,259.9,2024-03-14,Online,Portugal,EUR
Chaqueta Invierno,Video,ProGear,4,1470.1,202.69,308.72,2024-04-11,Online,Alemania,EUR
Tostadora,Oficina,GlobalTech,3,795.08,114.23,166.97,2024-10-02,Tienda,Portugal,EUR
TV 65,Oficina,ElectroMax,3,902.84,18.61,189.6,2024-11-03,Online,Portugal,EUR
Drone Mini,Oficina,Distribuciones Europa,2,1346.18,4.47,282.7,2024-10-07,Online,Alemania,EUR
Router WiFi,Video,FashionCorp,5,1947.88,134.39,409.05,2024-12-03,Online,Francia,EUR
Pelota Fitness,Deportes,GlobalTech,1,137.14,5.41,28.8,2024-05-22,Online,Alemania,EUR
Zapatillas Running,Hogar,HomePlus,4,146.62,9.58,30.79,2024-08-09,Tienda,Francia,EUR
Colchoneta Yoga,Deportes,TechCorp,3,344.82,48.0,72.41,2024-01-05,Online,España,EUR
Batidora Pro,Audio,ElectroMax,5,1427.64,62.77,299.8,2024-05-09,Online,Francia,EUR
Mouse Gamer,Deportes,GlobalTech,1,24.78,2.03,5.2,2024-07-04,Tienda,Alemania,EUR
Aspiradora Robot,Deportes,ProGear,1,603.61,79.3,126.76,2024-03-09,Distribuidor,Alemania,EUR
Zapatillas Running,Oficina,GlobalTech,2,1524.88,186.91,320.22,2024-03-28,Online,Italia,EUR
Impresora Laser,Audio,GlobalTech,1,374.15,45.34,78.57,2024-06-30,Tienda,Francia,EUR
Proyector HD,Video,GlobalTech,1,1068.66,117.31,224.42,2024-03-14,Distribuidor,Alemania,EUR
Cargador USB-C,Audio,HomePlus,2,956.15,49.4,200.79,2024-07-31,Distribuidor,Portugal,EUR
Smartphone X,Audio,LogiTech,4,646.0,10.11,135.66,2024-09-08,Online,España,EUR
Drone Mini,Moda,ProGear,2,807.35,53.17,169.54,2024-07-17,Online,España,EUR
Guantes Gym,Oficina,SportWorld,1,303.94,20.87,63.83,2024-09-09,Tienda,España,EUR
Monitor 27,Accesorios,Distribuciones Europa,3,827.99,80.62,173.88,2024-08-03,Online,Francia,EUR
Laptop Air,Moda,ProGear,1,1926.8,46.66,404.63,2024-11-14,Online,Italia,EUR
Chaqueta Invierno,Moda,FashionCorp,1,1074.54,61.84,225.65,2024-06-19,Distribuidor,Italia,EUR
Cámara HD,Deportes,GlobalTech,3,186.74,19.53,39.22,2024-03-13,Distribuidor,España,EUR
Aspiradora Robot,Hogar,MegaStore,5,1501.6,167.11,315.34,2024-09-14,Tienda,Francia,EUR
Casco Bicicleta,Electrónica,HomePlus,4,936.25,21.26,196.61,2024-09-07,Online,Italia,EUR
Colchoneta Yoga,Deportes,TechCorp,1,1326.92,83.27,278.65,2024-12-26,Distribuidor,Portugal,EUR
Casco Bicicleta,Audio,HomePlus,4,551.55,80.45,115.83,2024-11-17,Online,Francia,EUR
Ventilador Turbo,Video,HomePlus,4,1153.0,56.5,242.13,2024-12-31,Online,España,EUR
Plancha Vapor,Video,MegaStore,1,1843.49,230.12,387.13,2024-12-19,Tienda,Francia,EUR
Router WiFi,Moda,SportWorld,5,1139.3,131.45,239.25,2024-05-16,Distribuidor,Italia,EUR
HDD 2TB,Oficina,TechCorp,1,1167.87,34.82,245.25,2024-11-28,Distribuidor,Francia,EUR
Smartwatch,Oficina,HomePlus,2,935.19,73.79,196.39,2024-08-11,Tienda,Alemania,EUR
Cargador USB-C,Video,ProGear,1,720.06,5.98,151.21,2024-05-19,Tienda,Francia,EUR
Microfono Pro,Video,TechCorp,1,793.53,95.53,166.64,2024-12-05,Tienda,Francia,EUR
Cámara HD,Video,SportWorld,3,338.4,33.69,71.06,2024-10-28,Distribuidor,Alemania,EUR
Laptop Pro,Audio,ElectroMax,3,741.46,32.05,155.71,2024-01-31,Tienda,Alemania,EUR
Silla Gamer,Video,SportWorld,3,668.27,16.8,140.34,2024-03-04,Online,Francia,EUR
Batidora Pro,Hogar,ProGear,2,1842.32,218.05,386.89,2024-11-17,Distribuidor,Italia,EUR
Colchoneta Yoga,Oficina,SportWorld,3,234.51,13.38,49.25,2024-03-08,Distribuidor,España,EUR
Colchoneta Yoga,Accesorios,Distribuciones Europa,3,534.13,72.07,112.17,2024-05-28,Online,España,EUR
Casco Bicicleta,Accesorios,SportWorld,1,152.0,9.6,31.92,2024-09-07,Online,Francia,EUR
Drone Mini,Accesorios,HomePlus,1,1199.04,45.97,251.8,2024-07-26,Tienda,Alemania,EUR
Router WiFi,Moda,TechCorp,5,1314.39,53.42,276.02,2024-10-26,Online,España,EUR
Tablet Plus,Oficina,FashionCorp,1,919.26,105.75,193.04,2024-03-18,Online,Portugal,EUR
Cafetera Automática,Audio,SportWorld,2,825.99,109.74,173.46,2024-11-06,Online,Italia,EUR
Smartphone X,Video,LogiTech,2,1084.23,98.48,227.69,2024-08-23,Tienda,Francia,EUR
Laptop Air,Video,ProGear,3,360.56,17.58,75.72,2024-05-05,Distribuidor,España,EUR
Zapatillas Running,Moda,Distribuciones Europa,5,952.33,93.84,199.99,2024-09-09,Tienda,Portugal,EUR
Gafas Sol,Audio,FashionCorp,3,883.76,1.4,185.59,2024-04-03,Online,Alemania,EUR
Proyector HD,Hogar,ElectroMax,4,150.79,15.91,31.67,2024-06-02,Online,Francia,EUR
Monitor 32,Oficina,Distribuciones Europa,5,92.22,2.89,19.37,2024-08-11,Tienda,España,EUR
Plancha Vapor,Oficina,SportWorld,1,651.8,26.55,136.88,2024-10-08,Distribuidor,España,EUR
Monitor 27,Electrónica,HomePlus,1,810.29,62.26,170.16,2024-09-18,Online,Italia,EUR
Mouse Gamer,Accesorios,TechCorp,3,14.96,0.44,3.14,2024-05-27,Online,Portugal,EUR
Impresora Laser,Electrónica,LogiTech,3,1355.32,27.83,284.62,2024-11-04,Online,Italia,EUR
Teclado Mecánico,Accesorios,HomePlus,3,796.06,47.86,167.17,2024-05-29,Distribuidor,Alemania,EUR
Cafetera Automática,Audio,ProGear,2,147.87,11.57,31.05,2024-08-28,Distribuidor,Portugal,EUR
Proyector HD,Moda,TechCorp,4,775.23,3.17,162.8,2024-01-30,Online,Portugal,EUR
Cafetera Automática,Video,HomePlus,5,1214.99,9.06,255.15,2024-01-13,Online,Portugal,EUR
Colchoneta Yoga,Deportes,SportWorld,1,466.19,17.27,97.9,2024-06-19,Distribuidor,Alemania,EUR
Monitor 32,Audio,SportWorld,3,961.03,11.57,201.82,2024-02-02,Distribuidor,Italia,EUR
Webcam FullHD,Hogar,SportWorld,3,1101.15,50.66,231.24,2024-04-23,Distribuidor,Portugal,EUR
PowerBank 20k,Hogar,ProGear,2,1161.63,171.41,243.94,2024-05-27,Distribuidor,Francia,EUR
Silla Gamer,Accesorios,SportWorld,5,197.7,26.83,41.52,2024-05-29,Distribuidor,Alemania,EUR
Memoria RAM 16GB,Deportes,FashionCorp,2,370.36,32.4,77.78,2024-04-12,Tienda,Portugal,EUR
Cámara HD,Hogar,SportWorld,1,1029.4,92.95,216.17,2024-04-01,Distribuidor,Portugal,EUR
Casco Bicicleta,Deportes,GlobalTech,4,734.11,71.36,154.16,2024-01-21,Distribuidor,Italia,EUR
Auriculares Bluetooth,Audio,ProGear,5,275.27,3.09,57.81,2024-10-31,Tienda,España,EUR
Cargador USB-C,Video,MegaStore,1,418.14,23.41,87.81,2024-01-24,Online,Portugal,EUR
Tostadora,Deportes,HomePlus,3,1470.29,108.45,308.76,2024-10-17,Tienda,Italia,EUR
Auriculares Bluetooth,Deportes,SportWorld,4,36.62,1.1,7.69,2024-11-25,Tienda,Portugal,EUR
Memoria RAM 16GB,Deportes,LogiTech,2,395.63,54.71,83.08,2024-12-20,Distribuidor,Francia,EUR
Altavoz Bluetooth,Electrónica,TechCorp,3,85.38,0.05,17.93,2024-05-21,Distribuidor,España,EUR
Proyector HD,Video,Distribuciones Europa,4,375.14,18.38,78.78,2024-12-24,Online,Portugal,EUR
Microfono Pro,Accesorios,LogiTech,2,959.15,102.24,201.42,2024-12-31,Tienda,Alemania,EUR
Aspiradora Robot,Moda,ElectroMax,4,536.75,63.02,112.72,2024-05-01,Online,Portugal,EUR
Casco Bicicleta,Oficina,ElectroMax,3,497.9,12.47,104.56,2024-07-25,Online,Italia,EUR
Lámpara LED,Moda,GlobalTech,5,901.31,59.49,189.28,2024-03-31,Online,Portugal,EUR
Monitor 32,Accesorios,ElectroMax,4,172.0,20.52,36.12,2024-04-28,Tienda,España,EUR
HDD 2TB,Audio,FashionCorp,4,1416.45,121.61,297.45,2024-04-23,Online,Francia,EUR
Barra de Sonido,Video,ElectroMax,3,1373.68,131.54,288.47,2024-02-01,Tienda,Portugal,EUR
Casco Bicicleta,Hogar,ProGear,2,735.1,14.11,154.37,2024-06-21,Online,Portugal,EUR
Silla Gamer,Moda,ElectroMax,4,681.75,63.08,143.17,2024-10-14,Online,España,EUR
Smartphone Mini,Moda,TechCorp,3,1125.9,23.47,236.44,2024-05-27,Distribuidor,Italia,EUR
Proyector HD,Moda,ElectroMax,2,679.47,75.17,142.69,2024-02-19,Tienda,Francia,EUR
Barra de Sonido,Audio,TechCorp,2,322.77,31.13,67.78,2024-02-04,Online,Portugal,EUR
Set Mancuernas,Oficina,ProGear,3,751.45,43.12,157.8,2024-01-19,Tienda,Francia,EUR
Smartphone X,Moda,MegaStore,3,652.32,0.31,136.99,2024-12-30,Online,España,EUR
Silla Gamer,Moda,ElectroMax,2,409.95,20.11,86.09,2024-08-01,Tienda,Alemania,EUR
Aspiradora Robot,Oficina,HomePlus,5,1998.57,246.31,419.7,2024-12-28,Online,Portugal,EUR
Smartwatch,Deportes,FashionCorp,3,1574.18,96.42,330.58,2024-03-28,Online,Italia,EUR
Ventilador Turbo,Oficina,GlobalTech,5,685.93,10.56,144.05,2024-02-22,Tienda,Italia,EUR
Batidora Pro,Audio,GlobalTech,4,1115.46,123.49,234.25,2024-10-06,Online,Alemania,EUR
Tablet Plus,Audio,MegaStore,1,2231.91,242.58,468.7,2024-11-05,Tienda,Alemania,EUR
Impresora Laser,Electrónica,MegaStore,5,1748.94,140.26,367.28,2024-11-16,Tienda,Francia,EUR
TV 55,Accesorios,SportWorld,2,1446.79,154.86,303.83,2024-05-23,Distribuidor,Alemania,EUR
TV 65,Hogar,ProGear,1,1622.4,107.63,340.7,2024-03-15,Tienda,Francia,EUR
Drone Mini,Video,TechCorp,5,415.88,34.7,87.33,2024-03-18,Tienda,Francia,EUR
Set Mancuernas,Oficina,LogiTech,3,597.22,28.73,125.42,2024-01-09,Online,Portugal,EUR
Laptop Pro,Deportes,LogiTech,3,1052.68,3.73,221.06,2024-08-19,Online,España,EUR
Zapatillas Running,Deportes,ProGear,3,688.27,57.11,144.54,2024-07-13,Online,Francia,EUR
Impresora Laser,Oficina,FashionCorp,4,99.68,14.19,20.93,2024-08-29,Distribuidor,Portugal,EUR
Aspiradora Robot,Video,LogiTech,1,804.75,42.83,169.0,2024-04-28,Online,Portugal,EUR
Tablet Plus,Audio,HomePlus,2,405.86,9.83,85.23,2024-08-03,Online,España,EUR
Casco Bicicleta,Electrónica,ElectroMax,2,1555.93,61.63,326.75,2024-12-13,Tienda,Portugal,EUR
SSD 1TB,Video,TechCorp,4,1506.6,212.84,316.39,2024-04-12,Distribuidor,Portugal,EUR
Altavoz Bluetooth,Accesorios,MegaStore,5,1254.27,175.46,263.4,2024-10-17,Tienda,Italia,EUR
Batidora Pro,Accesorios,MegaStore,3,1248.86,104.12,262.26,2024-10-08,Online,Portugal,EUR
Webcam FullHD,Hogar,HomePlus,5,1110.05,57.99,233.11,2024-06-08,Tienda,Alemania,EUR
Mochila Travel,Hogar,MegaStore,3,643.97,44.58,135.23,2024-02-18,Distribuidor,España,EUR
Tablet Plus,Audio,FashionCorp,2,636.99,29.6,133.77,2024-10-26,Distribuidor,Francia,EUR
Set Mancuernas,Electrónica,ProGear,4,764.05,16.06,160.45,2024-04-06,Tienda,Francia,EUR
Smartphone X,Hogar,GlobalTech,5,1199.34,84.94,251.86,2024-03-12,Distribuidor,Italia,EUR
Silla Gamer,Accesorios,LogiTech,5,489.3,64.98,102.75,2024-07-27,Distribuidor,Francia,EUR
Teclado Mecánico,Oficina,TechCorp,3,1855.15,140.03,389.58,2024-12-02,Distribuidor,Francia,EUR
Gafas Sol,Oficina,ElectroMax,4,1410.06,45.86,296.11,2024-02-02,Distribuidor,Alemania,EUR
Memoria RAM 16GB,Audio,ProGear,5,371.79,34.75,78.08,2024-10-28,Tienda,Portugal,EUR
Escritorio Oficina,Audio,LogiTech,5,761.43,12.01,159.9,2024-05-21,Tienda,Italia,EUR
Smartphone X,Oficina,SportWorld,2,1274.76,147.97,267.7,2024-04-12,Online,Portugal,EUR
Aspiradora Robot,Audio,FashionCorp,5,1416.67,153.96,297.5,2024-01-23,Distribuidor,Francia,EUR
HDD 2TB,Hogar,ProGear,2,1054.33,94.54,221.41,2024-01-05,Tienda,España,EUR
Batidora Pro,Electrónica,TechCorp,3,625.31,3.17,131.32,2024-12-03,Distribuidor,Italia,EUR
TV 55,Audio,LogiTech,5,1220.38,73.59,256.28,2024-04-01,Online,Italia,EUR
Chaqueta Invierno,Electrónica,Distribuciones Europa,2,592.61,84.69,124.45,2024-11-25,Distribuidor,Italia,EUR
HDD 2TB,Video,FashionCorp,5,709.93,19.4,149.09,2024-12-13,Online,Italia,EUR
Altavoz Bluetooth,Hogar,MegaStore,5,1008.15,30.25,211.71,2024-04-11,Online,España,EUR
Tostadora,Hogar,LogiTech,1,1104.73,122.67,231.99,2024-03-19,Distribuidor,Francia,EUR
Pantalón Trekking,Electrónica,TechCorp,3,486.45,53.65,102.15,2024-04-28,Distribuidor,Francia,EUR
Auriculares Bluetooth,Oficina,FashionCorp,4,1271.91,11.3,267.1,2024-01-29,Online,Francia,EUR
Smartphone X,Accesorios,MegaStore,1,15.57,1.7,3.27,2024-06-05,Distribuidor,Francia,EUR
Memoria RAM 16GB,Electrónica,HomePlus,3,265.61,24.31,55.78,2024-07-17,Online,Portugal,EUR
Pantalón Trekking,Oficina,TechCorp,4,270.96,1.56,56.9,2024-06-05,Distribuidor,Alemania,EUR
Casco Bicicleta,Deportes,ElectroMax,1,1167.46,31.06,245.17,2024-11-28,Tienda,Italia,EUR
Laptop Pro,Audio,Distribuciones Europa,3,1309.73,3.37,275.04,2024-05-25,Distribuidor,Alemania,EUR
Cargador USB-C,Audio,ProGear,1,1361.6,31.08,285.94,2024-02-05,Tienda,Francia,EUR
Smartphone X,Moda,TechCorp,2,459.83,27.35,96.56,2024-05-02,Tienda,Francia,EUR
TV 65,Deportes,TechCorp,1,641.43,86.91,134.7,2024-01-15,Distribuidor,Italia,EUR
Memoria RAM 16GB,Electrónica,ElectroMax,1,1081.67,96.15,227.15,2024-07-10,Tienda,Francia,EUR
Refrigerador Mini,Deportes,LogiTech,1,473.04,33.82,99.34,2024-04-06,Distribuidor,Italia,EUR
HDD 2TB,Oficina,TechCorp,4,1527.36,8.31,320.75,2024-12-18,Distribuidor,Alemania,EUR
Gafas Sol,Accesorios,TechCorp,4,480.82,57.34,100.97,2024-04-22,Tienda,Italia,EUR
Mochila Travel,Moda,TechCorp,3,1791.63,191.15,376.24,2024-01-22,Tienda,Alemania,EUR
Escritorio Oficina,Accesorios,HomePlus,1,238.19,10.62,50.02,2024-09-27,Tienda,Italia,EUR
Batidora Pro,Accesorios,LogiTech,3,245.11,15.78,51.47,2024-07-25,Distribuidor,Francia,EUR
Tablet Plus,Hogar,Distribuciones Europa,5,1274.25,6.84,267.59,2024-08-09,Online,Alemania,EUR
Casco Bicicleta,Oficina,TechCorp,4,318.1,16.45,66.8,2024-09-05,Online,Francia,EUR
Altavoz Bluetooth,Deportes,LogiTech,5,1412.58,6.72,296.64,2024-05-27,Online,Portugal,EUR
Router WiFi,Oficina,HomePlus,1,609.87,73.21,128.07,2024-08-19,Tienda,Portugal,EUR
Ventilador Turbo,Deportes,ElectroMax,5,948.36,52.43,199.16,2024-07-29,Online,Portugal,EUR
Auriculares Bluetooth,Audio,MegaStore,4,1559.61,170.24,327.52,2024-03-07,Online,España,EUR
Router WiFi,Electrónica,MegaStore,2,773.44,19.99,162.42,2024-06-06,Distribuidor,Francia,EUR
Mochila Travel,Audio,GlobalTech,5,488.36,29.47,102.56,2024-02-09,Distribuidor,Portugal,EUR
Reloj Deportivo,Accesorios,ElectroMax,1,355.29,50.4,74.61,2024-04-15,Tienda,Portugal,EUR
Drone Mini,Electrónica,TechCorp,3,1060.55,18.15,222.72,2024-08-10,Distribuidor,Alemania,EUR
Mouse Gamer,Accesorios,ElectroMax,5,130.25,3.44,27.35,2024-04-13,Tienda,España,EUR
PowerBank 20k,Accesorios,SportWorld,3,79.63,4.79,16.72,2024-05-22,Tienda,Portugal,EUR
Proyector HD,Oficina,MegaStore,2,867.7,13.51,182.22,2024-09-23,Tienda,Alemania,EUR
Smartphone X,Deportes,ProGear,5,829.42,94.16,174.18,2024-03-16,Distribuidor,España,EUR
Plancha Vapor,Video,MegaStore,3,1656.91,50.07,347.95,2024-12-18,Distribuidor,Portugal,EUR
Colchoneta Yoga,Moda,SportWorld,4,972.4,48.36,204.2,2024-08-20,Tienda,España,EUR
Smartwatch,Deportes,ElectroMax,5,1247.67,27.82,262.01,2024-10-16,Tienda,Alemania,EUR
Lámpara LED,Hogar,ProGear,1,178.98,7.43,37.59,2024-08-17,Online,Portugal,EUR
Teclado Mecánico,Moda,TechCorp,2,1337.9,42.68,280.96,2024-05-03,Online,Alemania,EUR
Webcam FullHD,Oficina,HomePlus,3,1104.19,81.05,231.88,2024-05-13,Tienda,Alemania,EUR
Guantes Gym,Moda,MegaStore,5,1172.25,105.14,246.17,2024-01-27,Tienda,España,EUR
PowerBank 20k,Oficina,SportWorld,4,1133.61,93.37,238.06,2024-02-16,Tienda,Portugal,EUR
Memoria RAM 16GB,Oficina,GlobalTech,3,1164.69,113.92,244.58,2024-06-05,Online,España,EUR
HDD 2TB,Hogar,GlobalTech,2,24.98,3.29,5.25,2024-08-07,Distribuidor,Italia,EUR
Pelota Fitness,Accesorios,TechCorp,3,61.21,4.66,12.85,2024-06-22,Distribuidor,Portugal,EUR
Smartphone X,Audio,ElectroMax,5,1344.84,169.36,282.42,2024-12-01,Distribuidor,Alemania,EUR
Impresora Laser,Electrónica,ElectroMax,4,1278.26,159.97,268.43,2024-03-16,Online,España,EUR
Smartphone Mini,Hogar,TechCorp,3,467.61,34.62,98.2,2024-11-25,Tienda,Portugal,EUR
Smartphone X,Audio,FashionCorp,5,701.7,4.07,147.36,2024-05-17,Online,Portugal,EUR
Reloj Deportivo,Accesorios,HomePlus,5,1186.1,131.63,249.08,2024-10-11,Distribuidor,Italia,EUR
Monitor 27,Moda,ProGear,4,1226.07,120.24,257.47,2024-11-21,Online,España,EUR
Mochila Travel,Oficina,ProGear,3,1530.67,48.91,321.44,2024-03-22,Tienda,Alemania,EUR
Monitor 32,Deportes,LogiTech,3,1156.17,112.19,242.8,2024-01-15,Distribuidor,Francia,EUR
Monitor 32,Video,ElectroMax,2,225.8,14.49,47.42,2024-11-20,Online,Italia,EUR
Monitor 32,Oficina,Distribuciones Europa,5,1022.79,99.32,214.79,2024-02-14,Distribuidor,Alemania,EUR
Tablet Plus,Oficina,FashionCorp,5,135.67,2.41,28.49,2024-05-29,Online,España,EUR
SSD 1TB,Electrónica,MegaStore,2,520.09,75.26,109.22,2024-03-29,Online,Italia,EUR
Lámpara LED,Accesorios,GlobalTech,5,322.03,45.52,67.63,2024-08-14,Distribuidor,Francia,EUR
TV 55,Video,Distribuciones Europa,5,789.33,37.73,165.76,2024-07-28,Online,Francia,EUR
Tablet Plus,Audio,Distribuciones Europa,5,730.29,96.13,153.36,2024-08-02,Tienda,Portugal,EUR
Escritorio Oficina,Accesorios,MegaStore,3,933.68,98.77,196.07,2024-03-10,Distribuidor,Italia,EUR
Aspiradora Robot,Oficina,GlobalTech,2,602.91,52.67,126.61,2024-06-28,Tienda,España,EUR
Colchoneta Yoga,Oficina,GlobalTech,3,719.19,23.96,151.03,2024-12-11,Online,Italia,EUR
Drone Mini,Electrónica,FashionCorp,2,530.54,26.01,111.41,2024-07-27,Online,Alemania,EUR
Altavoz Bluetooth,Hogar,MegaStore,3,658.48,61.58,138.28,2024-02-18,Tienda,Francia,EUR
Teclado Mecánico,Electrónica,SportWorld,4,994.47,123.37,208.84,2024-08-15,Distribuidor,España,EUR
Guantes Gym,Accesorios,ProGear,4,1170.27,151.6,245.76,2024-08-26,Tienda,Alemania,EUR
TV 65,Accesorios,ElectroMax,4,1210.76,43.1,254.26,2024-10-06,Tienda,Italia,EUR
Colchoneta Yoga,Accesorios,FashionCorp,1,441.62,3.75,92.74,2024-12-25,Tienda,Portugal,EUR
Batidora Pro,Accesorios,GlobalTech,2,19.77,2.0,4.15,2024-03-14,Distribuidor,Francia,EUR
Cargador USB-C,Audio,ElectroMax,5,442.86,10.09,93.0,2024-12-24,Distribuidor,Portugal,EUR
Ventilador Turbo,Deportes,ElectroMax,5,933.66,70.74,196.07,2024-02-04,Tienda,Italia,EUR
Pelota Fitness,Hogar,SportWorld,2,687.39,23.2,144.35,2024-11-09,Tienda,Italia,EUR
Teclado Mecánico,Video,LogiTech,5,939.01,114.5,197.19,2024-12-22,Online,Italia,EUR
Guantes Gym,Electrónica,SportWorld,4,309.05,42.08,64.9,2024-08-12,Distribuidor,Italia,EUR
Set Mancuernas,Video,ProGear,3,186.45,6.84,39.15,2024-12-22,Distribuidor,Alemania,EUR
Smartwatch,Hogar,ProGear,1,345.42,50.1,72.54,2024-10-07,Distribuidor,Portugal,EUR
Teclado Mecánico,Video,LogiTech,2,474.45,14.41,99.63,2024-02-10,Tienda,Alemania,EUR
Guantes Gym,Video,HomePlus,1,1213.1,133.1,254.75,2024-08-03,Distribuidor,España,EUR
Microfono Pro,Audio,ElectroMax,3,965.83,10.3,202.82,2024-09-17,Tienda,España,EUR
Reloj Deportivo,Electrónica,ElectroMax,5,1362.7,199.78,286.17,2024-02-06,Tienda,Portugal,EUR
Casco Bicicleta,Deportes,TechCorp,5,645.75,82.47,135.61,2024-11-26,Tienda,Francia,EUR
Reloj Deportivo,Deportes,TechCorp,4,1380.18,125.68,289.84,2024-01-02,Online,Francia,EUR
Altavoz Bluetooth,Accesorios,Distribuciones Europa,4,1238.8,159.71,260.15,2024-08-05,Tienda,España,EUR
Gafas Sol,Accesorios,Distribuciones Europa,3,901.49,50.23,189.31,2024-10-30,Tienda,España,EUR
Pantalón Trekking,Accesorios,FashionCorp,4,1245.44,133.84,261.54,2024-01-20,Distribuidor,Portugal,EUR
TV 55,Deportes,ElectroMax,5,82.51,8.5,17.33,2024-03-19,Online,Portugal,EUR
Barra de Sonido,Audio,Distribuciones Europa,5,1183.13,176.65,248.46,2024-04-07,Tienda,Alemania,EUR
Ventilador Turbo,Hogar,Distribuciones Europa,1,1205.64,117.03,253.18,2024-05-17,Distribuidor,Italia,EUR
Chaqueta Invierno,Oficina,TechCorp,2,1462.67,151.05,307.16,2024-01-08,Tienda,España,EUR
Smartwatch,Deportes,Distribuciones Europa,1,628.6,79.81,132.01,2024-03-17,Distribuidor,Portugal,EUR
Cargador USB-C,Accesorios,GlobalTech,2,1185.0,132.67,248.85,2024-05-23,Tienda,España,EUR
TV 65,Video,FashionCorp,1,1439.03,23.44,302.2,2024-09-16,Tienda,España,EUR
Drone Mini,Hogar,LogiTech,1,865.15,114.74,181.68,2024-02-12,Distribuidor,España,EUR
Ventilador Turbo,Video,HomePlus,4,833.66,4.73,175.07,2024-09-03,Online,Francia,EUR
Zapatillas Running,Moda,GlobalTech,5,208.99,24.26,43.89,2024-05-10,Online,Portugal,EUR
PowerBank 20k,Audio,ProGear,3,819.51,104.35,172.1,2024-06-27,Distribuidor,Portugal,EUR
Drone Mini,Hogar,LogiTech,2,637.68,14.63,133.91,2024-06-12,Tienda,Portugal,EUR
Tablet Plus,Accesorios,Distribuciones Europa,3,388.79,58.2,81.65,2024-12-09,Distribuidor,España,EUR
TV 65,Audio,LogiTech,1,468.85,6.14,98.46,2024-05-01,Online,Alemania,EUR
Escritorio Oficina,Electrónica,MegaStore,1,886.41,37.19,186.15,2024-04-13,Online,España,EUR
SSD 1TB,Video,Distribuciones Europa,3,153.88,8.72,32.31,2024-10-05,Tienda,Portugal,EUR
Cámara HD,Moda,TechCorp,5,2004.18,245.44,420.88,2024-12-07,Distribuidor,Alemania,EUR
Memoria RAM 16GB,Video,SportWorld,2,683.58,100.18,143.55,2024-08-21,Tienda,Alemania,EUR
Gafas Sol,Electrónica,GlobalTech,3,1158.95,50.42,243.38,2024-09-02,Online,Italia,EUR
Chaqueta Invierno,Moda,SportWorld,1,547.97,59.86,115.07,2024-04-11,Online,Italia,EUR
Mouse Gamer,Deportes,LogiTech,4,228.7,23.32,48.03,2024-07-20,Online,Portugal,EUR
Set Mancuernas,Hogar,FashionCorp,4,1260.33,30.5,264.67,2024-05-04,Online,Alemania,EUR
Casco Bicicleta,Hogar,Distribuciones Europa,1,168.69,18.11,35.42,2024-04-05,Online,España,EUR
Cafetera Automática,Video,LogiTech,2,278.17,26.04,58.42,2024-04-10,Online,España,EUR
Gafas Sol,Electrónica,HomePlus,5,935.39,13.27,196.43,2024-08-13,Tienda,Alemania,EUR
Silla Gamer,Moda,ElectroMax,4,523.3,54.71,109.89,2024-01-03,Online,Alemania,EUR
Smartphone X,Audio,ProGear,5,1184.85,151.68,248.82,2024-01-20,Tienda,Alemania,EUR
Memoria RAM 16GB,Deportes,MegaStore,4,395.45,17.99,83.04,2024-06-04,Distribuidor,Italia,EUR
Mochila Travel,Hogar,GlobalTech,2,1872.43,189.51,393.21,2024-01-07,Distribuidor,Francia,EUR
Smartphone X,Oficina,GlobalTech,2,1102.23,67.16,231.47,2024-03-18,Tienda,Italia,EUR
Silla Gamer,Oficina,ElectroMax,5,263.17,37.73,55.27,2024-06-13,Online,Alemania,EUR
Silla Gamer,Accesorios,SportWorld,1,848.44,32.36,178.17,2024-04-20,Online,Francia,EUR
Teclado Mecánico,Electrónica,LogiTech,5,951.77,111.8,199.87,2024-01-27,Tienda,España,EUR
HDD 2TB,Electrónica,Distribuciones Europa,5,741.59,15.07,155.73,2024-01-01,Online,Francia,EUR
Aspiradora Robot,Moda,HomePlus,4,793.96,93.63,166.73,2024-03-30,Online,Portugal,EUR
Monitor 32,Oficina,ProGear,5,1248.12,178.14,262.11,2024-02-01,Tienda,España,EUR
Microfono Pro,Deportes,HomePlus,2,897.13,44.14,188.4,2024-04-18,Tienda,Portugal,EUR
Monitor 32,Accesorios,GlobalTech,1,1394.07,8.04,292.75,2024-11-03,Distribuidor,Francia,EUR
Tostadora,Hogar,ElectroMax,5,579.42,52.08,121.68,2024-06-20,Distribuidor,España,EUR
Proyector HD,Oficina,GlobalTech,4,610.05,15.06,128.11,2024-05-10,Online,Francia,EUR
Batidora Pro,Audio,SportWorld,4,568.92,16.61,119.47,2024-08-05,Tienda,España,EUR
PowerBank 20k,Audio,GlobalTech,5,861.06,83.77,180.82,2024-06-13,Tienda,Alemania,EUR
Set Mancuernas,Audio,LogiTech,1,1241.37,7.18,260.69,2024-03-03,Distribuidor,Francia,EUR
Zapatillas Running,Moda,GlobalTech,5,707.29,69.16,148.53,2024-12-14,Distribuidor,España,EUR
Monitor 27,Audio,FashionCorp,1,1883.21,33.51,395.47,2024-01-27,Distribuidor,Portugal,EUR
Escritorio Oficina,Audio,GlobalTech,3,2004.82,104.9,421.01,2024-11-26,Distribuidor,Italia,EUR
Smartwatch,Video,MegaStore,4,24.45,2.49,5.13,2024-08-09,Tienda,Alemania,EUR
Mouse Gamer,Hogar,ProGear,3,1609.88,13.76,338.07,2024-01-05,Online,Italia,EUR
Pantalón Trekking,Oficina,TechCorp,5,26.97,2.88,5.66,2024-02-25,Online,Alemania,EUR
Colchoneta Yoga,Audio,MegaStore,3,863.01,106.7,181.23,2024-10-30,Tienda,España,EUR
Monitor 27,Hogar,ProGear,1,130.14,3.35,27.33,2024-11-30,Distribuidor,España,EUR
Gafas Sol,Oficina,ProGear,5,745.31,95.12,156.52,2024-07-24,Distribuidor,Portugal,EUR
TV 55,Video,TechCorp,2,518.9,64.45,108.97,2024-10-02,Online,Italia,EUR
PowerBank 20k,Moda,MegaStore,2,325.93,47.28,68.45,2024-10-28,Online,Francia,EUR
Chaqueta Invierno,Accesorios,SportWorld,2,490.18,53.37,102.94,2024-05-01,Tienda,Portugal,EUR
Monitor 32,Hogar,ProGear,1,1292.76,17.87,271.48,2024-10-09,Distribuidor,Portugal,EUR
Proyector HD,Moda,FashionCorp,5,1211.83,119.24,254.48,2024-02-06,Online,Portugal,EUR
Tostadora,Hogar,LogiTech,5,1177.1,136.8,247.19,2024-06-24,Tienda,Italia,EUR
Casco Bicicleta,Electrónica,ElectroMax,1,1863.96,259.86,391.43,2024-11-11,Online,Francia,EUR
Tablet Plus,Audio,LogiTech,5,155.03,0.13,32.56,2024-01-31,Tienda,Portugal,EUR
Teclado Mecánico,Accesorios,HomePlus,3,1012.89,133.46,212.71,2024-07-09,Online,Alemania,EUR
Batidora Pro,Audio,Distribuciones Europa,3,265.85,8.43,55.83,2024-10-09,Tienda,Francia,EUR
Memoria RAM 16GB,Electrónica,ProGear,5,572.87,28.17,120.3,2024-04-18,Tienda,España,EUR
Router WiFi,Electrónica,Distribuciones Europa,5,752.62,21.88,158.05,2024-06-18,Online,Italia,EUR
TV 65,Oficina,MegaStore,2,842.73,65.46,176.97,2024-06-15,Online,Francia,EUR
Reloj Deportivo,Hogar,FashionCorp,2,729.5,39.35,153.19,2024-09-04,Online,Portugal,EUR
Batidora Pro,Oficina,SportWorld,2,632.28,52.56,132.78,2024-07-27,Distribuidor,Italia,EUR
Proyector HD,Deportes,FashionCorp,5,1446.75,10.8,303.82,2024-10-03,Tienda,Francia,EUR
Lámpara LED,Electrónica,ProGear,5,480.11,66.94,100.82,2024-02-29,Online,España,EUR
Plancha Vapor,Electrónica,Distribuciones Europa,3,558.41,21.18,117.27,2024-02-17,Tienda,Italia,EUR
Webcam FullHD,Accesorios,Distribuciones Europa,3,1347.95,102.13,283.07,2024-12-08,Online,Italia,EUR
Microfono Pro,Oficina,HomePlus,3,1675.89,13.29,351.94,2024-11-24,Tienda,Francia,EUR
Aspiradora Robot,Oficina,ElectroMax,5,874.01,111.52,183.54,2024-06-20,Tienda,España,EUR
Smartphone Mini,Video,HomePlus,1,1090.32,55.63,228.97,2024-06-09,Online,Portugal,EUR
Colchoneta Yoga,Audio,SportWorld,4,666.82,86.08,140.03,2024-06-20,Online,Portugal,EUR
Pantalón Trekking,Accesorios,GlobalTech,5,2158.39,13.87,453.26,2024-11-20,Tienda,España,EUR
Mouse Gamer,Electrónica,MegaStore,1,866.59,82.19,181.98,2024-01-15,Online,Italia,EUR
Silla Gamer,Accesorios,HomePlus,1,464.05,19.45,97.45,2024-10-22,Distribuidor,Portugal,EUR
Barra de Sonido,Video,Distribuciones Europa,5,116.35,5.35,24.43,2024-04-26,Tienda,Alemania,EUR
Smartphone Mini,Deportes,LogiTech,1,1834.11,120.34,385.16,2024-12-09,Tienda,Portugal,EUR
Plancha Vapor,Deportes,FashionCorp,4,2115.12,113.58,444.18,2024-11-25,Distribuidor,Italia,EUR
Smartphone X,Oficina,ElectroMax,1,924.82,44.23,194.21,2024-02-19,Tienda,Alemania,EUR
Tostadora,Moda,SportWorld,1,796.79,11.31,167.33,2024-08-19,Online,Francia,EUR
Tostadora,Moda,HomePlus,3,448.9,32.39,94.27,2024-11-29,Online,Portugal,EUR
Cafetera Automática,Deportes,LogiTech,3,711.01,8.25,149.31,2024-10-16,Tienda,Italia,EUR
Smartphone Mini,Moda,Distribuciones Europa,3,878.19,112.83,184.42,2024-08-31,Distribuidor,Alemania,EUR
Mouse Gamer,Deportes,LogiTech,2,937.25,34.69,196.82,2024-08-17,Distribuidor,Francia,EUR
Impresora Laser,Moda,Distribuciones Europa,2,1593.46,2.3,334.63,2024-04-01,Tienda,Francia,EUR
Aspiradora Robot,Audio,TechCorp,1,952.22,13.61,199.97,2024-09-30,Online,Italia,EUR
Mochila Travel,Moda,SportWorld,5,1162.99,160.25,244.23,2024-12-22,Distribuidor,España,EUR
Aspiradora Robot,Accesorios,FashionCorp,1,37.94,4.1,7.97,2024-10-22,Distribuidor,Alemania,EUR
PowerBank 20k,Moda,HomePlus,2,793.34,27.11,166.6,2024-10-11,Online,Italia,EUR
Lámpara LED,Deportes,HomePlus,2,1373.22,149.1,288.38,2024-04-13,Tienda,Italia,EUR
TV 55,Electrónica,MegaStore,4,153.82,10.31,32.3,2024-02-01,Distribuidor,Alemania,EUR
Pelota Fitness,Oficina,ProGear,2,583.34,11.75,122.5,2024-09-14,Tienda,España,EUR
Router WiFi,Hogar,SportWorld,1,94.43,5.23,19.83,2024-10-28,Online,Portugal,EUR
Teclado Mecánico,Audio,Distribuciones Europa,3,709.15,77.3,148.92,2024-10-01,Tienda,Francia,EUR
Guantes Gym,Electrónica,HomePlus,3,1431.83,204.66,300.68,2024-09-30,Online,Alemania,EUR
HDD 2TB,Hogar,SportWorld,5,2017.27,19.29,423.63,2024-11-04,Online,Alemania,EUR
TV 65,Moda,Distribuciones Europa,4,803.36,95.1,168.71,2024-12-12,Distribuidor,Portugal,EUR
HDD 2TB,Video,FashionCorp,5,1075.4,115.19,225.83,2024-10-22,Online,España,EUR
Guantes Gym,Electrónica,HomePlus,3,1638.35,60.35,344.05,2024-03-27,Online,Francia,EUR
Chaqueta Invierno,Oficina,TechCorp,2,1406.05,176.08,295.27,2024-05-16,Online,Portugal,EUR
Webcam FullHD,Video,GlobalTech,3,771.3,90.79,161.97,2024-01-25,Online,Alemania,EUR
Laptop Pro,Audio,ProGear,3,1182.63,98.22,248.35,2024-08-01,Online,Portugal,EUR
Escritorio Oficina,Accesorios,GlobalTech,2,1317.29,87.59,276.63,2024-04-18,Online,Alemania,EUR
Memoria RAM 16GB,Oficina,ElectroMax,3,220.5,4.82,46.3,2024-09-21,Online,Italia,EUR
HDD 2TB,Video,GlobalTech,3,964.57,21.21,202.56,2024-04-25,Distribuidor,Portugal,EUR
Guantes Gym,Deportes,ElectroMax,5,754.03,71.42,158.35,2024-11-23,Distribuidor,España,EUR
HDD 2TB,Hogar,Distribuciones Europa,1,598.27,3.53,125.64,2024-02-10,Tienda,España,EUR
Cargador USB-C,Video,ElectroMax,3,276.19,13.13,58.0,2024-01-26,Online,Francia,EUR
Webcam FullHD,Hogar,Distribuciones Europa,2,398.58,21.69,83.7,2024-06-23,Tienda,Italia,EUR
Drone Mini,Electrónica,HomePlus,3,745.34,17.63,156.52,2024-10-23,Online,Francia,EUR
Gafas Sol,Audio,ElectroMax,2,983.84,10.5,206.61,2024-02-23,Tienda,España,EUR
Altavoz Bluetooth,Hogar,ElectroMax,4,867.39,76.31,182.15,2024-03-12,Distribuidor,España,EUR
Altavoz Bluetooth,Moda,MegaStore,2,238.21,22.74,50.02,2024-05-02,Distribuidor,Francia,EUR
Memoria RAM 16GB,Hogar,LogiTech,4,425.2,39.09,89.29,2024-05-03,Online,Portugal,EUR
Auriculares Bluetooth,Deportes,MegaStore,5,688.15,52.39,144.51,2024-03-21,Distribuidor,Portugal,EUR
Zapatillas Running,Oficina,GlobalTech,4,1333.15,9.72,279.96,2024-12-25,Online,Portugal,EUR
Aspiradora Robot,Video,TechCorp,1,375.41,4.05,78.84,2024-02-29,Tienda,Portugal,EUR
Casco Bicicleta,Oficina,Distribuciones Europa,3,720.24,26.79,151.25,2024-11-18,Distribuidor,Francia,EUR
Cafetera Automática,Audio,ProGear,4,1131.63,119.68,237.64,2024-06-04,Distribuidor,Francia,EUR
Laptop Air,Moda,Distribuciones Europa,2,744.08,25.91,156.26,2024-03-14,Online,Portugal,EUR
Silla Gamer,Electrónica,HomePlus,5,1111.23,99.34,233.36,2024-02-08,Tienda,Francia,EUR
Monitor 32,Electrónica,TechCorp,1,577.21,83.52,121.21,2024-06-02,Tienda,Alemania,EUR
Colchoneta Yoga,Deportes,ElectroMax,3,1447.78,80.91,304.03,2024-12-23,Online,España,EUR
Plancha Vapor,Video,GlobalTech,2,1018.42,131.02,213.87,2024-05-10,Online,España,EUR
Proyector HD,Audio,ElectroMax,4,879.29,26.83,184.65,2024-05-17,Online,Alemania,EUR
Lámpara LED,Oficina,Distribuciones Europa,4,467.97,23.73,98.27,2024-09-01,Online,Italia,EUR
Smartphone X,Hogar,FashionCorp,2,37.75,3.43,7.93,2024-06-20,Distribuidor,España,EUR
Pantalón Trekking,Accesorios,Distribuciones Europa,2,277.03,14.59,58.18,2024-11-14,Distribuidor,Alemania,EUR
Pantalón Trekking,Accesorios,ElectroMax,1,346.7,5.02,72.81,2024-02-04,Distribuidor,España,EUR
Memoria RAM 16GB,Audio,ProGear,5,311.77,16.26,65.47,2024-12-28,Online,Portugal,EUR
Cámara HD,Video,ElectroMax,4,561.39,66.36,117.89,2024-04-16,Tienda,Italia,EUR
Tostadora,Accesorios,ElectroMax,1,1357.2,123.2,285.01,2024-03-31,Distribuidor,Alemania,EUR
TV 55,Moda,ElectroMax,4,1183.04,12.11,248.44,2024-10-09,Distribuidor,Francia,EUR
Cargador USB-C,Oficina,MegaStore,4,828.99,48.18,174.09,2024-11-14,Distribuidor,Italia,EUR
Cámara HD,Deportes,ProGear,2,521.29,50.74,109.47,2024-03-19,Distribuidor,Alemania,EUR
Proyector HD,Deportes,ProGear,5,1333.98,80.9,280.14,2024-09-25,Tienda,Francia,EUR
Smartphone X,Electrónica,Distribuciones Europa,5,24.39,1.25,5.12,2024-07-04,Tienda,Portugal,EUR
Colchoneta Yoga,Video,TechCorp,3,39.47,3.2,8.29,2024-10-06,Distribuidor,España,EUR
Impresora Laser,Accesorios,Distribuciones Europa,4,1087.32,123.31,228.34,2024-12-20,Online,Portugal,EUR
Colchoneta Yoga,Oficina,ElectroMax,2,261.84,35.34,54.99,2024-03-01,Tienda,España,EUR
Chaqueta Invierno,Hogar,Distribuciones Europa,2,936.9,38.17,196.75,2024-09-21,Online,Portugal,EUR
Cargador USB-C,Moda,FashionCorp,4,292.71,14.64,61.47,2024-03-05,Tienda,España,EUR
Auriculares Bluetooth,Moda,Distribuciones Europa,3,249.06,14.22,52.3,2024-06-29,Tienda,Alemania,EUR
Monitor 32,Deportes,HomePlus,5,851.87,81.11,178.89,2024-04-03,Distribuidor,España,EUR
Silla Gamer,Audio,ProGear,4,30.36,0.11,6.38,2024-03-25,Online,Portugal,EUR
Monitor 32,Accesorios,MegaStore,3,1174.15,38.13,246.57,2024-02-21,Online,Alemania,EUR
Cámara HD,Moda,ElectroMax,2,977.39,124.44,205.25,2024-04-11,Distribuidor,Italia,EUR
Casco Bicicleta,Oficina,TechCorp,1,849.36,8.12,178.37,2024-07-01,Online,Francia,EUR
Zapatillas Running,Moda,SportWorld,4,678.74,72.41,142.54,2024-07-22,Online,Portugal,EUR
SSD 1TB,Hogar,HomePlus,4,537.64,29.88,112.9,2024-12-05,Tienda,Alemania,EUR
Pantalón Trekking,Audio,SportWorld,2,215.65,9.91,45.29,2024-10-07,Distribuidor,España,EUR
Pantalón Trekking,Video,TechCorp,4,154.29,12.44,32.4,2024-03-09,Distribuidor,Francia,EUR
Mochila Travel,Deportes,GlobalTech,2,230.99,22.33,48.51,2024-05-19,Distribuidor,España,EUR
Gafas Sol,Audio,MegaStore,2,504.28,62.76,105.9,2024-02-06,Distribuidor,Portugal,EUR
Auriculares Bluetooth,Electrónica,SportWorld,3,1309.9,78.9,275.08,2024-11-09,Online,Portugal,EUR
Smartwatch,Audio,FashionCorp,2,74.18,0.15,15.58,2024-03-18,Distribuidor,Portugal,EUR
Refrigerador Mini,Moda,SportWorld,4,44.23,4.17,9.29,2024-08-08,Online,Francia,EUR
Smartphone Mini,Moda,TechCorp,2,964.81,63.56,202.61,2024-02-09,Distribuidor,Italia,EUR
Guantes Gym,Video,FashionCorp,3,1078.99,81.12,226.59,2024-12-20,Distribuidor,Alemania,EUR
Router WiFi,Hogar,HomePlus,3,1336.53,198.53,280.67,2024-10-01,Distribuidor,Portugal,EUR
Zapatillas Running,Hogar,MegaStore,3,804.05,68.28,168.85,2024-10-18,Distribuidor,Italia,EUR
Teclado Mecánico,Accesorios,FashionCorp,1,74.03,0.09,15.55,2024-05-14,Online,España,EUR
Aspiradora Robot,Video,TechCorp,5,1166.54,166.66,244.97,2024-05-10,Tienda,Francia,EUR
Gafas Sol,Deportes,ElectroMax,5,19.76,1.15,4.15,2024-06-28,Distribuidor,Italia,EUR
SSD 1TB,Hogar,LogiTech,3,236.34,0.62,49.63,2024-02-23,Distribuidor,Francia,EUR
Aspiradora Robot,Video,Distribuciones Europa,3,184.06,19.67,38.65,2024-03-04,Tienda,España,EUR
Guantes Gym,Moda,Distribuciones Europa,5,1133.75,148.13,238.09,2024-08-08,Tienda,España,EUR
Laptop Air,Accesorios,Distribuciones Europa,2,907.58,48.91,190.59,2024-05-28,Distribuidor,Italia,EUR
Memoria RAM 16GB,Hogar,TechCorp,2,1188.34,37.5,249.55,2024-04-12,Tienda,Francia,EUR
Aspiradora Robot,Electrónica,GlobalTech,3,1362.65,47.51,286.16,2024-09-30,Distribuidor,Portugal,EUR
PowerBank 20k,Electrónica,MegaStore,4,800.69,85.66,168.14,2024-02-12,Distribuidor,Italia,EUR
Gafas Sol,Accesorios,TechCorp,2,977.14,123.04,205.2,2024-01-13,Tienda,Francia,EUR
Tablet Plus,Hogar,HomePlus,3,444.35,42.76,93.31,2024-04-09,Tienda,Portugal,EUR
Cargador USB-C,Video,HomePlus,5,1344.12,47.8,282.27,2024-02-29,Distribuidor,Italia,EUR
Cargador USB-C,Electrónica,TechCorp,5,1435.25,95.77,301.4,2024-01-20,Distribuidor,Francia,EUR
Aspiradora Robot,Video,GlobalTech,3,995.5,93.0,209.05,2024-12-24,Tienda,España,EUR
Altavoz Bluetooth,Hogar,MegaStore,3,1055.74,158.14,221.71,2024-03-01,Distribuidor,Alemania,EUR
TV 65,Electrónica,LogiTech,4,1164.65,116.24,244.58,2024-06-29,Online,Italia,EUR
Microfono Pro,Electrónica,ElectroMax,3,1602.99,130.94,336.63,2024-03-10,Tienda,España,EUR
Lámpara LED,Video,Distribuciones Europa,1,1007.59,78.46,211.59,2024-10-03,Tienda,Alemania,EUR
Colchoneta Yoga,Deportes,FashionCorp,5,529.83,20.96,111.26,2024-06-05,Tienda,Alemania,EUR
Silla Gamer,Hogar,TechCorp,4,276.59,37.96,58.08,2024-05-18,Online,Italia,EUR
Pantalón Trekking,Accesorios,FashionCorp,5,856.8,51.81,179.93,2024-09-23,Online,Italia,EUR
Guantes Gym,Oficina,TechCorp,3,382.93,1.2,80.42,2024-12-19,Distribuidor,Portugal,EUR
Altavoz Bluetooth,Audio,HomePlus,2,1901.08,172.22,399.23,2024-01-01,Online,Francia,EUR
Plancha Vapor,Oficina,GlobalTech,4,273.92,14.8,57.52,2024-09-01,Distribuidor,Portugal,EUR
Batidora Pro,Accesorios,TechCorp,2,350.95,42.53,73.7,2024-06-04,Online,España,EUR
Refrigerador Mini,Audio,MegaStore,4,1065.46,77.01,223.75,2024-08-31,Tienda,España,EUR
Aspiradora Robot,Moda,HomePlus,4,293.87,6.81,61.71,2024-06-06,Distribuidor,España,EUR
Chaqueta Invierno,Electrónica,ProGear,1,503.07,48.56,105.64,2024-01-01,Tienda,Portugal,EUR
Smartphone Mini,Hogar,MegaStore,3,349.79,37.17,73.46,2024-12-15,Online,Francia,EUR
Refrigerador Mini,Hogar,FashionCorp,1,708.08,13.99,148.7,2024-08-07,Tienda,Francia,EUR
Guantes Gym,Electrónica,FashionCorp,1,433.56,21.21,91.05,2024-08-26,Distribuidor,Francia,EUR
Pantalón Trekking,Electrónica,Distribuciones Europa,3,690.53,82.74,145.01,2024-10-15,Tienda,Alemania,EUR
Proyector HD,Accesorios,ElectroMax,4,1286.03,32.68,270.07,2024-01-22,Distribuidor,Portugal,EUR
Smartphone X,Video,GlobalTech,1,747.72,69.67,157.02,2024-08-02,Distribuidor,Alemania,EUR
Mouse Gamer,Oficina,Distribuciones Europa,2,572.73,71.05,120.27,2024-06-24,Distribuidor,Francia,EUR
Auriculares Bluetooth,Electrónica,ProGear,1,1083.4,84.18,227.51,2024-07-02,Distribuidor,Italia,EUR
Monitor 32,Oficina,Distribuciones Europa,2,803.47,76.63,168.73,2024-06-11,Online,Portugal,EUR
Plancha Vapor,Hogar,MegaStore,5,1218.09,123.42,255.8,2024-10-01,Online,Italia,EUR
Router WiFi,Accesorios,FashionCorp,5,105.78,12.08,22.21,2024-08-10,Online,Italia,EUR
Smartphone X,Electrónica,FashionCorp,5,548.43,33.57,115.17,2024-07-18,Tienda,Francia,EUR
Mouse Gamer,Audio,Distribuciones Europa,5,1738.85,64.7,365.16,2024-01-23,Distribuidor,España,EUR
Smartphone Mini,Moda,GlobalTech,2,1265.36,177.19,265.73,2024-12-25,Distribuidor,Portugal,EUR
Lámpara LED,Oficina,LogiTech,2,893.57,82.09,187.65,2024-06-07,Online,Francia,EUR
Aspiradora Robot,Accesorios,SportWorld,4,976.58,3.7,205.08,2024-02-29,Tienda,Francia,EUR
Tablet Plus,Audio,FashionCorp,1,1689.13,162.19,354.72,2024-12-09,Distribuidor,España,EUR
Router WiFi,Oficina,MegaStore,5,1213.28,61.88,254.79,2024-11-18,Distribuidor,España,EUR
Microfono Pro,Electrónica,ProGear,4,1393.51,157.34,292.64,2024-09-13,Distribuidor,Italia,EUR
Barra de Sonido,Audio,GlobalTech,4,2072.26,195.73,435.17,2024-11-16,Online,Portugal,EUR
SSD 1TB,Oficina,MegaStore,5,671.05,82.49,140.92,2024-09-28,Distribuidor,España,EUR
Tostadora,Deportes,GlobalTech,1,1172.37,25.22,246.2,2024-07-09,Online,Alemania,EUR
Tostadora,Hogar,GlobalTech,2,965.76,114.22,202.81,2024-03-24,Distribuidor,Portugal,EUR
Cargador USB-C,Video,TechCorp,3,27.3,0.61,5.73,2024-06-27,Distribuidor,Portugal,EUR
Pelota Fitness,Accesorios,LogiTech,4,1627.75,145.23,341.83,2024-04-15,Distribuidor,España,EUR
TV 55,Deportes,LogiTech,4,702.9,69.9,147.61,2024-04-22,Distribuidor,Portugal,EUR
Casco Bicicleta,Electrónica,TechCorp,5,986.4,64.87,207.14,2024-11-01,Online,Alemania,EUR
Cargador USB-C,Moda,MegaStore,1,775.66,28.28,162.89,2024-05-29,Tienda,Francia,EUR
Zapatillas Running,Deportes,Distribuciones Europa,3,1705.22,47.06,358.1,2024-01-07,Tienda,Francia,EUR
Batidora Pro,Audio,GlobalTech,5,317.48,18.75,66.67,2024-08-29,Distribuidor,Alemania,EUR
Cargador USB-C,Deportes,SportWorld,4,648.14,57.09,136.11,2024-12-22,Online,Alemania,EUR
Monitor 27,Deportes,ProGear,3,13.31,1.74,2.8,2024-05-22,Distribuidor,España,EUR
Batidora Pro,Audio,MegaStore,3,427.61,11.68,89.8,2024-01-24,Online,Alemania,EUR
Mochila Travel,Audio,TechCorp,1,552.08,49.04,115.94,2024-01-24,Online,Francia,EUR
Mouse Gamer,Deportes,FashionCorp,1,169.18,18.99,35.53,2024-02-22,Online,Francia,EUR
Escritorio Oficina,Hogar,HomePlus,5,509.29,69.18,106.95,2024-02-17,Tienda,Italia,EUR
Plancha Vapor,Electrónica,ProGear,5,1165.56,146.92,244.77,2024-02-24,Online,Francia,EUR
Webcam FullHD,Hogar,FashionCorp,2,1864.93,141.37,391.64,2024-12-02,Distribuidor,Alemania,EUR
Teclado Mecánico,Audio,LogiTech,3,477.39,58.41,100.25,2024-07-04,Online,España,EUR
Laptop Air,Hogar,MegaStore,3,1642.37,155.71,344.9,2024-01-27,Online,Portugal,EUR
TV 55,Electrónica,FashionCorp,1,717.5,49.69,150.67,2024-02-19,Tienda,España,EUR
Microfono Pro,Accesorios,TechCorp,1,344.61,45.65,72.37,2024-06-08,Online,Francia,EUR
Cargador USB-C,Moda,MegaStore,1,145.52,3.06,30.56,2024-06-24,Online,Portugal,EUR
SSD 1TB,Deportes,LogiTech,1,940.08,51.39,197.42,2024-05-07,Online,Italia,EUR
Mochila Travel,Accesorios,HomePlus,2,671.54,82.69,141.02,2024-09-25,Online,España,EUR
Guantes Gym,Oficina,SportWorld,1,273.88,18.94,57.51,2024-09-16,Online,Alemania,EUR
Proyector HD,Accesorios,LogiTech,3,262.75,16.78,55.18,2024-08-09,Online,Portugal,EUR
Mouse Gamer,Electrónica,FashionCorp,5,953.48,129.43,200.23,2024-05-31,Distribuidor,Italia,EUR
TV 55,Electrónica,LogiTech,3,279.59,12.34,58.71,2024-08-18,Distribuidor,Alemania,EUR
Chaqueta Invierno,Oficina,Distribuciones Europa,4,1398.49,120.59,293.68,2024-09-19,Distribuidor,Alemania,EUR
Aspiradora Robot,Moda,TechCorp,3,301.73,14.44,63.36,2024-12-10,Online,Alemania,EUR
Guantes Gym,Audio,ProGear,5,512.77,39.28,107.68,2024-06-22,Tienda,Italia,EUR
Casco Bicicleta,Electrónica,GlobalTech,4,411.25,45.99,86.36,2024-06-11,Distribuidor,Francia,EUR
Monitor 27,Deportes,HomePlus,3,1287.94,91.08,270.47,2024-10-31,Online,Italia,EUR
Microfono Pro,Moda,HomePlus,2,638.95,68.06,134.18,2024-06-08,Distribuidor,España,EUR
Aspiradora Robot,Audio,FashionCorp,5,510.58,67.93,107.22,2024-12-22,Distribuidor,Italia,EUR
TV 65,Video,TechCorp,2,983.57,32.98,206.55,2024-08-31,Tienda,Alemania,EUR
SSD 1TB,Hogar,FashionCorp,3,75.11,5.44,15.77,2024-03-20,Distribuidor,Italia,EUR
Impresora Laser,Hogar,LogiTech,5,411.53,34.37,86.42,2024-02-08,Distribuidor,España,EUR
Plancha Vapor,Hogar,FashionCorp,4,613.3,11.66,128.79,2024-08-17,Distribuidor,Portugal,EUR
Cámara HD,Accesorios,SportWorld,2,338.49,16.79,71.08,2024-06-29,Online,Francia,EUR
Casco Bicicleta,Moda,ProGear,1,1304.47,54.79,273.94,2024-02-18,Tienda,Italia,EUR
Escritorio Oficina,Electrónica,Distribuciones Europa,3,60.7,6.67,12.75,2024-04-14,Distribuidor,Francia,EUR
Laptop Pro,Electrónica,SportWorld,1,1053.54,104.62,221.24,2024-07-21,Online,Alemania,EUR
Cargador USB-C,Moda,TechCorp,4,71.94,10.0,15.11,2024-01-02,Tienda,Alemania,EUR
Proyector HD,Hogar,ProGear,2,1060.28,85.6,222.66,2024-12-08,Online,España,EUR
Monitor 27,Oficina,FashionCorp,5,1310.7,168.18,275.25,2024-01-21,Online,Portugal,EUR
Tostadora,Electrónica,TechCorp,4,932.0,131.72,195.72,2024-02-12,Tienda,Francia,EUR
Lámpara LED,Video,LogiTech,1,779.43,104.35,163.68,2024-07-15,Tienda,Portugal,EUR
Smartwatch,Accesorios,SportWorld,3,604.73,82.22,126.99,2024-07-14,Online,Italia,EUR
Tablet Plus,Electrónica,Distribuciones Europa,2,765.15,14.43,160.68,2024-09-03,Distribuidor,Portugal,EUR
Refrigerador Mini,Hogar,ElectroMax,2,1303.4,185.01,273.71,2024-09-21,Online,Italia,EUR
Silla Gamer,Audio,ElectroMax,5,580.79,75.54,121.97,2024-06-04,Online,Italia,EUR
Cámara HD,Oficina,FashionCorp,5,242.23,21.12,50.87,2024-03-12,Distribuidor,Italia,EUR
Pantalón Trekking,Electrónica,ElectroMax,5,822.66,109.58,172.76,2024-02-07,Distribuidor,Francia,EUR
Impresora Laser,Accesorios,MegaStore,1,390.19,29.43,81.94,2024-02-19,Online,Portugal,EUR
Laptop Air,Oficina,HomePlus,2,995.89,116.77,209.14,2024-08-01,Online,Italia,EUR
Set Mancuernas,Accesorios,ProGear,3,2182.34,201.45,458.29,2024-11-30,Online,Francia,EUR
Mochila Travel,Hogar,ElectroMax,1,673.82,12.03,141.5,2024-06-23,Distribuidor,Portugal,EUR
Set Mancuernas,Moda,GlobalTech,4,1989.72,196.39,417.84,2024-12-11,Tienda,Alemania,EUR
Altavoz Bluetooth,Accesorios,ProGear,1,896.24,7.41,188.21,2024-09-06,Distribuidor,Alemania,EUR
Impresora Laser,Moda,FashionCorp,5,944.85,109.08,198.42,2024-08-25,Tienda,Francia,EUR
Set Mancuernas,Electrónica,FashionCorp,1,288.9,3.09,60.67,2024-05-23,Tienda,Francia,EUR
Router WiFi,Electrónica,ElectroMax,3,133.97,3.17,28.13,2024-12-14,Distribuidor,Italia,EUR
Escritorio Oficina,Oficina,SportWorld,4,348.56,21.68,73.2,2024-05-30,Tienda,Italia,EUR
Monitor 32,Electrónica,Distribuciones Europa,4,369.88,20.94,77.67,2024-12-23,Tienda,Portugal,EUR
Set Mancuernas,Deportes,GlobalTech,1,236.94,1.78,49.76,2024-06-29,Tienda,España,EUR
Barra de Sonido,Hogar,SportWorld,5,92.41,11.03,19.41,2024-08-26,Tienda,Alemania,EUR
Lámpara LED,Deportes,GlobalTech,4,37.83,1.66,7.94,2024-10-20,Online,Portugal,EUR
Mouse Gamer,Accesorios,Distribuciones Europa,5,407.16,53.07,85.5,2024-02-03,Online,Portugal,EUR
Teclado Mecánico,Hogar,ProGear,2,752.67,77.22,158.06,2024-08-25,Distribuidor,Francia,EUR
PowerBank 20k,Accesorios,SportWorld,4,1176.97,37.65,247.16,2024-03-30,Online,Alemania,EUR
Casco Bicicleta,Oficina,MegaStore,5,1662.49,189.23,349.12,2024-12-28,Online,Alemania,EUR
Mochila Travel,Moda,MegaStore,1,721.19,11.43,151.45,2024-01-26,Distribuidor,Alemania,EUR
Webcam FullHD,Accesorios,ElectroMax,5,553.27,10.12,116.19,2024-05-28,Distribuidor,Portugal,EUR
TV 55,Accesorios,TechCorp,3,729.05,31.75,153.1,2024-04-04,Online,Alemania,EUR
TV 55,Deportes,TechCorp,5,1352.76,60.43,284.08,2024-04-16,Distribuidor,Alemania,EUR
Mochila Travel,Deportes,LogiTech,1,894.03,7.8,187.75,2024-03-19,Distribuidor,Francia,EUR
Gafas Sol,Accesorios,HomePlus,2,607.51,21.35,127.58,2024-04-19,Online,Portugal,EUR
HDD 2TB,Hogar,TechCorp,5,1011.2,100.87,212.35,2024-06-04,Distribuidor,Alemania,EUR
Cafetera Automática,Oficina,LogiTech,3,256.22,0.62,53.81,2024-08-09,Online,Italia,EUR
Monitor 32,Audio,ElectroMax,5,23.93,2.27,5.03,2024-06-01,Online,Francia,EUR
Tablet Plus,Oficina,FashionCorp,5,1158.57,100.88,243.3,2024-06-12,Distribuidor,Alemania,EUR
Pantalón Trekking,Deportes,SportWorld,4,510.95,49.02,107.3,2024-04-04,Online,Francia,EUR
Set Mancuernas,Moda,GlobalTech,3,885.92,2.64,186.04,2024-10-30,Distribuidor,Portugal,EUR
Pantalón Trekking,Audio,LogiTech,1,1623.56,242.69,340.95,2024-04-20,Online,Alemania,EUR
Webcam FullHD,Oficina,FashionCorp,3,982.72,127.61,206.37,2024-11-11,Tienda,Francia,EUR
Tablet Plus,Hogar,TechCorp,3,1259.28,100.56,264.45,2024-04-20,Online,Francia,EUR
Monitor 32,Hogar,HomePlus,1,1549.02,193.31,325.29,2024-04-25,Online,Italia,EUR
Barra de Sonido,Accesorios,ProGear,5,379.81,12.79,79.76,2024-06-29,Online,Francia,EUR
Monitor 32,Deportes,HomePlus,2,938.42,15.28,197.07,2024-06-11,Distribuidor,Italia,EUR
Webcam FullHD,Deportes,FashionCorp,2,1250.43,51.12,262.59,2024-09-10,Tienda,España,EUR
Microfono Pro,Deportes,HomePlus,1,1594.78,184.11,334.9,2024-12-03,Distribuidor,Francia,EUR
Pelota Fitness,Accesorios,ProGear,1,1449.82,198.0,304.46,2024-04-06,Tienda,España,EUR
Zapatillas Running,Audio,Distribuciones Europa,1,80.16,11.69,16.83,2024-07-13,Online,Italia,EUR
SSD 1TB,Video,TechCorp,4,236.78,12.82,49.72,2024-12-16,Distribuidor,Francia,EUR
Altavoz Bluetooth,Audio,LogiTech,5,333.88,11.05,70.11,2024-04-26,Tienda,Francia,EUR
Mouse Gamer,Oficina,ProGear,1,1790.8,44.06,376.07,2024-12-12,Tienda,España,EUR
Casco Bicicleta,Video,HomePlus,5,595.96,35.9,125.15,2024-09-17,Distribuidor,España,EUR
Pantalón Trekking,Moda,TechCorp,4,539.21,46.53,113.23,2024-08-23,Distribuidor,Italia,EUR
Laptop Pro,Accesorios,LogiTech,1,1246.27,102.36,261.72,2024-07-06,Distribuidor,Portugal,EUR
TV 65,Oficina,TechCorp,3,228.49,24.65,47.98,2024-09-01,Online,Alemania,EUR
Impresora Laser,Deportes,ElectroMax,1,1836.52,7.0,385.67,2024-12-28,Online,Alemania,EUR
Webcam FullHD,Deportes,ElectroMax,3,758.82,87.48,159.35,2024-02-16,Online,Portugal,EUR
Auriculares Bluetooth,Oficina,TechCorp,3,1251.71,41.94,262.86,2024-08-15,Online,Portugal,EUR
Plancha Vapor,Accesorios,ProGear,3,1021.48,34.07,214.51,2024-02-16,Tienda,Alemania,EUR
Guantes Gym,Oficina,TechCorp,5,347.1,18.92,72.89,2024-01-09,Distribuidor,Portugal,EUR
Guantes Gym,Oficina,SportWorld,2,1314.05,186.61,275.95,2024-05-15,Tienda,Alemania,EUR
Memoria RAM 16GB,Accesorios,GlobalTech,2,2027.6,271.17,425.8,2024-11-21,Distribuidor,España,EUR
SSD 1TB,Moda,GlobalTech,2,1482.8,153.56,311.39,2024-10-02,Online,Francia,EUR
Escritorio Oficina,Audio,ProGear,2,997.95,57.18,209.57,2024-02-29,Tienda,Portugal,EUR
Smartphone X,Accesorios,LogiTech,4,955.53,13.96,200.66,2024-12-30,Tienda,Italia,EUR
Zapatillas Running,Hogar,SportWorld,1,47.21,5.92,9.91,2024-10-22,Tienda,España,EUR
Reloj Deportivo,Accesorios,GlobalTech,5,1340.33,200.14,281.47,2024-04-17,Online,Italia,EUR
SSD 1TB,Audio,FashionCorp,1,21.39,1.27,4.49,2024-06-25,Distribuidor,España,EUR
Plancha Vapor,Audio,TechCorp,1,605.87,81.52,127.23,2024-03-16,Distribuidor,Italia,EUR
Refrigerador Mini,Oficina,Distribuciones Europa,2,1290.42,56.48,270.99,2024-04-24,Distribuidor,España,EUR
Silla Gamer,Oficina,ElectroMax,3,1011.89,81.59,212.5,2024-07-28,Distribuidor,Portugal,EUR
Mochila Travel,Deportes,ElectroMax,2,773.29,93.19,162.39,2024-12-26,Distribuidor,Italia,EUR
Batidora Pro,Moda,MegaStore,3,760.62,95.8,159.73,2024-10-06,Distribuidor,Alemania,EUR
Zapatillas Running,Hogar,LogiTech,3,1409.2,124.65,295.93,2024-02-14,Online,Alemania,EUR
Cámara HD,Hogar,TechCorp,4,155.84,10.44,32.73,2024-05-30,Distribuidor,España,EUR
SSD 1TB,Accesorios,SportWorld,1,498.69,54.13,104.72,2024-12-11,Distribuidor,Italia,EUR
Cargador USB-C,Audio,Distribuciones Europa,5,109.59,1.94,23.01,2024-12-12,Tienda,Italia,EUR
Microfono Pro,Audio,FashionCorp,5,1226.19,52.51,257.5,2024-10-13,Distribuidor,Alemania,EUR
Guantes Gym,Hogar,LogiTech,4,257.38,36.83,54.05,2024-09-23,Online,España,EUR
Gafas Sol,Electrónica,TechCorp,3,1605.27,141.54,337.11,2024-04-18,Tienda,Italia,EUR
TV 55,Accesorios,ElectroMax,5,848.89,109.62,178.27,2024-05-04,Tienda,Italia,EUR
Monitor 27,Deportes,GlobalTech,5,1637.5,96.62,343.88,2024-04-08,Tienda,Italia,EUR
Router WiFi,Audio,FashionCorp,5,940.23,68.66,197.45,2024-11-16,Tienda,Portugal,EUR
Monitor 27,Audio,ElectroMax,5,1369.48,173.1,287.59,2024-10-23,Tienda,Italia,EUR
Pelota Fitness,Audio,ElectroMax,3,1100.64,138.65,231.13,2024-12-29,Distribuidor,Italia,EUR
Reloj Deportivo,Accesorios,FashionCorp,1,1168.57,54.04,245.4,2024-07-29,Online,Alemania,EUR
Colchoneta Yoga,Oficina,FashionCorp,4,258.64,0.63,54.31,2024-08-18,Online,Italia,EUR
Reloj Deportivo,Hogar,FashionCorp,2,1211.13,158.16,254.34,2024-08-19,Online,España,EUR
Pelota Fitness,Audio,Distribuciones Europa,4,1255.67,71.57,263.69,2024-07-30,Online,Portugal,EUR
HDD 2TB,Deportes,GlobalTech,3,1192.73,55.36,250.47,2024-09-27,Online,Italia,EUR
Reloj Deportivo,Moda,LogiTech,4,1027.33,89.2,215.74,2024-07-03,Distribuidor,Alemania,EUR
PowerBank 20k,Audio,HomePlus,4,1863.45,184.03,391.32,2024-01-04,Distribuidor,Portugal,EUR
Tablet Plus,Hogar,HomePlus,4,171.29,10.71,35.97,2024-07-13,Tienda,Alemania,EUR
Proyector HD,Moda,Distribuciones Europa,1,867.52,122.83,182.18,2024-02-19,Online,Portugal,EUR
Refrigerador Mini,Electrónica,TechCorp,3,427.77,23.46,89.83,2024-04-04,Online,España,EUR
Gafas Sol,Moda,ElectroMax,1,550.85,39.58,115.68,2024-02-02,Distribuidor,España,EUR
Colchoneta Yoga,Audio,MegaStore,2,648.52,18.15,136.19,2024-02-12,Distribuidor,España,EUR
Smartphone X,Audio,GlobalTech,5,749.09,45.34,157.31,2024-11-26,Tienda,España,EUR
Batidora Pro,Electrónica,LogiTech,1,223.93,19.55,47.03,2024-12-20,Distribuidor,Italia,EUR
Teclado Mecánico,Audio,ElectroMax,1,806.41,92.5,169.35,2024-08-06,Tienda,Alemania,EUR
Casco Bicicleta,Audio,SportWorld,2,906.82,79.55,190.43,2024-03-11,Online,Italia,EUR
Proyector HD,Hogar,MegaStore,4,1051.96,13.31,220.91,2024-01-01,Tienda,Francia,EUR
Barra de Sonido,Electrónica,GlobalTech,5,1888.14,128.53,396.51,2024-11-28,Online,Francia,EUR
TV 55,Electrónica,SportWorld,1,208.0,13.15,43.68,2024-05-15,Tienda,Alemania,EUR
Laptop Air,Deportes,ElectroMax,4,13.34,1.04,2.8,2024-08-29,Distribuidor,Italia,EUR
Cámara HD,Moda,LogiTech,1,16.34,1.23,3.43,2024-12-24,Distribuidor,Italia,EUR
Barra de Sonido,Electrónica,ProGear,2,1340.13,54.46,281.43,2024-02-17,Distribuidor,Portugal,EUR
Smartphone X,Oficina,ProGear,5,605.82,88.81,127.22,2024-09-13,Distribuidor,Alemania,EUR
Set Mancuernas,Deportes,HomePlus,1,818.54,22.45,171.89,2024-05-11,Tienda,Alemania,EUR
Mouse Gamer,Electrónica,TechCorp,3,1468.6,182.48,308.41,2024-10-17,Distribuidor,Alemania,EUR
Mochila Travel,Video,ElectroMax,4,446.05,57.48,93.67,2024-10-26,Distribuidor,Francia,EUR
Reloj Deportivo,Video,GlobalTech,1,109.11,10.07,22.91,2024-07-03,Online,Italia,EUR
HDD 2TB,Deportes,GlobalTech,4,504.01,11.33,105.84,2024-07-24,Tienda,Italia,EUR
Smartphone X,Audio,ProGear,5,707.0,40.83,148.47,2024-06-26,Online,Francia,EUR
Refrigerador Mini,Video,MegaStore,4,1011.99,25.03,212.52,2024-02-11,Online,Italia,EUR
Reloj Deportivo,Accesorios,LogiTech,2,938.84,107.08,197.16,2024-04-09,Tienda,Alemania,EUR
Silla Gamer,Oficina,SportWorld,5,1148.91,22.63,241.27,2024-12-20,Online,Francia,EUR
Guantes Gym,Video,HomePlus,3,135.66,12.52,28.49,2024-06-06,Tienda,España,EUR
Tablet Plus,Moda,HomePlus,2,863.69,7.92,181.37,2024-10-01,Distribuidor,Francia,EUR
Altavoz Bluetooth,Oficina,HomePlus,5,332.83,36.12,69.89,2024-11-05,Distribuidor,Italia,EUR
HDD 2TB,Deportes,TechCorp,2,555.55,44.54,116.67,2024-05-14,Online,España,EUR
Smartwatch,Audio,TechCorp,3,1092.05,134.18,229.33,2024-05-26,Online,Italia,EUR
Drone Mini,Deportes,MegaStore,3,1131.22,130.67,237.56,2024-06-20,Distribuidor,Portugal,EUR
Laptop Air,Audio,ProGear,5,963.53,70.76,202.34,2024-01-13,Tienda,Italia,EUR
Batidora Pro,Oficina,ElectroMax,5,547.25,70.94,114.92,2024-10-27,Online,Francia,EUR
Auriculares Bluetooth,Video,LogiTech,3,536.15,69.09,112.59,2024-01-31,Tienda,Alemania,EUR
Pantalón Trekking,Oficina,ProGear,1,1603.59,163.87,336.75,2024-03-20,Tienda,España,EUR
Teclado Mecánico,Accesorios,GlobalTech,2,1442.24,133.57,302.87,2024-04-04,Tienda,Portugal,EUR
HDD 2TB,Oficina,ElectroMax,1,1219.54,154.26,256.1,2024-04-30,Online,Alemania,EUR
Plancha Vapor,Video,FashionCorp,4,575.01,76.34,120.75,2024-03-28,Tienda,Italia,EUR
Silla Gamer,Audio,HomePlus,3,968.12,87.26,203.31,2024-09-26,Distribuidor,Francia,EUR
Teclado Mecánico,Moda,TechCorp,4,1060.44,46.71,222.69,2024-06-21,Tienda,Francia,EUR
Router WiFi,Deportes,GlobalTech,4,806.35,15.48,169.33,2024-01-20,Tienda,Francia,EUR
Tostadora,Video,MegaStore,2,1158.98,105.2,243.39,2024-05-28,Distribuidor,Francia,EUR
Aspiradora Robot,Deportes,GlobalTech,4,1159.83,30.2,243.56,2024-10-18,Tienda,España,EUR
Barra de Sonido,Moda,GlobalTech,4,657.97,87.05,138.17,2024-08-23,Online,Italia,EUR
Cafetera Automática,Moda,FashionCorp,2,1014.87,67.35,213.12,2024-07-09,Online,Alemania,EUR
Memoria RAM 16GB,Hogar,ProGear,1,168.01,21.64,35.28,2024-12-11,Tienda,España,EUR
Mochila Travel,Hogar,FashionCorp,4,755.92,35.28,158.74,2024-07-02,Online,Italia,EUR
Cafetera Automática,Video,HomePlus,5,554.91,49.28,116.53,2024-10-01,Tienda,Alemania,EUR
Escritorio Oficina,Video,GlobalTech,1,280.89,38.61,58.99,2024-08-22,Distribuidor,Italia,EUR
Impresora Laser,Video,HomePlus,1,1066.65,53.63,224.0,2024-04-20,Tienda,Francia,EUR
TV 55,Oficina,SportWorld,3,612.34,66.86,128.59,2024-09-18,Online,Italia,EUR
Monitor 32,Accesorios,Distribuciones Europa,5,553.05,63.17,116.14,2024-06-02,Distribuidor,España,EUR
Tablet Plus,Video,TechCorp,3,752.82,56.81,158.09,2024-07-15,Online,Alemania,EUR
Impresora Laser,Deportes,GlobalTech,3,184.61,26.93,38.77,2024-04-30,Online,España,EUR
Pelota Fitness,Video,SportWorld,1,1619.48,154.48,340.09,2024-01-14,Online,España,EUR
Cafetera Automática,Oficina,HomePlus,4,347.23,7.19,72.92,2024-03-19,Distribuidor,España,EUR
Smartphone Mini,Moda,ElectroMax,3,1017.22,100.89,213.62,2024-11-18,Tienda,Francia,EUR
Plancha Vapor,Oficina,SportWorld,2,1028.05,131.27,215.89,2024-01-07,Distribuidor,España,EUR
Webcam FullHD,Oficina,FashionCorp,4,157.24,5.3,33.02,2024-07-13,Distribuidor,Italia,EUR
TV 65,Deportes,FashionCorp,3,1861.28,11.38,390.87,2024-01-20,Online,Portugal,EUR
Refrigerador Mini,Accesorios,FashionCorp,4,1312.9,42.38,275.71,2024-11-13,Distribuidor,Italia,EUR
Colchoneta Yoga,Moda,GlobalTech,3,1040.02,2.67,218.4,2024-12-02,Online,Alemania,EUR
Smartwatch,Video,Distribuciones Europa,4,2017.44,1.89,423.66,2024-12-23,Tienda,Alemania,EUR
Monitor 32,Moda,FashionCorp,4,78.67,8.41,16.52,2024-06-07,Tienda,Italia,EUR
Mouse Gamer,Deportes,SportWorld,2,680.9,14.88,142.99,2024-08-05,Online,Italia,EUR
Zapatillas Running,Accesorios,GlobalTech,3,1392.4,51.76,292.4,2024-05-13,Online,Portugal,EUR
Drone Mini,Accesorios,GlobalTech,4,713.31,16.12,149.8,2024-01-26,Distribuidor,España,EUR
Plancha Vapor,Electrónica,ProGear,3,552.43,14.35,116.01,2024-07-30,Tienda,España,EUR
Cafetera Automática,Video,MegaStore,5,22.89,3.19,4.81,2024-12-16,Online,Portugal,EUR
Monitor 32,Hogar,TechCorp,3,755.29,19.74,158.61,2024-09-25,Online,Italia,EUR
Pantalón Trekking,Video,LogiTech,2,1571.88,13.1,330.09,2024-12-09,Online,Francia,EUR
Monitor 27,Hogar,FashionCorp,1,1985.85,13.91,417.03,2024-11-05,Online,España,EUR
Memoria RAM 16GB,Electrónica,GlobalTech,2,1682.97,90.03,353.42,2024-12-04,Distribuidor,Francia,EUR
Memoria RAM 16GB,Video,FashionCorp,2,231.96,15.93,48.71,2024-06-02,Distribuidor,España,EUR
Smartwatch,Electrónica,SportWorld,1,566.96,36.7,119.06,2024-11-28,Tienda,Italia,EUR
HDD 2TB,Electrónica,ProGear,4,248.23,17.48,52.13,2024-07-04,Distribuidor,Alemania,EUR
Router WiFi,Moda,SportWorld,4,840.92,26.63,176.59,2024-12-16,Distribuidor,Francia,EUR
Cargador USB-C,Electrónica,GlobalTech,4,1227.47,143.08,257.77,2024-07-25,Distribuidor,Italia,EUR
Escritorio Oficina,Moda,TechCorp,3,1118.31,110.75,234.85,2024-05-20,Distribuidor,Italia,EUR
Teclado Mecánico,Hogar,MegaStore,4,312.75,43.83,65.68,2024-10-15,Tienda,Alemania,EUR
Impresora Laser,Moda,Distribuciones Europa,3,1174.54,160.02,246.65,2024-04-01,Distribuidor,España,EUR
Zapatillas Running,Accesorios,LogiTech,2,44.19,1.98,9.28,2024-03-12,Online,Italia,EUR
Proyector HD,Oficina,MegaStore,3,181.53,6.66,38.12,2024-04-29,Distribuidor,Italia,EUR
Cámara HD,Audio,SportWorld,3,107.18,5.03,22.51,2024-09-17,Distribuidor,Italia,EUR
Gafas Sol,Deportes,GlobalTech,4,1422.23,67.38,298.67,2024-09-03,Tienda,Portugal,EUR
Colchoneta Yoga,Accesorios,ElectroMax,2,946.32,95.75,198.73,2024-08-05,Tienda,Italia,EUR
Proyector HD,Moda,SportWorld,1,1439.65,105.31,302.33,2024-05-03,Tienda,Francia,EUR
Proyector HD,Hogar,LogiTech,2,569.67,45.05,119.63,2024-05-25,Tienda,España,EUR
Batidora Pro,Deportes,MegaStore,2,172.53,6.24,36.23,2024-07-29,Distribuidor,España,EUR
Monitor 32,Hogar,FashionCorp,2,180.14,13.19,37.83,2024-06-13,Tienda,Italia,EUR
Laptop Pro,Deportes,SportWorld,3,1325.94,170.94,278.45,2024-05-07,Distribuidor,Portugal,EUR
Impresora Laser,Hogar,ElectroMax,2,866.17,41.36,181.9,2024-04-19,Online,Portugal,EUR
Gafas Sol,Electrónica,TechCorp,5,208.3,20.15,43.74,2024-10-24,Tienda,Portugal,EUR
Cámara HD,Accesorios,SportWorld,5,938.89,15.58,197.17,2024-07-16,Distribuidor,España,EUR
Laptop Pro,Hogar,HomePlus,2,298.0,4.2,62.58,2024-09-09,Tienda,Portugal,EUR
Mouse Gamer,Moda,Distribuciones Europa,3,288.07,7.05,60.49,2024-04-05,Online,Portugal,EUR
Colchoneta Yoga,Audio,FashionCorp,5,1171.45,66.02,246.0,2024-08-04,Online,Francia,EUR
Laptop Pro,Accesorios,ProGear,1,650.18,14.71,136.54,2024-08-28,Tienda,España,EUR
Pantalón Trekking,Audio,TechCorp,1,1427.93,77.45,299.87,2024-04-17,Online,Francia,EUR
Guantes Gym,Deportes,ProGear,1,1844.87,61.61,387.42,2024-11-26,Online,Italia,EUR
Memoria RAM 16GB,Accesorios,MegaStore,2,179.74,12.24,37.75,2024-03-11,Tienda,Italia,EUR
Mochila Travel,Hogar,ProGear,5,1025.09,10.7,215.27,2024-05-28,Online,Portugal,EUR
Gafas Sol,Electrónica,HomePlus,5,990.4,143.93,207.98,2024-07-17,Distribuidor,Alemania,EUR
Aspiradora Robot,Moda,ProGear,4,876.68,62.83,184.1,2024-02-22,Online,España,EUR
Plancha Vapor,Oficina,TechCorp,1,1278.72,120.28,268.53,2024-02-25,Online,Portugal,EUR
TV 65,Oficina,LogiTech,1,1393.04,106.57,292.54,2024-09-09,Distribuidor,Italia,EUR
Pantalón Trekking,Oficina,FashionCorp,3,1112.74,160.54,233.68,2024-04-24,Online,Francia,EUR
Plancha Vapor,Oficina,LogiTech,3,521.87,30.43,109.59,2024-04-13,Distribuidor,Alemania,EUR
Cafetera Automática,Moda,ProGear,5,2209.51,147.9,464.0,2024-11-13,Tienda,Francia,EUR
SSD 1TB,Moda,SportWorld,5,570.17,66.97,119.74,2024-02-28,Distribuidor,España,EUR
Refrigerador Mini,Deportes,GlobalTech,5,531.69,32.5,111.65,2024-07-31,Tienda,Francia,EUR
Teclado Mecánico,Hogar,MegaStore,2,195.56,21.11,41.07,2024-06-19,Tienda,Italia,EUR
Altavoz Bluetooth,Moda,GlobalTech,4,15.45,1.05,3.24,2024-06-21,Distribuidor,Francia,EUR
SSD 1TB,Electrónica,HomePlus,1,353.5,14.16,74.23,2024-02-18,Tienda,Francia,EUR
HDD 2TB,Video,GlobalTech,4,843.83,9.15,177.2,2024-05-27,Online,Alemania,EUR
Cámara HD,Video,Distribuciones Europa,2,1235.97,89.15,259.55,2024-04-01,Online,Portugal,EUR
Smartphone X,Deportes,Distribuciones Europa,3,351.32,38.96,73.78,2024-05-16,Online,Italia,EUR
Auriculares Bluetooth,Accesorios,FashionCorp,3,820.67,1.57,172.34,2024-07-07,Distribuidor,España,EUR
Impresora Laser,Oficina,ProGear,1,753.14,12.05,158.16,2024-06-23,Distribuidor,España,EUR
Smartwatch,Video,Distribuciones Europa,1,343.84,47.01,72.21,2024-10-29,Tienda,Portugal,EUR
Ventilador Turbo,Hogar,SportWorld,3,243.35,2.56,51.1,2024-12-10,Tienda,Alemania,EUR
Smartphone X,Electrónica,LogiTech,2,814.84,53.31,171.12,2024-01-01,Online,Alemania,EUR
Webcam FullHD,Electrónica,ProGear,2,938.29,88.35,197.04,2024-04-05,Distribuidor,Francia,EUR
PowerBank 20k,Electrónica,LogiTech,3,705.37,22.56,148.13,2024-05-23,Tienda,Portugal,EUR
Auriculares Bluetooth,Audio,FashionCorp,3,1495.62,219.82,314.08,2024-04-21,Distribuidor,España,EUR
Barra de Sonido,Hogar,TechCorp,3,846.24,50.31,177.71,2024-11-23,Online,Francia,EUR
Cafetera Automática,Deportes,FashionCorp,1,1628.21,43.09,341.92,2024-01-28,Tienda,Italia,EUR
Mochila Travel,Audio,FashionCorp,4,2240.91,279.16,470.59,2024-11-26,Tienda,Alemania,EUR
Microfono Pro,Accesorios,HomePlus,5,1411.42,195.88,296.4,2024-12-11,Distribuidor,Italia,EUR
Smartphone X,Electrónica,TechCorp,1,914.96,29.1,192.14,2024-12-08,Online,Portugal,EUR
Impresora Laser,Hogar,TechCorp,3,1025.87,81.63,215.43,2024-04-18,Online,Francia,EUR
Guantes Gym,Deportes,TechCorp,4,2178.74,189.43,457.54,2024-11-23,Online,Portugal,EUR
Laptop Pro,Hogar,ElectroMax,2,739.75,69.72,155.35,2024-02-11,Online,España,EUR
Aspiradora Robot,Video,LogiTech,4,552.8,54.84,116.09,2024-02-18,Tienda,España,EUR
HDD 2TB,Moda,MegaStore,5,86.25,3.68,18.11,2024-03-18,Distribuidor,España,EUR
Tostadora,Deportes,FashionCorp,2,480.89,25.18,100.99,2024-02-19,Tienda,Alemania,EUR
Router WiFi,Video,LogiTech,5,24.59,2.54,5.16,2024-10-19,Online,Alemania,EUR
Lámpara LED,Hogar,Distribuciones Europa,2,1063.13,124.04,223.26,2024-07-19,Distribuidor,Portugal,EUR
Aspiradora Robot,Audio,LogiTech,4,734.78,75.58,154.3,2024-09-23,Distribuidor,Francia,EUR
Auriculares Bluetooth,Hogar,ElectroMax,2,1398.01,20.09,293.58,2024-09-17,Online,Portugal,EUR
Microfono Pro,Accesorios,HomePlus,1,525.71,75.44,110.4,2024-02-16,Distribuidor,Alemania,EUR
Gafas Sol,Deportes,ElectroMax,4,602.18,14.27,126.46,2024-06-29,Tienda,Portugal,EUR
Cargador USB-C,Moda,ElectroMax,5,1132.54,99.79,237.83,2024-12-19,Online,Portugal,EUR
Laptop Pro,Oficina,Distribuciones Europa,1,1219.88,41.4,256.17,2024-03-15,Online,Francia,EUR
Teclado Mecánico,Deportes,ProGear,1,401.26,59.49,84.26,2024-11-09,Distribuidor,España,EUR
Set Mancuernas,Accesorios,ProGear,4,1637.23,163.83,343.82,2024-09-27,Tienda,Francia,EUR
Pelota Fitness,Electrónica,FashionCorp,3,1164.95,109.34,244.64,2024-02-03,Online,España,EUR
HDD 2TB,Audio,ProGear,4,1872.38,205.68,393.2,2024-01-20,Online,Francia,EUR
Casco Bicicleta,Video,LogiTech,3,1068.38,155.54,224.36,2024-09-12,Distribuidor,Italia,EUR
Tablet Plus,Electrónica,MegaStore,1,999.74,137.1,209.95,2024-05-08,Distribuidor,Italia,EUR
Pelota Fitness,Hogar,ElectroMax,3,61.25,6.78,12.86,2024-08-21,Tienda,España,EUR
Laptop Pro,Video,ElectroMax,4,1349.86,177.31,283.47,2024-01-06,Distribuidor,España,EUR
Colchoneta Yoga,Accesorios,ElectroMax,2,1493.66,59.49,313.67,2024-01-19,Online,Italia,EUR
Ventilador Turbo,Oficina,ProGear,5,1037.02,70.05,217.77,2024-01-26,Online,Italia,EUR
Pelota Fitness,Accesorios,FashionCorp,1,775.85,33.48,162.93,2024-08-30,Tienda,Alemania,EUR
Smartwatch,Video,MegaStore,3,1637.39,151.34,343.85,2024-01-22,Online,Alemania,EUR
Cámara HD,Moda,MegaStore,5,673.43,41.24,141.42,2024-04-08,Online,Portugal,EUR
HDD 2TB,Electrónica,TechCorp,2,215.48,23.47,45.25,2024-11-03,Tienda,Italia,EUR
Tablet Plus,Accesorios,TechCorp,2,335.59,8.68,70.47,2024-06-28,Distribuidor,Portugal,EUR
Mochila Travel,Moda,LogiTech,2,783.47,90.25,164.53,2024-09-26,Tienda,Portugal,EUR
Laptop Air,Accesorios,HomePlus,1,1223.73,32.8,256.98,2024-03-30,Distribuidor,Alemania,EUR
Tablet Plus,Moda,FashionCorp,4,1676.4,67.81,352.04,2024-12-11,Online,España,EUR
Altavoz Bluetooth,Deportes,ProGear,5,377.89,26.87,79.36,2024-11-07,Tienda,España,EUR
Smartphone Mini,Audio,MegaStore,3,808.05,102.56,169.69,2024-03-14,Distribuidor,Italia,EUR
Monitor 32,Accesorios,ElectroMax,4,889.05,23.98,186.7,2024-07-08,Tienda,Alemania,EUR
Tablet Plus,Oficina,FashionCorp,1,86.44,1.35,18.15,2024-05-08,Distribuidor,Italia,EUR
Proyector HD,Hogar,ProGear,5,155.38,4.88,32.63,2024-07-25,Tienda,Alemania,EUR
Mochila Travel,Electrónica,TechCorp,4,506.63,53.49,106.39,2024-06-17,Distribuidor,Alemania,EUR
Laptop Pro,Electrónica,Distribuciones Europa,4,1824.7,188.38,383.19,2024-11-05,Distribuidor,España,EUR
Plancha Vapor,Moda,GlobalTech,3,349.06,50.07,73.3,2024-01-24,Tienda,Alemania,EUR
Smartwatch,Hogar,ElectroMax,1,1205.0,70.8,253.05,2024-05-25,Online,España,EUR
Auriculares Bluetooth,Moda,Distribuciones Europa,1,415.94,50.16,87.35,2024-03-14,Distribuidor,Italia,EUR
Escritorio Oficina,Electrónica,MegaStore,3,1372.72,82.0,288.27,2024-10-20,Distribuidor,Alemania,EUR
Mouse Gamer,Hogar,ProGear,4,781.95,65.05,164.21,2024-09-23,Tienda,Alemania,EUR
Cámara HD,Video,ElectroMax,5,1789.11,99.03,375.71,2024-01-17,Tienda,Italia,EUR
Escritorio Oficina,Moda,Distribuciones Europa,2,313.56,17.76,65.85,2024-08-21,Tienda,Alemania,EUR
Ventilador Turbo,Accesorios,ProGear,3,379.1,56.33,79.61,2024-08-21,Online,Francia,EUR
Auriculares Bluetooth,Deportes,GlobalTech,1,49.61,3.59,10.42,2024-07-17,Tienda,Portugal,EUR
Barra de Sonido,Hogar,FashionCorp,2,74.37,2.09,15.62,2024-05-11,Tienda,Portugal,EUR
Zapatillas Running,Audio,TechCorp,2,403.41,54.31,84.72,2024-11-26,Online,Portugal,EUR
TV 65,Hogar,FashionCorp,2,1311.25,161.28,275.36,2024-11-15,Online,España,EUR
Reloj Deportivo,Oficina,MegaStore,3,287.42,14.11,60.36,2024-04-04,Tienda,Alemania,EUR
HDD 2TB,Moda,ProGear,5,415.95,59.16,87.35,2024-02-03,Tienda,Portugal,EUR
HDD 2TB,Accesorios,HomePlus,5,1025.98,40.81,215.46,2024-09-17,Online,Italia,EUR
Barra de Sonido,Electrónica,MegaStore,4,788.16,89.95,165.51,2024-06-24,Online,Alemania,EUR
Batidora Pro,Oficina,GlobalTech,5,252.09,3.74,52.94,2024-09-19,Online,Italia,EUR
Monitor 27,Accesorios,MegaStore,5,515.54,43.53,108.26,2024-04-25,Tienda,Portugal,EUR
Silla Gamer,Accesorios,MegaStore,4,1186.16,54.34,249.09,2024-07-12,Tienda,Alemania,EUR
Microfono Pro,Moda,LogiTech,2,930.97,31.97,195.5,2024-03-24,Online,Alemania,EUR
Cargador USB-C,Hogar,Distribuciones Europa,1,162.34,22.86,34.09,2024-07-13,Tienda,Francia,EUR
Microfono Pro,Hogar,HomePlus,1,290.7,31.99,61.05,2024-10-14,Online,Francia,EUR
Cámara HD,Electrónica,MegaStore,4,1478.4,131.73,310.46,2024-01-28,Distribuidor,Alemania,EUR
Microfono Pro,Moda,ElectroMax,2,273.74,3.51,57.49,2024-04-15,Distribuidor,España,EUR
HDD 2TB,Deportes,TechCorp,5,1211.63,147.59,254.44,2024-09-20,Online,Alemania,EUR
TV 55,Electrónica,LogiTech,4,1246.56,23.22,261.78,2024-05-13,Online,Alemania,EUR
Laptop Air,Deportes,Distribuciones Europa,3,1105.02,147.19,232.05,2024-08-10,Tienda,Francia,EUR
Laptop Air,Moda,FashionCorp,3,983.11,91.02,206.45,2024-09-06,Tienda,España,EUR
Tostadora,Video,MegaStore,4,745.98,30.14,156.66,2024-12-31,Tienda,Portugal,EUR
Mochila Travel,Audio,LogiTech,3,613.9,54.93,128.92,2024-02-17,Tienda,Alemania,EUR
TV 65,Moda,SportWorld,2,2028.26,24.46,425.93,2024-11-05,Distribuidor,Alemania,EUR
Casco Bicicleta,Moda,MegaStore,2,1835.51,27.66,385.46,2024-12-03,Distribuidor,Alemania,EUR
HDD 2TB,Video,LogiTech,5,1225.95,177.47,257.45,2024-07-08,Tienda,Italia,EUR
Plancha Vapor,Video,TechCorp,3,2005.04,183.65,421.06,2024-11-14,Tienda,Italia,EUR
Drone Mini,Electrónica,ElectroMax,4,1023.96,3.48,215.03,2024-01-28,Distribuidor,Francia,EUR
Drone Mini,Deportes,HomePlus,4,558.6,64.31,117.31,2024-05-05,Online,Italia,EUR
Memoria RAM 16GB,Accesorios,ProGear,3,362.65,19.98,76.16,2024-03-20,Online,Francia,EUR
Microfono Pro,Video,GlobalTech,2,372.55,5.36,78.24,2024-03-13,Tienda,Italia,EUR
Altavoz Bluetooth,Hogar,MegaStore,2,701.1,68.67,147.23,2024-06-13,Distribuidor,España,EUR
Reloj Deportivo,Moda,LogiTech,5,76.09,1.35,15.98,2024-07-24,Distribuidor,Francia,EUR
Monitor 32,Audio,FashionCorp,3,15.36,0.87,3.23,2024-04-27,Online,Italia,EUR
Guantes Gym,Moda,TechCorp,2,342.88,27.26,72.0,2024-08-16,Tienda,España,EUR
SSD 1TB,Oficina,HomePlus,4,1597.18,20.87,335.41,2024-12-01,Online,Francia,EUR
PowerBank 20k,Audio,HomePlus,5,1869.27,184.95,392.55,2024-11-05,Online,Italia,EUR
Mochila Travel,Electrónica,GlobalTech,1,454.58,13.88,95.46,2024-08-26,Tienda,Francia,EUR
Chaqueta Invierno,Moda,ProGear,5,229.13,6.21,48.12,2024-08-11,Tienda,Italia,EUR
Gafas Sol,Moda,FashionCorp,5,794.61,68.92,166.87,2024-10-07,Tienda,Italia,EUR
Smartphone Mini,Video,HomePlus,3,1775.92,15.69,372.94,2024-01-27,Distribuidor,España,EUR
Proyector HD,Deportes,SportWorld,2,943.92,128.14,198.22,2024-12-06,Online,Portugal,EUR
Smartphone Mini,Electrónica,LogiTech,5,794.01,60.18,166.74,2024-03-23,Tienda,Alemania,EUR
Auriculares Bluetooth,Moda,MegaStore,2,1372.71,46.39,288.27,2024-02-23,Online,Portugal,EUR
TV 55,Accesorios,HomePlus,3,1626.51,188.22,341.57,2024-01-26,Distribuidor,Francia,EUR
Aspiradora Robot,Moda,TechCorp,1,1087.01,120.28,228.27,2024-08-20,Distribuidor,Italia,EUR
HDD 2TB,Moda,TechCorp,4,654.14,80.37,137.37,2024-08-31,Online,Francia,EUR
Lámpara LED,Audio,TechCorp,4,244.36,22.28,51.32,2024-10-24,Distribuidor,Alemania,EUR
Plancha Vapor,Accesorios,ProGear,4,879.08,2.64,184.61,2024-08-20,Distribuidor,España,EUR
Casco Bicicleta,Oficina,FashionCorp,3,440.97,44.45,92.6,2024-06-19,Distribuidor,Francia,EUR
Set Mancuernas,Oficina,LogiTech,3,323.25,46.72,67.88,2024-09-14,Online,España,EUR
Zapatillas Running,Deportes,MegaStore,5,578.95,64.91,121.58,2024-03-03,Tienda,Francia,EUR
Ventilador Turbo,Hogar,ProGear,5,913.9,103.29,191.92,2024-11-28,Distribuidor,Alemania,EUR
Escritorio Oficina,Video,MegaStore,5,1602.52,214.43,336.53,2024-01-06,Tienda,Francia,EUR
Laptop Pro,Accesorios,HomePlus,3,858.65,102.81,180.32,2024-09-10,Online,España,EUR
Smartphone X,Accesorios,SportWorld,2,1385.27,66.17,290.91,2024-01-16,Distribuidor,Portugal,EUR
Cargador USB-C,Electrónica,Distribuciones Europa,1,1053.07,128.23,221.14,2024-06-07,Tienda,España,EUR
Pelota Fitness,Deportes,TechCorp,3,1138.74,55.94,239.14,2024-09-25,Distribuidor,Portugal,EUR
TV 55,Accesorios,ProGear,4,227.11,9.72,47.69,2024-07-20,Online,Alemania,EUR
Batidora Pro,Audio,TechCorp,3,524.52,61.0,110.15,2024-08-01,Distribuidor,Italia,EUR
Refrigerador Mini,Hogar,TechCorp,2,553.27,56.71,116.19,2024-03-03,Distribuidor,España,EUR
Plancha Vapor,Oficina,Distribuciones Europa,3,1446.28,18.23,303.72,2024-10-25,Online,Italia,EUR
Batidora Pro,Video,Distribuciones Europa,2,1003.45,62.06,210.72,2024-07-15,Online,Italia,EUR
Reloj Deportivo,Moda,ElectroMax,1,45.15,6.17,9.48,2024-02-28,Distribuidor,Alemania,EUR
Set Mancuernas,Audio,LogiTech,1,1175.28,51.7,246.81,2024-05-30,Distribuidor,Italia,EUR
Router WiFi,Video,LogiTech,1,775.48,8.45,162.85,2024-05-27,Tienda,Italia,EUR
Batidora Pro,Hogar,LogiTech,4,1899.35,13.27,398.86,2024-12-05,Online,Francia,EUR
Lámpara LED,Electrónica,MegaStore,5,844.04,57.71,177.25,2024-06-13,Tienda,Portugal,EUR
Mouse Gamer,Video,ElectroMax,3,810.94,7.51,170.3,2024-01-30,Online,Alemania,EUR
Barra de Sonido,Hogar,LogiTech,4,785.64,30.25,164.98,2024-06-01,Distribuidor,Italia,EUR
Cámara HD,Moda,TechCorp,5,745.48,9.96,156.55,2024-07-26,Tienda,Francia,EUR
Guantes Gym,Deportes,MegaStore,1,177.9,20.18,37.36,2024-08-19,Online,Portugal,EUR
Router WiFi,Accesorios,ProGear,2,798.42,71.58,167.67,2024-02-24,Online,Alemania,EUR
Chaqueta Invierno,Electrónica,HomePlus,5,53.16,6.33,11.16,2024-09-23,Online,Portugal,EUR
Lámpara LED,Video,ElectroMax,1,592.42,0.77,124.41,2024-01-21,Online,Francia,EUR
Gafas Sol,Electrónica,GlobalTech,4,762.41,13.21,160.11,2024-04-03,Tienda,Portugal,EUR
SSD 1TB,Electrónica,MegaStore,1,727.6,47.1,152.8,2024-06-29,Online,Francia,EUR
TV 65,Moda,GlobalTech,3,148.85,1.34,31.26,2024-04-23,Tienda,Alemania,EUR
Plancha Vapor,Audio,TechCorp,4,814.59,107.89,171.06,2024-07-04,Online,Francia,EUR
Silla Gamer,Accesorios,ProGear,1,1782.59,101.03,374.34,2024-12-23,Tienda,Portugal,EUR
Lámpara LED,Video,LogiTech,5,1358.88,87.48,285.36,2024-12-28,Tienda,Alemania,EUR
Pelota Fitness,Audio,MegaStore,2,1050.72,69.21,220.65,2024-11-02,Distribuidor,Alemania,EUR
Altavoz Bluetooth,Video,ElectroMax,1,1246.49,94.75,261.76,2024-04-14,Tienda,Alemania,EUR
Smartphone Mini,Audio,HomePlus,3,430.11,26.01,90.32,2024-08-06,Online,España,EUR
Smartwatch,Audio,SportWorld,5,145.82,12.46,30.62,2024-12-12,Online,Francia,EUR
Colchoneta Yoga,Audio,ElectroMax,2,1198.57,84.04,251.7,2024-05-22,Tienda,Alemania,EUR
Cargador USB-C,Deportes,MegaStore,3,283.27,18.72,59.49,2024-04-24,Distribuidor,Italia,EUR
Mochila Travel,Video,ProGear,3,1245.09,7.22,261.47,2024-11-17,Distribuidor,Francia,EUR
Smartphone Mini,Electrónica,GlobalTech,1,42.42,2.72,8.91,2024-02-04,Tienda,España,EUR
Monitor 27,Deportes,HomePlus,4,1939.89,162.09,407.38,2024-01-30,Distribuidor,Portugal,EUR
Casco Bicicleta,Accesorios,GlobalTech,2,1091.37,107.85,229.19,2024-12-14,Distribuidor,Italia,EUR
Escritorio Oficina,Hogar,ProGear,2,1270.05,153.65,266.71,2024-11-14,Tienda,España,EUR
Cámara HD,Electrónica,GlobalTech,3,57.77,3.93,12.13,2024-02-22,Distribuidor,España,EUR
Plancha Vapor,Moda,ProGear,4,734.69,71.62,154.28,2024-02-29,Distribuidor,Francia,EUR
Smartphone Mini,Audio,HomePlus,4,446.87,18.48,93.84,2024-10-04,Distribuidor,Portugal,EUR
Teclado Mecánico,Electrónica,FashionCorp,2,764.03,89.41,160.45,2024-11-25,Distribuidor,Italia,EUR
Guantes Gym,Audio,ElectroMax,2,2067.23,79.73,434.12,2024-12-13,Distribuidor,España,EUR
Mochila Travel,Oficina,HomePlus,4,1087.58,74.85,228.39,2024-10-01,Distribuidor,Italia,EUR
Monitor 32,Oficina,LogiTech,2,1007.96,65.71,211.67,2024-03-28,Tienda,Alemania,EUR
SSD 1TB,Audio,SportWorld,2,1863.36,178.97,391.31,2024-11-20,Tienda,España,EUR
Plancha Vapor,Accesorios,ProGear,5,17.28,2.01,3.63,2024-02-25,Distribuidor,Italia,EUR
Colchoneta Yoga,Video,MegaStore,1,489.66,69.18,102.83,2024-12-22,Online,Alemania,EUR
Monitor 27,Video,ProGear,3,926.45,65.61,194.55,2024-02-19,Tienda,España,EUR
Ventilador Turbo,Audio,TechCorp,3,952.68,23.46,200.06,2024-06-02,Tienda,Italia,EUR
Smartphone Mini,Accesorios,HomePlus,2,1588.9,172.72,333.67,2024-01-07,Online,España,EUR
Plancha Vapor,Audio,TechCorp,1,644.34,49.95,135.31,2024-09-30,Tienda,España,EUR
Monitor 32,Accesorios,SportWorld,3,532.12,3.46,111.75,2024-08-17,Distribuidor,Francia,EUR
Webcam FullHD,Moda,ProGear,2,548.03,12.85,115.09,2024-03-25,Online,Alemania,EUR
Barra de Sonido,Audio,Distribuciones Europa,2,1391.4,117.11,292.19,2024-12-11,Distribuidor,Italia,EUR
Pantalón Trekking,Audio,Distribuciones Europa,2,508.44,64.3,106.77,2024-10-15,Tienda,Portugal,EUR
Drone Mini,Oficina,HomePlus,1,974.15,68.23,204.57,2024-05-28,Tienda,España,EUR
Mochila Travel,Electrónica,HomePlus,4,543.42,36.67,114.12,2024-09-15,Online,Portugal,EUR
Batidora Pro,Video,MegaStore,2,243.96,22.67,51.23,2024-02-13,Online,Portugal,EUR
TV 55,Hogar,GlobalTech,2,1461.28,120.77,306.87,2024-04-04,Distribuidor,Portugal,EUR
Mochila Travel,Deportes,SportWorld,4,380.72,6.24,79.95,2024-04-02,Tienda,Alemania,EUR
Tablet Plus,Hogar,MegaStore,4,564.88,57.17,118.62,2024-02-07,Tienda,Portugal,EUR
Barra de Sonido,Moda,FashionCorp,1,926.13,28.63,194.49,2024-06-19,Online,Portugal,EUR
Mouse Gamer,Accesorios,HomePlus,5,371.88,49.78,78.09,2024-12-23,Tienda,Alemania,EUR
Ventilador Turbo,Accesorios,HomePlus,1,2003.88,116.58,420.81,2024-12-19,Tienda,Italia,EUR
Casco Bicicleta,Video,SportWorld,3,32.97,2.71,6.92,2024-01-02,Tienda,Portugal,EUR
Monitor 32,Video,TechCorp,2,109.79,9.75,23.06,2024-12-26,Tienda,Portugal,EUR
Pelota Fitness,Accesorios,ProGear,1,612.83,36.79,128.69,2024-04-11,Online,España,EUR
Cafetera Automática,Moda,SportWorld,3,1351.85,170.54,283.89,2024-09-25,Online,Italia,EUR
Laptop Air,Video,HomePlus,1,342.29,7.56,71.88,2024-12-01,Distribuidor,España,EUR
Pantalón Trekking,Oficina,HomePlus,1,149.48,20.03,31.39,2024-07-14,Tienda,Alemania,EUR
Guantes Gym,Hogar,SportWorld,1,895.08,111.81,187.97,2024-09-28,Distribuidor,Alemania,EUR
Impresora Laser,Deportes,Distribuciones Europa,2,866.56,117.12,181.98,2024-09-30,Tienda,Italia,EUR
Guantes Gym,Hogar,GlobalTech,1,1328.73,137.62,279.03,2024-10-16,Distribuidor,Portugal,EUR
Mouse Gamer,Audio,HomePlus,3,504.01,32.17,105.84,2024-02-08,Tienda,Alemania,EUR
Guantes Gym,Accesorios,MegaStore,1,207.1,0.45,43.49,2024-11-26,Distribuidor,España,EUR
SSD 1TB,Video,TechCorp,4,206.55,11.06,43.38,2024-10-15,Online,Francia,EUR
Barra de Sonido,Moda,Distribuciones Europa,2,369.52,23.5,77.6,2024-12-07,Distribuidor,Italia,EUR
Auriculares Bluetooth,Electrónica,MegaStore,2,389.68,39.27,81.83,2024-05-14,Online,Francia,EUR
Refrigerador Mini,Electrónica,FashionCorp,4,1536.6,217.69,322.69,2024-03-29,Distribuidor,Alemania,EUR
Lámpara LED,Audio,HomePlus,5,379.46,53.25,79.69,2024-01-04,Tienda,España,EUR
Ventilador Turbo,Video,TechCorp,4,495.62,17.75,104.08,2024-01-15,Online,Italia,EUR
Set Mancuernas,Moda,SportWorld,1,608.67,14.63,127.82,2024-04-01,Tienda,España,EUR
Tostadora,Oficina,MegaStore,3,893.0,41.15,187.53,2024-11-09,Tienda,Italia,EUR
Batidora Pro,Accesorios,TechCorp,4,1422.91,33.85,298.81,2024-09-28,Distribuidor,Francia,EUR
SSD 1TB,Oficina,SportWorld,2,799.88,58.38,167.97,2024-09-02,Online,Portugal,EUR
Auriculares Bluetooth,Audio,GlobalTech,4,771.15,21.14,161.94,2024-05-05,Distribuidor,España,EUR
Pelota Fitness,Audio,FashionCorp,1,648.15,25.54,136.11,2024-11-16,Online,Italia,EUR
Cámara HD,Moda,ProGear,3,728.57,69.86,153.0,2024-05-28,Online,Alemania,EUR
Auriculares Bluetooth,Moda,ProGear,2,230.89,10.98,48.49,2024-08-01,Tienda,Italia,EUR
Aspiradora Robot,Hogar,FashionCorp,5,921.06,64.06,193.42,2024-04-12,Online,Alemania,EUR
Proyector HD,Deportes,FashionCorp,2,926.77,99.83,194.62,2024-12-06,Tienda,España,EUR
Pantalón Trekking,Video,Distribuciones Europa,5,787.74,58.86,165.43,2024-02-27,Online,Francia,EUR
Tostadora,Accesorios,ElectroMax,2,1270.43,116.39,266.79,2024-09-03,Distribuidor,Italia,EUR
Plancha Vapor,Audio,Distribuciones Europa,1,1063.5,66.75,223.33,2024-08-14,Tienda,España,EUR
Webcam FullHD,Accesorios,Distribuciones Europa,4,1770.66,103.02,371.84,2024-12-17,Online,Francia,EUR
PowerBank 20k,Accesorios,MegaStore,1,936.0,107.13,196.56,2024-12-24,Online,Francia,EUR
Mochila Travel,Electrónica,SportWorld,3,92.75,13.31,19.48,2024-09-05,Online,Alemania,EUR
Monitor 27,Electrónica,ElectroMax,5,554.08,37.71,116.36,2024-03-28,Online,Francia,EUR
Impresora Laser,Hogar,Distribuciones Europa,1,382.2,5.85,80.26,2024-01-19,Tienda,Portugal,EUR
PowerBank 20k,Audio,TechCorp,1,1073.2,89.09,225.37,2024-04-17,Distribuidor,Francia,EUR
Lámpara LED,Moda,Distribuciones Europa,1,920.03,3.19,193.21,2024-05-06,Distribuidor,Francia,EUR
Set Mancuernas,Audio,Distribuciones Europa,4,845.16,29.6,177.48,2024-01-25,Tienda,Portugal,EUR
Smartphone Mini,Electrónica,TechCorp,5,26.75,1.84,5.62,2024-04-06,Tienda,Alemania,EUR
Monitor 27,Accesorios,Distribuciones Europa,2,255.06,36.06,53.56,2024-05-04,Distribuidor,Francia,EUR
Set Mancuernas,Deportes,ProGear,2,243.98,19.48,51.24,2024-12-29,Distribuidor,Alemania,EUR
Silla Gamer,Video,ProGear,1,198.42,5.64,41.67,2024-03-19,Tienda,Francia,EUR
Mouse Gamer,Audio,ProGear,1,262.23,38.07,55.07,2024-03-02,Distribuidor,Alemania,EUR
Tablet Plus,Oficina,Distribuciones Europa,5,953.62,67.25,200.26,2024-11-04,Online,España,EUR
Barra de Sonido,Audio,TechCorp,2,1571.19,53.08,329.95,2024-12-10,Tienda,Italia,EUR
Ventilador Turbo,Video,Distribuciones Europa,1,96.02,2.36,20.16,2024-05-13,Online,Portugal,EUR
Plancha Vapor,Electrónica,SportWorld,1,1258.39,172.36,264.26,2024-11-24,Tienda,Italia,EUR
Mochila Travel,Audio,ProGear,1,963.48,118.53,202.33,2024-08-10,Online,Francia,EUR
Webcam FullHD,Deportes,Distribuciones Europa,3,595.2,13.5,124.99,2024-06-17,Tienda,Italia,EUR
TV 65,Oficina,ProGear,2,1101.19,147.74,231.25,2024-08-10,Online,Portugal,EUR
PowerBank 20k,Audio,SportWorld,3,1622.68,121.27,340.76,2024-09-27,Tienda,Francia,EUR
Drone Mini,Accesorios,FashionCorp,1,394.73,47.02,82.89,2024-05-08,Online,Francia,EUR
Guantes Gym,Deportes,FashionCorp,3,1227.86,131.28,257.85,2024-09-04,Online,Alemania,EUR
Zapatillas Running,Electrónica,TechCorp,5,851.82,12.98,178.88,2024-05-20,Online,Italia,EUR
Guantes Gym,Moda,ProGear,4,348.49,4.52,73.18,2024-07-17,Online,España,EUR
Mouse Gamer,Audio,MegaStore,2,879.23,25.44,184.64,2024-07-14,Distribuidor,Italia,EUR
Smartwatch,Oficina,Distribuciones Europa,2,1168.7,73.79,245.43,2024-08-31,Online,Alemania,EUR
Auriculares Bluetooth,Oficina,HomePlus,3,403.52,59.38,84.74,2024-10-24,Online,Alemania,EUR
Tablet Plus,Video,ProGear,2,640.53,6.85,134.51,2024-06-17,Online,España,EUR
Cargador USB-C,Hogar,LogiTech,1,59.92,0.24,12.58,2024-07-09,Distribuidor,Alemania,EUR
Refrigerador Mini,Accesorios,MegaStore,5,1110.61,63.59,233.23,2024-08-04,Distribuidor,Alemania,EUR
Smartphone Mini,Hogar,ProGear,3,385.77,36.5,81.01,2024-02-06,Online,Francia,EUR
Cámara HD,Oficina,HomePlus,4,174.05,13.51,36.55,2024-07-17,Tienda,Portugal,EUR
Ventilador Turbo,Moda,FashionCorp,2,1022.51,8.64,214.73,2024-02-06,Online,Portugal,EUR
Memoria RAM 16GB,Oficina,SportWorld,4,706.1,37.53,148.28,2024-08-28,Distribuidor,Alemania,EUR
Barra de Sonido,Accesorios,FashionCorp,4,1388.79,104.4,291.65,2024-02-14,Distribuidor,Italia,EUR
Auriculares Bluetooth,Audio,ElectroMax,4,762.51,60.13,160.13,2024-05-06,Online,España,EUR
Altavoz Bluetooth,Deportes,GlobalTech,2,694.98,46.6,145.95,2024-02-16,Online,Portugal,EUR
Mouse Gamer,Deportes,ProGear,4,858.21,79.18,180.22,2024-09-21,Online,España,EUR
Smartphone X,Video,TechCorp,3,1087.26,33.57,228.32,2024-08-06,Tienda,Alemania,EUR
Cargador USB-C,Accesorios,HomePlus,4,666.26,96.85,139.91,2024-08-23,Tienda,Italia,EUR
Auriculares Bluetooth,Oficina,TechCorp,1,1376.3,187.97,289.02,2024-10-13,Tienda,Francia,EUR
Lámpara LED,Audio,ElectroMax,3,1488.28,130.51,312.54,2024-01-19,Tienda,Alemania,EUR
Smartphone X,Hogar,MegaStore,4,958.55,130.28,201.3,2024-06-15,Distribuidor,España,EUR
Webcam FullHD,Hogar,LogiTech,4,404.97,37.76,85.04,2024-05-12,Distribuidor,Francia,EUR
Guantes Gym,Accesorios,FashionCorp,5,665.04,72.82,139.66,2024-02-04,Tienda,España,EUR
TV 65,Video,MegaStore,4,638.54,28.57,134.09,2024-06-24,Online,Alemania,EUR
Memoria RAM 16GB,Hogar,ElectroMax,2,311.57,9.73,65.43,2024-09-04,Distribuidor,Francia,EUR
Batidora Pro,Audio,ProGear,4,1155.37,90.59,242.63,2024-05-28,Distribuidor,Francia,EUR
Mochila Travel,Electrónica,ElectroMax,5,1146.39,58.54,240.74,2024-05-05,Distribuidor,Francia,EUR
Tostadora,Video,HomePlus,4,10.3,1.04,2.16,2024-07-18,Online,Italia,EUR
Pelota Fitness,Deportes,Distribuciones Europa,5,597.44,82.5,125.46,2024-01-12,Online,Alemania,EUR
Refrigerador Mini,Moda,FashionCorp,5,336.43,8.37,70.65,2024-12-04,Tienda,España,EUR
Lámpara LED,Accesorios,LogiTech,5,1147.24,64.75,240.92,2024-02-03,Online,Alemania,EUR
Silla Gamer,Moda,MegaStore,5,34.99,3.65,7.35,2024-08-07,Online,Portugal,EUR
Laptop Pro,Electrónica,HomePlus,5,2071.8,258.9,435.08,2024-12-11,Distribuidor,Italia,EUR
Casco Bicicleta,Audio,Distribuciones Europa,1,101.11,2.35,21.23,2024-10-08,Tienda,España,EUR
Aspiradora Robot,Oficina,ProGear,2,2020.41,115.18,424.29,2024-11-30,Online,Portugal,EUR
Webcam FullHD,Deportes,MegaStore,2,1292.81,72.05,271.49,2024-11-14,Tienda,Italia,EUR
Smartwatch,Deportes,TechCorp,2,1069.08,100.4,224.51,2024-02-12,Distribuidor,España,EUR
Monitor 32,Hogar,SportWorld,3,804.82,30.68,169.01,2024-02-07,Online,España,EUR
Monitor 27,Electrónica,FashionCorp,3,1100.08,42.65,231.02,2024-02-05,Distribuidor,Italia,EUR
Refrigerador Mini,Moda,LogiTech,5,578.29,68.76,121.44,2024-09-27,Online,Francia,EUR
Set Mancuernas,Video,LogiTech,2,763.65,110.67,160.37,2024-07-03,Tienda,Alemania,EUR
Casco Bicicleta,Video,GlobalTech,4,627.41,2.59,131.76,2024-08-08,Tienda,Francia,EUR
Tablet Plus,Video,ProGear,5,109.63,0.31,23.02,2024-09-30,Online,España,EUR
Cámara HD,Oficina,ProGear,4,694.15,88.4,145.77,2024-08-18,Tienda,Portugal,EUR
Escritorio Oficina,Accesorios,GlobalTech,1,914.06,73.19,191.95,2024-07-04,Distribuidor,España,EUR
Smartwatch,Hogar,LogiTech,1,170.69,16.9,35.84,2024-09-08,Tienda,España,EUR
Drone Mini,Electrónica,TechCorp,2,1360.48,99.1,285.7,2024-03-07,Distribuidor,España,EUR
Cargador USB-C,Video,HomePlus,4,228.03,18.55,47.89,2024-04-23,Distribuidor,Portugal,EUR
Barra de Sonido,Video,SportWorld,1,201.67,5.45,42.35,2024-02-04,Distribuidor,España,EUR
Zapatillas Running,Video,HomePlus,3,32.8,0.43,6.89,2024-08-30,Distribuidor,Italia,EUR
Escritorio Oficina,Audio,TechCorp,5,373.51,27.83,78.44,2024-10-29,Distribuidor,Portugal,EUR
Mochila Travel,Hogar,SportWorld,1,699.54,88.76,146.9,2024-09-17,Distribuidor,Francia,EUR
Zapatillas Running,Deportes,MegaStore,5,1280.73,33.33,268.95,2024-05-28,Online,Francia,EUR
Smartphone Mini,Hogar,Distribuciones Europa,1,1951.85,176.83,409.89,2024-12-16,Distribuidor,España,EUR
Monitor 27,Audio,MegaStore,2,270.24,23.94,56.75,2024-10-03,Tienda,Portugal,EUR
Set Mancuernas,Electrónica,TechCorp,5,46.43,5.93,9.75,2024-05-26,Distribuidor,Italia,EUR
Aspiradora Robot,Moda,LogiTech,2,1621.56,181.99,340.53,2024-12-11,Online,Alemania,EUR
Monitor 32,Video,LogiTech,4,784.77,82.85,164.8,2024-08-22,Online,Francia,EUR
Smartphone X,Oficina,MegaStore,3,285.12,32.28,59.88,2024-12-26,Online,Portugal,EUR
Refrigerador Mini,Electrónica,TechCorp,5,281.59,6.94,59.13,2024-10-02,Tienda,España,EUR
Drone Mini,Electrónica,Distribuciones Europa,5,111.69,16.6,23.45,2024-04-16,Distribuidor,Francia,EUR
Pantalón Trekking,Accesorios,SportWorld,5,1105.69,32.49,232.19,2024-08-09,Tienda,Portugal,EUR
Ventilador Turbo,Oficina,TechCorp,5,674.84,46.18,141.72,2024-12-21,Distribuidor,Portugal,EUR
Mouse Gamer,Video,SportWorld,4,1249.7,163.08,262.44,2024-01-19,Online,Italia,EUR
Router WiFi,Oficina,Distribuciones Europa,5,820.54,91.64,172.31,2024-05-25,Online,Alemania,EUR
Proyector HD,Accesorios,HomePlus,5,940.1,6.76,197.42,2024-05-01,Tienda,España,EUR
Proyector HD,Audio,TechCorp,3,386.1,16.59,81.08,2024-02-11,Tienda,Francia,EUR
Ventilador Turbo,Oficina,TechCorp,5,988.81,79.21,207.65,2024-07-16,Tienda,Francia,EUR
Cafetera Automática,Electrónica,Distribuciones Europa,5,1090.15,58.88,228.93,2024-06-14,Online,España,EUR
Ventilador Turbo,Accesorios,LogiTech,3,761.34,45.14,159.88,2024-05-06,Tienda,Alemania,EUR
PowerBank 20k,Video,TechCorp,3,1254.67,21.2,263.48,2024-10-08,Online,Francia,EUR
PowerBank 20k,Electrónica,SportWorld,2,1383.1,22.65,290.45,2024-12-05,Distribuidor,Portugal,EUR
Laptop Air,Audio,MegaStore,5,735.96,18.86,154.55,2024-11-25,Online,Italia,EUR
PowerBank 20k,Audio,GlobalTech,5,1066.68,133.16,224.0,2024-07-14,Tienda,Portugal,EUR
Ventilador Turbo,Audio,FashionCorp,4,1235.18,57.79,259.39,2024-10-22,Online,Alemania,EUR
Reloj Deportivo,Video,MegaStore,1,604.91,66.8,127.03,2024-03-13,Distribuidor,Francia,EUR
Guantes Gym,Oficina,SportWorld,4,367.61,16.69,77.2,2024-02-08,Distribuidor,Francia,EUR
